Monat,Tag im Monat,Stunde,"Luft-tempe-ratur

[°C]","relative Luft-feuchtig-keit
[%]","Wind-geschwindigkeit

[m/s]","Wind-richtung
[°]
0=Nord
90=Ost","Direkt-normal-strahlung

[W/m2]","Diffus-strahlung hori-zontal
[W/m2]","Global-strahlung hori-zontal
[W/m2]","Luftdruck

[hPa]"
1,1,1,27.2,97,0.5,218,0,0,0,1006
1,1,2,28.2,90,0.3,207,0,0,0,1006
1,1,3,28,89,0.3,249,0,0,0,1006
1,1,4,27.9,89,0.3,265,0,0,0,1006
1,1,5,27.8,88,0.3,218,0,0,0,1006
1,1,6,27.7,86,0.3,207,0,0,0,1006
1,1,7,27.7,88,0.3,231,0,3,3,1006
1,1,8,28.4,81,0.5,237,0,69,69,1006
1,1,9,28.8,81,0.3,214,0,119,119,1006
1,1,10,29.4,88,0.6,253,3,190,192,1006
1,1,11,30,88,0.5,185,10,265,273,1006
1,1,12,30.3,76,0.5,271,2,218,220,1006
1,1,13,30.5,74,0.5,235,2,213,215,1006
1,1,14,30.6,73,0.6,148,2,232,233,1006
1,1,15,30.6,74,0.5,190,1,170,171,1006
1,1,16,30.5,85,0.6,221,0,159,159,1006
1,1,17,30.3,88,0.6,171,0,124,124,1006
1,1,18,29.8,91,0.6,200,0,37,37,1007
1,1,19,29.1,91,0.5,187,0,1,1,1007
1,1,20,29.1,91,0.5,236,0,0,0,1007
1,1,21,28.5,91,0.6,249,0,0,0,1007
1,1,22,28.2,91,0.5,210,0,0,0,1007
1,1,23,27.9,88,0.3,220,0,0,0,1007
1,1,24,27.6,91,0.3,216,0,0,0,1007
1,2,1,27.2,91,0.3,247,0,0,0,1008
1,2,2,26.8,91,0.5,220,0,0,0,1008
1,2,3,26.4,91,0.6,235,0,0,0,1008
1,2,4,26.2,91,0.6,155,0,0,0,1008
1,2,5,26,91,0.6,187,0,0,0,1008
1,2,6,25.8,92,0.6,170,0,0,0,1008
1,2,7,25.9,92,0.6,187,0,4,4,1009
1,2,8,26.7,91,0.5,164,21,85,90,1009
1,2,9,27.7,88,0.5,219,28,202,214,1009
1,2,10,28.9,74,0.5,226,107,310,378,1009
1,2,11,29.9,71,0.5,192,93,371,443,1009
1,2,12,30.5,71,0.5,256,28,395,419,1009
1,2,13,31.1,69,0.5,221,40,446,481,1009
1,2,14,31.5,67,0.6,241,68,418,476,1010
1,2,15,31.7,69,0.5,195,68,362,414,1010
1,2,16,31.5,71,0.6,202,33,260,280,1010
1,2,17,31.3,72,0.5,201,140,182,240,1010
1,2,18,30.8,76,0.5,231,155,98,127,1011
1,2,19,30.1,75,0.3,242,0,3,3,1011
1,2,20,29.4,80,0.3,213,0,0,0,1011
1,2,21,28.7,86,0.2,243,0,0,0,1011
1,2,22,28.1,90,0.2,245,0,0,0,1011
1,2,23,27.4,90,0.1,267,0,0,0,1012
1,2,24,26.8,93,0.1,323,0,0,0,1012
1,3,1,26.2,96,0,299,0,0,0,1012
1,3,2,25.6,97,0,305,0,0,0,1012
1,3,3,25,97,0.1,302,0,0,0,1012
1,3,4,24.7,98,0.1,306,0,0,0,1013
1,3,5,24.4,99,0,309,0,0,0,1013
1,3,6,24.2,100,0,306,0,0,0,1013
1,3,7,24.2,100,0,308,0,3,3,1013
1,3,8,25.5,100,0,300,197,102,148,1014
1,3,9,27.2,96,0,306,465,149,358,1014
1,3,10,28.9,87,0.1,282,560,205,561,1014
1,3,11,30.6,78,0.2,283,626,237,724,1014
1,3,12,32,73,0.5,205,624,288,828,1014
1,3,13,33,70,0.6,225,633,300,864,1015
1,3,14,33.7,69,0.6,194,624,281,815,1015
1,3,15,34,68,0.6,235,583,255,697,1014
1,3,16,33.9,66,0.6,249,506,213,521,1014
1,3,17,33.2,68,1,232,404,149,316,1014
1,3,18,32.1,73,1,204,185,75,110,1014
1,3,19,30.9,79,0.6,120,0,0,0,1014
1,3,20,30.2,83,0.2,157,0,0,0,1014
1,3,21,29.4,87,0.1,194,0,0,0,1014
1,3,22,28.6,90,0.1,178,0,0,0,1014
1,3,23,27.9,92,0.1,175,0,0,0,1014
1,3,24,27.1,94,0.1,160,0,0,0,1014
1,4,1,26.5,95,0.1,188,0,0,0,1014
1,4,2,25.8,96,0.1,195,0,0,0,1014
1,4,3,25.1,95,0.2,167,0,0,0,1014
1,4,4,24.8,96,0.3,153,0,0,0,1014
1,4,5,24.4,98,0.1,167,0,0,0,1014
1,4,6,24.2,98,0.1,65,0,0,0,1013
1,4,7,24.2,98,0,168,0,6,6,1013
1,4,8,25.3,96,0.1,236,154,90,125,1013
1,4,9,26.3,93,0.1,228,71,209,241,1013
1,4,10,27.4,89,0.2,216,88,313,369,1013
1,4,11,28.4,86,0.5,229,117,378,469,1013
1,4,12,29.6,81,0.6,216,218,435,623,1013
1,4,13,30.3,79,1,217,178,456,614,1013
1,4,14,31.4,77,0.8,258,611,308,831,1013
1,4,15,32.1,73,0.8,212,638,278,762,1013
1,4,16,32.3,72,0.8,269,543,243,574,1013
1,4,17,31.9,71,0.8,267,390,185,348,1013
1,4,18,31.1,77,0.8,227,160,97,128,1013
1,4,19,30.1,84,0.5,220,0,5,5,1013
1,4,20,29.4,88,0.2,200,0,0,0,1013
1,4,21,28.7,90,0.1,214,0,0,0,1013
1,4,22,28,91,0.1,227,0,0,0,1013
1,4,23,27.3,92,0.1,232,0,0,0,1012
1,4,24,26.6,96,0.1,211,0,0,0,1012
1,5,1,26.1,92,0.1,199,0,0,0,1012
1,5,2,25.5,93,0.1,174,0,0,0,1012
1,5,3,24.9,94,0.2,142,0,0,0,1012
1,5,4,24.6,94,0.2,186,0,0,0,1012
1,5,5,24.3,95,0.1,240,0,0,0,1012
1,5,6,24.1,97,0.1,178,0,0,0,1012
1,5,7,24.1,97,0.1,190,0,1,1,1012
1,5,8,24.9,94,0.1,181,42,86,95,1012
1,5,9,26.3,91,0.1,277,142,221,284,1012
1,5,10,27.5,87,0.2,235,158,315,415,1012
1,5,11,28.5,81,0.3,220,111,377,463,1012
1,5,12,29.5,79,0.6,200,188,438,601,1012
1,5,13,30.6,73,0.8,212,371,429,760,1012
1,5,14,31.1,73,1,219,235,427,628,1012
1,5,15,31.4,72,1,214,197,412,562,1011
1,5,16,31.4,72,1,228,257,291,448,1011
1,5,17,31,72,1.2,236,152,208,272,1011
1,5,18,30.1,72,1.2,191,98,81,100,1011
1,5,19,29.2,75,0.8,163,0,1,1,1011
1,5,20,28.7,79,0.3,162,0,0,0,1010
1,5,21,28.3,82,0.2,209,0,0,0,1010
1,5,22,27.8,82,0.1,194,0,0,0,1010
1,5,23,27.4,82,0.1,170,0,0,0,1010
1,5,24,26.9,84,0.1,168,0,0,0,1010
1,6,1,26.6,83,0.5,183,0,0,0,1009
1,6,2,26.3,81,0.5,105,0,0,0,1009
1,6,3,26,81,0.5,91,0,0,0,1009
1,6,4,25.9,81,0.5,94,0,0,0,1009
1,6,5,25.8,83,0.5,163,0,0,0,1009
1,6,6,25.6,88,0.5,147,0,0,0,1008
1,6,7,25.5,88,0.5,169,0,1,1,1008
1,6,8,26.1,88,0.5,183,0,56,56,1008
1,6,9,26.8,88,0.5,144,0,135,135,1008
1,6,10,27.4,88,0.3,160,5,206,210,1007
1,6,11,28.1,76,0.5,259,11,263,271,1007
1,6,12,28.6,73,0.5,261,15,312,324,1007
1,6,13,29.1,74,0.6,204,16,332,346,1007
1,6,14,29.4,85,0.8,165,15,309,321,1007
1,6,15,29.5,77,0.8,91,11,274,282,1007
1,6,16,29.5,75,0.8,28,6,208,212,1008
1,6,17,28.8,89,0.5,109,0,134,134,1008
1,6,18,28.9,88,0.3,255,0,55,55,1008
1,6,19,28.4,88,0.3,221,0,1,1,1008
1,6,20,27.9,88,0.2,215,0,0,0,1009
1,6,21,27.3,88,0.2,258,0,0,0,1009
1,6,22,26.8,88,0.2,254,0,0,0,1009
1,6,23,26.3,88,0.2,288,0,0,0,1009
1,6,24,25.7,88,0.1,300,0,0,0,1010
1,7,1,25.2,88,0,301,0,0,0,1010
1,7,2,24.7,90,0,304,0,0,0,1010
1,7,3,24.1,92,0.1,309,0,0,0,1011
1,7,4,23.8,87,0.1,333,0,0,0,1011
1,7,5,23.6,90,0,273,0,0,0,1011
1,7,6,23.4,90,0,301,0,0,0,1011
1,7,7,23.4,92,0,308,0,1,1,1012
1,7,8,24.4,90,0,302,126,88,117,1012
1,7,9,25.9,87,0,270,304,181,317,1012
1,7,10,27.4,84,0.1,292,314,281,479,1012
1,7,11,28.8,79,0.2,272,386,344,644,1013
1,7,12,30.2,76,0.3,318,515,340,786,1013
1,7,13,31.3,75,0.3,237,545,349,836,1013
1,7,14,31.9,70,0.6,280,389,393,727,1013
1,7,15,32.1,71,0.6,266,240,394,577,1013
1,7,16,31.8,71,0.5,245,164,302,403,1013
1,7,17,31.1,74,0.6,260,142,210,270,1012
1,7,18,30.2,80,0.5,257,141,84,112,1012
1,7,19,29.2,87,0.2,236,0,2,2,1012
1,7,20,28.7,90,0.2,222,0,0,0,1012
1,7,21,28.2,90,0.1,223,0,0,0,1012
1,7,22,27.7,91,0,197,0,0,0,1011
1,7,23,27.2,92,0,217,0,0,0,1011
1,7,24,26.7,94,0,230,0,0,0,1011
1,8,1,26.3,91,0.1,240,0,0,0,1011
1,8,2,25.9,92,0.1,190,0,0,0,1011
1,8,3,25.6,93,0.1,234,0,0,0,1010
1,8,4,25.4,92,0.1,219,0,0,0,1010
1,8,5,25.2,95,0.1,236,0,0,0,1010
1,8,6,25.1,99,0,249,0,0,0,1010
1,8,7,25.1,99,0,303,0,3,3,1010
1,8,8,25.9,97,0,302,111,89,114,1009
1,8,9,27.4,92,0,304,393,209,383,1009
1,8,10,28.8,85,0,268,515,232,559,1009
1,8,11,29.6,81,0.1,241,230,377,556,1009
1,8,12,30.1,81,0.1,193,101,428,516,1009
1,8,13,30.2,82,0.1,220,25,382,405,1008
1,8,14,30,85,0.2,163,11,278,288,1008
1,8,15,29.2,85,0.1,161,0,57,57,1008
1,8,16,28.6,86,0.1,194,0,79,79,1008
1,8,17,28.1,88,0.1,197,0,51,51,1008
1,8,18,27.6,89,0.1,189,0,34,34,1008
1,8,19,27.2,88,0.1,170,0,1,1,1008
1,8,20,27,90,0.1,167,0,0,0,1008
1,8,21,26.7,91,0.1,248,0,0,0,1008
1,8,22,26.5,93,0.2,221,0,0,0,1008
1,8,23,26.3,95,0.2,161,0,0,0,1008
1,8,24,26,96,0.2,160,0,0,0,1008
1,9,1,25.8,100,0.2,63,0,0,0,1008
1,9,2,25.5,100,0.2,166,0,0,0,1008
1,9,3,25.3,99,0.2,133,0,0,0,1008
1,9,4,25.2,98,0.2,125,0,0,0,1008
1,9,5,25,97,0.2,145,0,0,0,1008
1,9,6,25,97,0.2,144,0,0,0,1008
1,9,7,25,98,0.2,188,0,1,1,1008
1,9,8,25.3,98,0.2,166,0,42,42,1008
1,9,9,26,98,0.2,165,1,149,149,1008
1,9,10,26.9,90,0.2,195,40,281,306,1008
1,9,11,28.3,87,0.3,165,246,374,566,1008
1,9,12,29.4,82,0.3,151,277,446,687,1008
1,9,13,29.6,79,0.2,196,20,359,377,1008
1,9,14,29.7,78,0.2,221,14,321,333,1008
1,9,15,29.4,78,0.2,218,1,171,172,1008
1,9,16,28.7,84,0.2,234,0,42,42,1008
1,9,17,28.2,85,0.2,195,0,26,26,1008
1,9,18,27.7,86,0.3,200,0,10,10,1008
1,9,19,27.3,89,0.3,153,0,1,1,1008
1,9,20,27.1,91,0.3,153,0,0,0,1008
1,9,21,26.9,94,0.3,182,0,0,0,1008
1,9,22,26.6,98,0.3,166,0,0,0,1008
1,9,23,26.5,99,0.3,181,0,0,0,1008
1,9,24,26.1,99,0.3,219,0,0,0,1008
1,10,1,26,99,0.3,213,0,0,0,1008
1,10,2,25.7,99,0.5,216,0,0,0,1008
1,10,3,25.4,99,0.3,174,0,0,0,1008
1,10,4,25.1,98,0.2,267,0,0,0,1008
1,10,5,25.1,99,0.3,236,0,0,0,1008
1,10,6,25,99,0.3,229,0,0,0,1008
1,10,7,25,99,0.3,192,0,1,1,1008
1,10,8,25.6,99,0.3,222,0,65,65,1008
1,10,9,26.4,96,0.3,201,5,159,161,1008
1,10,10,27.1,91,0.5,236,9,232,238,1008
1,10,11,27.9,90,0.6,150,21,314,330,1008
1,10,12,28.5,86,0.6,42,22,358,377,1008
1,10,13,29.1,86,0.6,160,26,385,408,1008
1,10,14,29.4,84,0.8,39,24,363,383,1008
1,10,15,29.7,83,1,7,25,340,358,1008
1,10,16,29.7,83,1,356,19,260,272,1009
1,10,17,29.4,86,1,358,0,140,140,1009
1,10,18,28.9,86,1.4,310,0,58,58,1009
1,10,19,28.3,88,1.4,348,0,1,1,1009
1,10,20,27.8,92,1.2,353,0,0,0,1010
1,10,21,27.2,95,1,0,0,0,0,1010
1,10,22,26.6,95,0.8,38,0,0,0,1010
1,10,23,26.1,91,0.8,190,0,0,0,1010
1,10,24,25.5,89,1,168,0,0,0,1011
1,11,1,24.9,89,0.3,192,0,0,0,1011
1,11,2,24.3,91,0.3,188,0,0,0,1011
1,11,3,23.7,92,1,199,0,0,0,1011
1,11,4,23.4,94,0.8,190,0,0,0,1012
1,11,5,23.1,95,0.2,176,0,0,0,1012
1,11,6,22.9,100,0.3,161,0,0,0,1012
1,11,7,22.9,99,0.3,129,0,3,3,1012
1,11,8,24,96,0.3,155,163,97,133,1013
1,11,9,25.5,90,0.8,162,337,174,323,1013
1,11,10,27.3,83,1.4,16,503,230,548,1013
1,11,11,28.9,78,1.8,32,578,254,704,1013
1,11,12,30.2,73,1.8,86,581,306,811,1014
1,11,13,31.3,70,2.4,188,569,330,842,1014
1,11,14,32,67,2,168,568,324,816,1014
1,11,15,32.3,67,2.7,227,522,284,686,1014
1,11,16,32.2,69,3,92,428,251,518,1014
1,11,17,31.5,70,3,18,315,172,307,1014
1,11,18,30.5,72,3,324,149,86,117,1014
1,11,19,29.3,76,2.4,358,0,1,1,1014
1,11,20,28.6,80,1.5,342,0,0,0,1014
1,11,21,27.8,84,1.2,55,0,0,0,1013
1,11,22,27.1,85,1,87,0,0,0,1013
1,11,23,26.4,87,0.8,100,0,0,0,1013
1,11,24,25.6,89,1,113,0,0,0,1013
1,12,1,25,92,1.2,42,0,0,0,1013
1,12,2,24.3,96,1,3,0,0,0,1013
1,12,3,23.5,98,1.5,310,0,0,0,1013
1,12,4,23,100,1.4,109,0,0,0,1013
1,12,5,22.5,99,0.5,174,0,0,0,1013
1,12,6,22.1,100,0.5,177,0,0,0,1013
1,12,7,21.9,100,0.6,161,0,2,2,1013
1,12,8,22.2,100,0.6,171,147,85,117,1013
1,12,9,22.7,100,0.8,197,121,219,273,1013
1,12,10,23.2,100,1.2,217,201,310,437,1013
1,12,11,23.7,96,1.5,190,242,379,568,1013
1,12,12,24.1,94,1.5,240,291,431,685,1013
1,12,13,24.4,91,2,245,293,451,714,1012
1,12,14,24.6,91,2.4,190,431,376,750,1012
1,12,15,24.6,91,2.4,221,405,328,641,1013
1,12,16,24.4,90,2.4,175,386,263,505,1013
1,12,17,23.9,95,2.4,227,190,200,282,1013
1,12,18,23.2,96,2.4,228,42,79,88,1013
1,12,19,22.5,96,1.8,252,0,1,1,1013
1,12,20,21.9,97,1.2,186,0,0,0,1013
1,12,21,21.4,100,0.6,226,0,0,0,1013
1,12,22,22.1,97,0.5,214,0,0,0,1013
1,12,23,22.1,96,0.2,218,0,0,0,1013
1,12,24,22.1,97,0.2,287,0,0,0,1013
1,13,1,22.1,98,0.2,319,0,0,0,1013
1,13,2,22,99,0.2,310,0,0,0,1013
1,13,3,22,99,0.6,284,0,0,0,1013
1,13,4,21.9,99,1,198,0,0,0,1013
1,13,5,21.9,100,0.2,206,0,0,0,1013
1,13,6,21.8,100,0.2,239,0,0,0,1013
1,13,7,21.8,100,0.3,206,0,3,3,1013
1,13,8,22.9,100,0.5,163,131,111,140,1013
1,13,9,23.9,98,0.6,184,155,205,273,1013
1,13,10,25.3,91,1.2,195,330,287,496,1013
1,13,11,26.8,87,1.5,173,498,298,685,1013
1,13,12,28,83,1.5,198,443,372,758,1013
1,13,13,28.8,81,1.8,234,383,424,768,1013
1,13,14,29.3,79,2,218,318,423,699,1013
1,13,15,29.5,75,2,204,353,353,627,1013
1,13,16,29.5,74,1.8,238,466,249,542,1013
1,13,17,29,75,1.8,184,324,196,337,1013
1,13,18,28.1,76,1.8,230,125,111,137,1013
1,13,19,27.1,80,1.5,220,0,3,3,1013
1,13,20,26.5,85,1.2,164,0,0,0,1013
1,13,21,25.9,85,0.6,167,0,0,0,1013
1,13,22,25.3,90,0.5,235,0,0,0,1012
1,13,23,24.6,90,0.5,218,0,0,0,1012
1,13,24,24,90,0.3,158,0,0,0,1012
1,14,1,23.7,92,0.8,227,0,0,0,1012
1,14,2,23.4,89,0.8,226,0,0,0,1012
1,14,3,23,92,0.5,196,0,0,0,1012
1,14,4,22.8,92,0.5,273,0,0,0,1012
1,14,5,22.6,91,0.5,260,0,0,0,1012
1,14,6,22.5,88,0.3,238,0,0,0,1012
1,14,7,22.5,88,0.2,314,0,1,1,1011
1,14,8,23.1,87,0.2,307,0,71,71,1011
1,14,9,24.1,85,0.3,287,40,192,210,1011
1,14,10,25.4,77,0.3,285,134,303,387,1011
1,14,11,26.2,77,0.3,262,46,369,405,1011
1,14,12,26.6,76,0.2,239,18,356,371,1011
1,14,13,27.2,72,0.2,291,42,433,471,1011
1,14,14,28.1,69,0.1,311,277,426,667,1011
1,14,15,28.6,67,0.1,299,317,364,610,1011
1,14,16,28.9,67,0.2,313,502,246,562,1011
1,14,17,28.9,66,0.2,271,357,214,370,1011
1,14,18,28.3,69,0.2,285,147,115,146,1011
1,14,19,27.4,70,0.2,254,0,6,6,1011
1,14,20,26.8,77,0.2,271,0,0,0,1011
1,14,21,26.3,78,0.3,203,0,0,0,1011
1,14,22,25.7,82,0.2,248,0,0,0,1011
1,14,23,25.1,84,0.3,229,0,0,0,1011
1,14,24,24.6,87,0.2,221,0,0,0,1011
1,15,1,24.1,89,0.1,196,0,0,0,1011
1,15,2,23.6,90,0.1,211,0,0,0,1011
1,15,3,23.1,90,0.3,232,0,0,0,1011
1,15,4,22.7,87,0.5,167,0,0,0,1011
1,15,5,22.4,91,0.1,156,0,0,0,1011
1,15,6,22.1,92,0.1,155,0,0,0,1011
1,15,7,22,88,0.2,103,0,1,1,1011
1,15,8,22.4,86,0.2,85,48,82,93,1011
1,15,9,23,87,0.3,40,59,203,229,1011
1,15,10,23.7,83,0.6,170,112,306,377,1011
1,15,11,24.4,84,0.8,178,171,387,520,1011
1,15,12,24.9,84,1,214,134,461,578,1011
1,15,13,25.3,84,1,219,140,466,592,1011
1,15,14,25.5,82,1.2,206,184,446,607,1011
1,15,15,25.6,84,1.5,203,203,385,543,1011
1,15,16,25.5,82,1.8,177,146,309,401,1011
1,15,17,25.1,83,1.8,132,83,210,247,1011
1,15,18,24.5,82,1.8,159,73,83,99,1012
1,15,19,23.8,83,1.5,77,0,1,1,1012
1,15,20,23.3,86,1.2,12,0,0,0,1012
1,15,21,22.9,89,0.8,7,0,0,0,1012
1,15,22,22.4,91,0.6,352,0,0,0,1012
1,15,23,21.9,93,0.6,4,0,0,0,1012
1,15,24,21.5,93,0.5,11,0,0,0,1012
1,16,1,21.6,94,0.3,85,0,0,0,1012
1,16,2,21.8,92,0.3,170,0,0,0,1013
1,16,3,22.1,89,0.8,114,0,0,0,1013
1,16,4,22.2,89,0.6,162,0,0,0,1013
1,16,5,22.3,91,0.1,231,0,0,0,1013
1,16,6,22.4,93,0.2,217,0,0,0,1013
1,16,7,22.5,96,0.2,201,0,2,2,1013
1,16,8,23.8,93,0.2,262,175,86,124,1013
1,16,9,25.5,86,0.3,239,301,175,307,1013
1,16,10,27.5,78,1,198,401,263,516,1013
1,16,11,29.4,75,1.2,187,519,289,694,1014
1,16,12,31.1,73,1.5,208,563,314,806,1014
1,16,13,32.4,68,1.8,265,547,340,835,1014
1,16,14,33.2,64,1.5,166,536,322,791,1014
1,16,15,33.7,59,1.8,192,520,289,695,1014
1,16,16,33.7,60,2,236,397,265,516,1013
1,16,17,33,64,1.8,145,197,218,305,1013
1,16,18,31.9,67,1.4,207,128,85,112,1013
1,16,19,30.7,73,1.2,222,0,1,1,1013
1,16,20,30.2,79,0.8,245,0,0,0,1013
1,16,21,29.7,81,0.3,219,0,0,0,1013
1,16,22,29.3,83,0.2,238,0,0,0,1013
1,16,23,28.8,85,0.2,199,0,0,0,1012
1,16,24,28.4,85,0.2,194,0,0,0,1012
1,17,1,27.7,85,0.6,214,0,0,0,1012
1,17,2,27,87,0.6,226,0,0,0,1012
1,17,3,26.3,88,0.6,223,0,0,0,1012
1,17,4,26,87,0.6,186,0,0,0,1012
1,17,5,25.6,89,0.6,238,0,0,0,1012
1,17,6,25.4,96,0.5,216,0,0,0,1011
1,17,7,25.3,98,0.5,202,0,1,1,1011
1,17,8,26.5,95,0.5,193,165,101,136,1011
1,17,9,27.8,90,0.6,203,189,203,286,1011
1,17,10,28.4,89,0.8,170,34,273,294,1011
1,17,11,28.7,90,0.5,160,6,245,250,1011
1,17,12,29.1,87,0.6,223,18,339,355,1011
1,17,13,29.9,86,0.6,160,110,440,540,1010
1,17,14,30.8,83,0.8,215,287,427,678,1011
1,17,15,31.4,78,1,201,322,366,618,1011
1,17,16,31.5,75,1,86,208,304,436,1011
1,17,17,31.4,73,1,74,336,183,332,1011
1,17,18,30.8,76,0.8,168,170,116,153,1011
1,17,19,30,78,0.8,172,0,8,8,1011
1,17,20,29.3,82,0.6,254,0,0,0,1012
1,17,21,28.5,83,0.6,210,0,0,0,1012
1,17,22,27.8,85,0.8,216,0,0,0,1012
1,17,23,27.1,89,1,186,0,0,0,1012
1,17,24,26.4,89,0.8,174,0,0,0,1012
1,18,1,25.9,94,0.3,185,0,0,0,1012
1,18,2,25.3,95,0.2,173,0,0,0,1012
1,18,3,24.8,99,0.8,233,0,0,0,1013
1,18,4,24.5,100,0.5,243,0,0,0,1013
1,18,5,24.2,100,0.1,258,0,0,0,1013
1,18,6,24,100,0.1,256,0,0,0,1013
1,18,7,24,100,0.1,220,0,1,1,1013
1,18,8,25.2,96,0.2,248,175,90,127,1013
1,18,9,26.7,91,0.2,209,350,167,320,1013
1,18,10,28.5,81,0.5,209,453,248,535,1014
1,18,11,30.2,73,1.2,213,560,274,712,1014
1,18,12,31.7,68,1.5,237,569,330,828,1014
1,18,13,32.8,65,1.8,141,596,302,844,1014
1,18,14,33.5,61,1.8,171,546,321,800,1014
1,18,15,33.8,59,2,190,522,290,700,1014
1,18,16,33.8,60,2.4,141,426,259,531,1014
1,18,17,33.1,61,2.4,22,304,181,316,1014
1,18,18,32,65,2,172,179,85,124,1014
1,18,19,30.9,68,1.5,101,0,1,1,1014
1,18,20,30.2,73,1.4,165,0,0,0,1014
1,18,21,29.5,77,0.8,63,0,0,0,1014
1,18,22,28.8,78,0.8,54,0,0,0,1014
1,18,23,28.1,81,0.8,343,0,0,0,1014
1,18,24,27.4,86,0.8,5,0,0,0,1014
1,19,1,26.8,86,0.8,326,0,0,0,1014
1,19,2,26.2,87,0.6,340,0,0,0,1014
1,19,3,25.6,92,1.2,86,0,0,0,1014
1,19,4,25.3,91,1.2,183,0,0,0,1014
1,19,5,25,91,0.5,149,0,0,0,1014
1,19,6,24.7,94,0.5,111,0,0,0,1014
1,19,7,24.8,95,0.6,148,0,2,2,1014
1,19,8,25.9,91,0.6,81,169,88,123,1014
1,19,9,27.3,86,1,129,184,222,302,1014
1,19,10,28.9,73,1.5,82,339,274,488,1014
1,19,11,30.4,68,2,46,391,345,650,1014
1,19,12,31.6,66,3,25,285,428,677,1014
1,19,13,32.5,63,3.5,17,372,418,756,1014
1,19,14,33.4,59,3.5,5,494,352,786,1014
1,19,15,33.9,59,3.5,37,596,265,734,1014
1,19,16,34,58,3.5,74,563,227,587,1014
1,19,17,33.6,58,3.5,93,409,183,366,1014
1,19,18,32.6,63,3.5,176,179,107,147,1014
1,19,19,31.5,66,2.7,71,0,9,9,1014
1,19,20,30.6,74,2,91,0,0,0,1014
1,19,21,29.8,74,1.5,324,0,0,0,1014
1,19,22,28.9,78,1.2,32,0,0,0,1014
1,19,23,28.1,81,1.4,98,0,0,0,1014
1,19,24,27.2,81,1.4,331,0,0,0,1014
1,20,1,26.4,84,1.2,30,0,0,0,1014
1,20,2,25.6,87,1.2,79,0,0,0,1014
1,20,3,24.8,89,1.8,114,0,0,0,1014
1,20,4,24.4,90,1.5,140,0,0,0,1014
1,20,5,24,89,0.6,145,0,0,0,1014
1,20,6,23.7,92,0.6,231,0,0,0,1014
1,20,7,23.7,95,0.6,261,0,2,2,1014
1,20,8,24.7,90,0.8,201,131,94,122,1014
1,20,9,26.1,86,1.4,201,190,221,304,1014
1,20,10,27.6,80,1.5,172,341,278,494,1014
1,20,11,29.2,78,2,168,486,304,685,1014
1,20,12,30.5,76,2.7,201,501,338,777,1013
1,20,13,31.4,72,3,241,524,330,807,1013
1,20,14,32.1,70,3.5,192,478,351,772,1013
1,20,15,32.4,67,3.9,176,405,349,668,1013
1,20,16,32.3,68,4.2,132,351,276,501,1013
1,20,17,31.7,67,4.2,65,192,223,309,1013
1,20,18,30.7,71,3.9,328,143,89,121,1013
1,20,19,29.6,76,2.7,27,0,1,1,1013
1,20,20,28.9,85,1.8,147,0,0,0,1013
1,20,21,28.2,86,1.4,217,0,0,0,1013
1,20,22,27.5,87,1.2,159,0,0,0,1013
1,20,23,26.8,90,0.8,215,0,0,0,1013
1,20,24,26.1,95,0.8,186,0,0,0,1013
1,21,1,25.6,95,0.8,228,0,0,0,1013
1,21,2,25.1,99,0.8,235,0,0,0,1013
1,21,3,24.5,100,1.5,247,0,0,0,1013
1,21,4,24.3,100,1.8,158,0,0,0,1013
1,21,5,24,100,1,199,0,0,0,1013
1,21,6,23.8,100,1,88,0,0,0,1013
1,21,7,23.9,100,1,110,0,4,4,1013
1,21,8,25,100,1.2,114,125,111,137,1013
1,21,9,26.6,98,1.5,90,327,206,349,1013
1,21,10,28.3,88,2.4,322,470,272,569,1013
1,21,11,30,81,3,3,562,313,753,1013
1,21,12,31.4,72,3.9,5,613,328,867,1013
1,21,13,32.4,71,5.2,360,567,328,845,1013
1,21,14,33.1,68,5.2,340,547,350,833,1013
1,21,15,32.9,70,5.2,330,127,377,477,1013
1,21,16,32.5,70,5.2,352,188,310,431,1013
1,21,17,31.5,71,5.2,322,5,159,161,1012
1,21,18,30.5,75,4.4,19,0,68,68,1012
1,21,19,29.4,80,3.9,337,0,1,1,1012
1,21,20,29.1,84,3,44,0,0,0,1011
1,21,21,28.7,83,2.4,30,0,0,0,1011
1,21,22,28.4,86,2,319,0,0,0,1011
1,21,23,28,88,2,26,0,0,0,1011
1,21,24,27.7,90,2,13,0,0,0,1010
1,22,1,27.1,97,3,307,0,0,0,1010
1,22,2,27.1,97,2.7,6,0,0,0,1010
1,22,3,26.9,96,3,33,0,0,0,1010
1,22,4,26.7,96,2.7,14,0,0,0,1009
1,22,5,26.6,96,3,80,0,0,0,1009
1,22,6,26.6,99,2.7,78,0,0,0,1009
1,22,7,26.7,99,2,114,0,2,2,1009
1,22,8,27.1,99,2,204,0,56,56,1008
1,22,9,27.4,95,1.8,219,0,67,67,1008
1,22,10,28,93,1.8,222,2,181,182,1008
1,22,11,28.8,86,1.8,222,23,324,342,1008
1,22,12,29.9,81,1.5,192,85,428,503,1007
1,22,13,30.7,77,1.5,253,84,436,513,1007
1,22,14,30.9,75,1.5,249,18,342,358,1007
1,22,15,30.9,79,1.5,258,5,218,221,1008
1,22,16,30.4,80,1.8,244,0,76,76,1008
1,22,17,29.9,86,1.8,215,0,28,28,1008
1,22,18,29.7,85,2,213,87,91,111,1009
1,22,19,29.3,89,2.4,169,0,13,13,1009
1,22,20,28.8,90,2,84,0,0,0,1009
1,22,21,28.2,91,2,148,0,0,0,1009
1,22,22,27.7,91,2,174,0,0,0,1010
1,22,23,27.1,90,2,221,0,0,0,1010
1,22,24,26.6,92,1.8,190,0,0,0,1010
1,23,1,25.8,96,1.2,182,0,0,0,1011
1,23,2,25.1,98,1,202,0,0,0,1011
1,23,3,24.3,100,1.4,220,0,0,0,1011
1,23,4,23.9,100,1.5,274,0,0,0,1012
1,23,5,23.5,100,0.6,205,0,0,0,1012
1,23,6,23.2,100,0.6,217,0,0,0,1012
1,23,7,23.2,100,0.5,219,0,2,2,1013
1,23,8,24.4,96,0.6,224,231,92,140,1013
1,23,9,26,94,1,283,436,156,346,1013
1,23,10,27.7,86,1.4,209,547,208,554,1013
1,23,11,29.4,80,2,231,625,253,743,1014
1,23,12,30.8,72,2,221,596,308,834,1014
1,23,13,31.8,69,2.4,254,647,288,881,1014
1,23,14,32.6,68,2.7,235,556,341,834,1014
1,23,15,32.9,66,2.7,221,522,295,710,1014
1,23,16,32.7,67,2.4,217,424,259,534,1014
1,23,17,32.1,64,2.4,280,377,173,345,1014
1,23,18,31,67,1.8,273,192,88,132,1014
1,23,19,29.8,69,1,302,0,1,1,1014
1,23,20,29,73,0.6,317,0,0,0,1015
1,23,21,28.2,75,0.2,297,0,0,0,1015
1,23,22,27.4,77,0.1,317,0,0,0,1015
1,23,23,26.6,80,0.1,300,0,0,0,1015
1,23,24,25.8,85,0.1,311,0,0,0,1015
1,24,1,25.2,89,0.1,312,0,0,0,1015
1,24,2,24.5,89,0.1,295,0,0,0,1015
1,24,3,23.8,91,0.1,290,0,0,0,1015
1,24,4,23.4,93,0.1,308,0,0,0,1015
1,24,5,23,95,0,310,0,0,0,1015
1,24,6,22.8,97,0,297,0,0,0,1015
1,24,7,22.7,98,0,322,0,1,1,1015
1,24,8,23.7,96,0.1,285,201,79,121,1015
1,24,9,25.1,92,0.1,231,364,167,326,1015
1,24,10,26.7,83,0.2,281,537,217,557,1015
1,24,11,28.3,78,0.3,285,638,255,756,1015
1,24,12,29.7,73,0.5,325,690,273,882,1015
1,24,13,30.8,71,0.6,306,678,303,925,1015
1,24,14,31.4,71,0.8,311,587,332,853,1015
1,24,15,31.7,72,0.8,308,611,252,738,1015
1,24,16,31.6,72,1,300,570,206,576,1015
1,24,17,31,75,1,252,442,157,359,1015
1,24,18,30,80,0.8,245,249,92,150,1015
1,24,19,28.8,81,0.3,268,0,3,3,1015
1,24,20,28,89,0.2,273,0,0,0,1015
1,24,21,27.2,92,0.1,255,0,0,0,1015
1,24,22,26.4,95,0.1,220,0,0,0,1015
1,24,23,25.6,97,0.1,220,0,0,0,1015
1,24,24,24.8,99,0.1,241,0,0,0,1015
1,25,1,24.4,100,0.1,216,0,0,0,1015
1,25,2,23.9,100,0,223,0,0,0,1015
1,25,3,23.4,100,0.2,207,0,0,0,1015
1,25,4,23.1,100,0.1,217,0,0,0,1015
1,25,5,22.8,100,0,252,0,0,0,1015
1,25,6,22.6,100,0,252,0,0,0,1015
1,25,7,22.6,100,0,217,0,2,2,1015
1,25,8,23.7,96,0,220,191,97,137,1015
1,25,9,25.3,91,0.1,218,438,160,352,1015
1,25,10,27.1,83,0.2,216,599,204,585,1015
1,25,11,28.8,77,0.2,235,698,223,773,1015
1,25,12,30.2,72,0.5,287,663,289,875,1015
1,25,13,31.3,69,0.5,178,657,316,920,1015
1,25,14,31.9,66,0.6,281,546,347,832,1015
1,25,15,32.1,62,0.6,253,520,296,712,1015
1,25,16,31.9,64,0.6,240,337,290,509,1015
1,25,17,31.2,71,0.8,239,170,233,311,1015
1,25,18,30.1,75,0.6,219,163,91,129,1014
1,25,19,28.9,81,0.3,229,0,1,1,1014
1,25,20,28.2,87,0.1,239,0,0,0,1014
1,25,21,27.5,87,0.1,241,0,0,0,1014
1,25,22,26.8,89,0,238,0,0,0,1014
1,25,23,26.1,91,0,211,0,0,0,1014
1,25,24,25.4,95,0,255,0,0,0,1014
1,26,1,25,93,0,218,0,0,0,1014
1,26,2,24.4,98,0,236,0,0,0,1014
1,26,3,23.9,100,0.1,277,0,0,0,1014
1,26,4,23.7,98,0.1,223,0,0,0,1014
1,26,5,23.4,99,0,207,0,0,0,1014
1,26,6,23.2,100,0,263,0,0,0,1014
1,26,7,23.2,99,0,246,0,2,2,1014
1,26,8,24.4,94,0,246,162,95,129,1014
1,26,9,26,89,0,199,397,158,331,1014
1,26,10,27.8,77,0.1,231,488,232,542,1014
1,26,11,29.5,72,0.2,234,581,257,714,1014
1,26,12,31,67,0.5,199,565,321,821,1014
1,26,13,32.1,62,0.8,193,595,311,859,1014
1,26,14,32.9,60,0.8,168,580,321,839,1014
1,26,15,33.3,61,1,238,549,288,728,1014
1,26,16,33.3,60,1,153,478,249,562,1014
1,26,17,32.7,65,1,177,344,182,340,1013
1,26,18,31.6,75,1,180,191,92,136,1013
1,26,19,30.4,75,0.6,147,0,1,1,1013
1,26,20,29.8,81,0.3,89,0,0,0,1013
1,26,21,29.2,86,0.1,155,0,0,0,1012
1,26,22,28.7,86,0.1,159,0,0,0,1012
1,26,23,28.1,86,0.1,177,0,0,0,1012
1,26,24,27.6,89,0.1,237,0,0,0,1012
1,27,1,27.1,90,0.2,181,0,0,0,1012
1,27,2,26.7,93,0.2,180,0,0,0,1011
1,27,3,26.2,94,0.2,152,0,0,0,1011
1,27,4,26,97,0.3,146,0,0,0,1011
1,27,5,25.7,100,0.5,95,0,0,0,1011
1,27,6,25.5,100,0.6,336,0,0,0,1010
1,27,7,25.6,100,0.6,347,0,5,5,1010
1,27,8,26.4,99,0.6,350,90,83,102,1010
1,27,9,27.9,98,0.6,345,188,216,298,1010
1,27,10,29.4,91,0.8,353,295,296,483,1009
1,27,11,30.1,86,0.8,346,91,354,426,1009
1,27,12,29.6,87,0.8,333,0,107,107,1009
1,27,13,30.4,83,1,359,120,433,544,1009
1,27,14,30.9,79,1,337,89,438,518,1009
1,27,15,30.6,79,1.2,345,6,246,252,1009
1,27,16,30.6,78,1,359,21,278,291,1009
1,27,17,30.2,77,1,349,15,180,187,1009
1,27,18,29.8,77,1.4,329,127,97,127,1009
1,27,19,29.1,78,1.4,348,0,12,12,1010
1,27,20,28.5,82,1.4,348,0,0,0,1010
1,27,21,27.9,84,1.4,359,0,0,0,1010
1,27,22,27.2,84,1.2,10,0,0,0,1010
1,27,23,26.6,85,1.4,327,0,0,0,1010
1,27,24,26,86,1.4,343,0,0,0,1010
1,28,1,25.5,88,0.8,338,0,0,0,1010
1,28,2,24.9,90,0.6,14,0,0,0,1010
1,28,3,24.4,89,1.4,29,0,0,0,1011
1,28,4,24.1,94,1.4,337,0,0,0,1011
1,28,5,23.9,96,0.8,327,0,0,0,1011
1,28,6,23.7,97,1,351,0,0,0,1011
1,28,7,23.7,97,0.8,351,0,1,1,1011
1,28,8,24.6,94,1,343,65,89,102,1011
1,28,9,25.8,89,1.4,326,105,214,260,1011
1,28,10,27.3,81,1.8,9,207,311,443,1012
1,28,11,28.6,78,2,320,209,407,572,1012
1,28,12,29.8,70,2.4,160,207,474,658,1012
1,28,13,30.7,66,3,179,277,437,693,1012
1,28,14,31.3,66,2.7,185,207,479,665,1012
1,28,15,31.6,66,3.5,173,209,417,585,1012
1,28,16,31.6,65,3,193,178,341,459,1012
1,28,17,31.2,65,3,154,126,233,291,1012
1,28,18,30.4,72,2.4,198,123,94,123,1012
1,28,19,29.4,75,2,230,0,1,1,1012
1,28,20,28.7,77,1.8,228,0,0,0,1012
1,28,21,28,77,1.2,139,0,0,0,1012
1,28,22,27.3,77,0.8,159,0,0,0,1012
1,28,23,26.6,82,0.8,217,0,0,0,1013
1,28,24,26,86,0.6,222,0,0,0,1013
1,29,1,25.4,90,0.6,211,0,0,0,1013
1,29,2,24.8,89,0.8,231,0,0,0,1013
1,29,3,24.2,87,1.4,178,0,0,0,1013
1,29,4,23.8,86,1.5,176,0,0,0,1013
1,29,5,23.5,87,0.6,167,0,0,0,1013
1,29,6,23.3,88,0.5,171,0,0,0,1013
1,29,7,23.3,90,0.5,267,0,3,3,1013
1,29,8,24.4,86,0.8,232,114,110,133,1013
1,29,9,26.1,79,1,190,312,201,338,1013
1,29,10,27.6,74,1.5,165,380,265,507,1013
1,29,11,29,73,1.8,178,291,379,609,1013
1,29,12,30.1,72,2.4,175,304,438,708,1013
1,29,13,30.7,74,2.4,237,187,457,630,1013
1,29,14,31.7,72,2.4,215,564,354,860,1013
1,29,15,32.2,72,2.7,196,559,297,747,1013
1,29,16,32.2,72,2.4,198,284,312,500,1012
1,29,17,31.8,72,2.4,220,334,216,371,1012
1,29,18,30.8,77,2.4,222,141,125,159,1012
1,29,19,29.7,84,1.8,162,0,6,6,1012
1,29,20,29.2,89,1.4,239,0,0,0,1011
1,29,21,28.7,90,0.8,230,0,0,0,1011
1,29,22,28.2,90,0.6,195,0,0,0,1011
1,29,23,27.7,89,0.8,224,0,0,0,1011
1,29,24,27.3,90,1,164,0,0,0,1010
1,30,1,27,88,1.8,86,0,0,0,1010
1,30,2,26.7,91,1.8,318,0,0,0,1010
1,30,3,26.5,95,1.5,335,0,0,0,1009
1,30,4,26.3,94,1.5,116,0,0,0,1009
1,30,5,26.2,92,1.5,88,0,0,0,1009
1,30,6,26.1,98,1.2,147,0,0,0,1009
1,30,7,26.1,99,1.4,234,0,1,1,1008
1,30,8,26.6,100,1.2,230,0,52,52,1008
1,30,9,27.2,99,1.4,225,0,131,131,1008
1,30,10,27.8,95,1.2,224,6,210,213,1007
1,30,11,28.5,90,1.2,218,12,275,285,1007
1,30,12,29.1,88,1,189,14,315,328,1007
1,30,13,29.5,89,0.8,244,20,320,339,1007
1,30,14,29.8,86,1,250,14,317,330,1007
1,30,15,29.8,88,0.8,222,9,270,277,1007
1,30,16,29.8,88,0.8,201,4,200,203,1007
1,30,17,29.6,88,0.8,281,0,127,127,1007
1,30,18,29.2,85,0.8,269,0,50,50,1007
1,30,19,28.7,91,1,194,0,1,1,1007
1,30,20,27.6,96,1.2,211,0,0,0,1007
1,30,21,27.8,94,1,189,0,0,0,1007
1,30,22,27.6,94,1.2,192,0,0,0,1007
1,30,23,27.3,94,1.2,186,0,0,0,1007
1,30,24,27.1,95,1.2,164,0,0,0,1007
1,31,1,26.8,95,1.4,205,0,0,0,1008
1,31,2,26.6,98,1.2,136,0,0,0,1008
1,31,3,26.3,97,1.4,178,0,0,0,1008
1,31,4,26.1,96,1.2,155,0,0,0,1008
1,31,5,26,95,1.2,261,0,0,0,1008
1,31,6,25.9,97,1,186,0,0,0,1008
1,31,7,25.9,99,1,237,0,1,1,1008
1,31,8,26.5,98,1,188,0,67,67,1008
1,31,9,27.3,96,1.2,226,8,167,171,1008
1,31,10,28.3,88,1.2,151,23,278,293,1008
1,31,11,29.3,83,1,213,38,363,393,1008
1,31,12,30,78,1,240,28,415,441,1008
1,31,13,30.8,75,0.8,202,60,459,515,1008
1,31,14,31.2,74,0.6,204,32,431,460,1008
1,31,15,31.4,73,0.6,281,24,351,371,1008
1,31,16,31.2,74,0.6,239,10,248,255,1008
1,31,17,30.8,73,0.6,261,6,170,172,1008
1,31,18,30.3,74,0.8,215,0,70,70,1009
1,31,19,29.6,75,0.8,232,0,1,1,1009
1,31,20,29.3,76,1,230,0,0,0,1009
1,31,21,28.9,75,1,172,0,0,0,1009
1,31,22,28.5,77,0.6,180,0,0,0,1009
1,31,23,28.2,80,0.8,218,0,0,0,1009
1,31,24,27.8,83,0.6,205,0,0,0,1009
2,1,1,27.3,87,0.5,246,0,0,0,1008
2,1,2,26.3,92,0.3,183,0,0,0,1008
2,1,3,26.6,89,0.5,179,0,0,0,1008
2,1,4,26.5,90,0.5,200,0,0,0,1008
2,1,5,26.4,94,0.4,177,0,0,0,1008
2,1,6,26.3,95,0.6,163,0,0,0,1008
2,1,7,26.3,96,0.6,200,0,1,1,1008
2,1,8,26.9,97,0.5,236,1,73,74,1008
2,1,9,27.7,91,0.6,189,26,186,197,1008
2,1,10,28.6,86,0.4,198,27,287,304,1008
2,1,11,29.6,86,0.4,168,46,397,434,1008
2,1,12,30.3,73,0.4,185,36,437,469,1008
2,1,13,30.8,72,0.4,36,26,432,456,1008
2,1,14,31.1,71,0.4,160,31,428,456,1008
2,1,15,31.2,76,0.6,159,22,351,369,1008
2,1,16,31.1,77,0.6,230,15,267,277,1008
2,1,17,30.8,81,0.6,175,8,174,178,1008
2,1,18,30.3,81,0.8,187,0,75,75,1008
2,1,19,29.7,83,1,196,0,1,1,1008
2,1,20,29.2,90,0.8,192,0,0,0,1008
2,1,21,28.7,90,0.8,206,0,0,0,1008
2,1,22,28,92,1,262,0,0,0,1008
2,1,23,27.8,88,0.8,236,0,0,0,1009
2,1,24,27.5,91,0.8,315,0,0,0,1009
2,2,1,27.1,92,0.5,276,0,0,0,1009
2,2,2,26.7,91,0.4,251,0,0,0,1009
2,2,3,26.3,93,0.3,196,0,0,0,1009
2,2,4,26.1,96,0.6,198,0,0,0,1009
2,2,5,25.9,96,0.5,250,0,0,0,1009
2,2,6,25.8,95,0.6,264,0,0,0,1009
2,2,7,25.7,95,0.6,266,0,1,1,1009
2,2,8,26.5,92,0.8,207,15,81,84,1009
2,2,9,27.5,82,1.2,275,52,199,222,1009
2,2,10,27.9,90,1,250,27,284,301,1009
2,2,11,29.2,77,1.2,214,40,388,420,1009
2,2,12,30,74,1.2,244,44,456,496,1009
2,2,13,30.8,71,1.2,268,99,491,583,1009
2,2,14,31.3,70,1.2,277,99,453,543,1009
2,2,15,31.5,71,1,274,46,409,446,1009
2,2,16,31.4,71,1.4,267,33,313,335,1009
2,2,17,31.1,68,1.2,309,29,204,218,1009
2,2,18,30.4,82,1,303,18,90,94,1009
2,2,19,29.8,75,1,316,0,3,3,1009
2,2,20,29.3,86,1.2,246,0,0,0,1009
2,2,21,28.8,89,0.8,273,0,0,0,1009
2,2,22,28.3,90,0.8,262,0,0,0,1009
2,2,23,27.8,90,0.6,251,0,0,0,1009
2,2,24,27.3,90,0.4,221,0,0,0,1009
2,3,1,26.4,92,0.4,220,0,0,0,1009
2,3,2,26.5,89,0.4,202,0,0,0,1009
2,3,3,26.1,94,0.2,151,0,0,0,1009
2,3,4,25.9,92,0.2,348,0,0,0,1009
2,3,5,25.6,93,0.2,188,0,0,0,1009
2,3,6,25.4,92,0.2,209,0,0,0,1009
2,3,7,25.3,92,0.2,180,0,1,1,1009
2,3,8,26.1,91,0.2,178,12,80,83,1009
2,3,9,27.1,87,0.3,247,36,202,218,1009
2,3,10,28,80,0.3,194,30,292,311,1009
2,3,11,28.9,77,0.2,174,42,393,426,1009
2,3,12,29.7,75,0.2,148,91,444,526,1009
2,3,13,30.4,71,0.2,244,97,450,541,1009
2,3,14,30.9,68,0.2,229,82,464,538,1009
2,3,15,31,66,0.2,214,38,390,421,1009
2,3,16,30.9,68,0.2,172,23,292,307,1009
2,3,17,30.6,69,0.3,46,16,195,202,1009
2,3,18,30,69,0.2,7,0,75,75,1009
2,3,19,29.3,70,0.2,13,0,1,1,1010
2,3,20,28.7,74,0.2,2,0,0,0,1010
2,3,21,28,76,0.2,168,0,0,0,1010
2,3,22,27.3,81,0.2,190,0,0,0,1010
2,3,23,26.6,86,0.1,156,0,0,0,1010
2,3,24,26,90,0.2,201,0,0,0,1010
2,4,1,25.3,89,0,156,0,0,0,1010
2,4,2,24.7,93,0.1,192,0,0,0,1011
2,4,3,24,92,0.2,175,0,0,0,1011
2,4,4,23.7,91,0.2,167,0,0,0,1011
2,4,5,23.3,94,0.1,176,0,0,0,1011
2,4,6,23.1,94,0,146,0,0,0,1011
2,4,7,23.1,94,0,139,0,1,1,1011
2,4,8,24,92,0.1,203,104,95,116,1012
2,4,9,25.2,87,0.2,188,154,221,289,1012
2,4,10,26.4,83,0.3,180,190,315,437,1012
2,4,11,27.7,73,0.4,249,293,374,608,1012
2,4,12,29,69,1.2,326,375,420,756,1012
2,4,13,30.1,67,1.2,322,494,365,827,1012
2,4,14,30.8,65,1.4,243,542,318,811,1012
2,4,15,31.2,63,1.4,200,467,329,711,1012
2,4,16,31.2,63,1.2,186,295,310,508,1012
2,4,17,30.6,68,1.4,147,140,242,308,1012
2,4,18,29.8,72,1.2,173,137,100,134,1012
2,4,19,28.7,75,0.5,208,0,2,2,1012
2,4,20,28.1,81,0.2,172,0,0,0,1013
2,4,21,27.5,84,0.1,149,0,0,0,1013
2,4,22,26.9,82,0.1,175,0,0,0,1013
2,4,23,26.2,86,0.1,350,0,0,0,1013
2,4,24,25.6,86,0,343,0,0,0,1013
2,5,1,25.1,89,0,347,0,0,0,1013
2,5,2,24.7,89,0,44,0,0,0,1013
2,5,3,24.2,92,0.3,53,0,0,0,1013
2,5,4,23.9,93,0.4,161,0,0,0,1013
2,5,5,23.7,96,0.1,0,0,0,0,1013
2,5,6,23.5,95,0.1,96,0,0,0,1013
2,5,7,23.5,96,0.2,196,0,1,1,1013
2,5,8,24.5,91,0.2,143,136,89,117,1013
2,5,9,26,88,0.2,203,359,169,327,1013
2,5,10,27.7,81,0.4,255,464,245,543,1013
2,5,11,29.2,76,0.6,271,514,299,710,1013
2,5,12,30.5,71,1,256,462,367,783,1013
2,5,13,31.4,67,1.2,210,471,370,812,1013
2,5,14,32.1,66,1.4,258,519,330,802,1013
2,5,15,32.5,66,1.7,257,434,347,703,1013
2,5,16,32.4,65,1.6,254,248,331,498,1013
2,5,17,31.8,65,1.4,202,141,243,310,1013
2,5,18,30.8,75,1.2,208,147,99,135,1013
2,5,19,29.8,79,1,229,0,2,2,1013
2,5,20,29.1,83,0.6,193,0,0,0,1013
2,5,21,28.4,85,0.3,223,0,0,0,1013
2,5,22,27.8,83,0.2,154,0,0,0,1012
2,5,23,27.1,83,0.2,171,0,0,0,1012
2,5,24,26.5,84,0.2,169,0,0,0,1012
2,6,1,25.9,86,0.2,359,0,0,0,1012
2,6,2,25.2,88,0.2,139,0,0,0,1012
2,6,3,24.6,88,0.6,13,0,0,0,1012
2,6,4,24.3,91,0.6,338,0,0,0,1012
2,6,5,23.9,93,0.2,354,0,0,0,1012
2,6,6,23.7,95,0.1,360,0,0,0,1012
2,6,7,23.7,94,0.1,9,0,2,2,1012
2,6,8,24.6,93,0.1,179,125,95,121,1012
2,6,9,25.9,91,0.1,156,187,223,305,1012
2,6,10,27.3,83,0.2,253,309,289,488,1012
2,6,11,28.6,82,0.4,185,314,370,621,1012
2,6,12,29.7,79,0.8,188,321,431,721,1012
2,6,13,30.6,77,1,184,365,426,769,1012
2,6,14,31.2,75,1,264,375,405,748,1012
2,6,15,31.5,75,1.4,321,305,395,645,1011
2,6,16,31.4,78,1.6,213,207,337,476,1011
2,6,17,30.8,81,1.6,200,129,238,299,1011
2,6,18,30,83,1.2,194,70,99,116,1011
2,6,19,29,85,0.6,184,0,2,2,1010
2,6,20,28.6,88,0.6,201,0,0,0,1010
2,6,21,28.2,85,0.3,171,0,0,0,1010
2,6,22,27.8,86,0.2,158,0,0,0,1010
2,6,23,27.4,87,0.1,239,0,0,0,1009
2,6,24,27,89,0.1,196,0,0,0,1009
2,7,1,26.9,89,0.3,167,0,0,0,1009
2,7,2,26.7,91,0.2,43,0,0,0,1009
2,7,3,25.8,96,0.3,193,0,0,0,1008
2,7,4,26.3,93,0.3,187,0,0,0,1008
2,7,5,26.2,95,0.2,169,0,0,0,1008
2,7,6,26.2,98,0.3,190,0,0,0,1008
2,7,7,24.8,99,0.3,151,0,1,1,1007
2,7,8,26.4,98,0.4,221,0,45,45,1007
2,7,9,27.3,92,0.4,192,0,119,119,1007
2,7,10,27.9,89,0.4,258,3,190,192,1007
2,7,11,28.5,88,0.3,182,1,256,257,1006
2,7,12,29.1,87,0.2,229,2,299,301,1006
2,7,13,29.5,86,0.2,257,11,324,334,1006
2,7,14,29.8,86,0.3,269,5,295,299,1006
2,7,15,29.9,86,0.3,211,1,256,257,1006
2,7,16,29.9,86,0.3,221,4,198,201,1007
2,7,17,29.2,89,0.2,232,0,122,122,1007
2,7,18,29.1,89,0.2,198,0,54,54,1007
2,7,19,28.8,90,0.2,166,0,2,2,1007
2,7,20,28.4,86,0.2,7,0,0,0,1008
2,7,21,27.8,86,0.2,171,0,0,0,1008
2,7,22,27.3,86,0.1,156,0,0,0,1008
2,7,23,26.7,87,0.1,165,0,0,0,1008
2,7,24,26.2,87,0.1,190,0,0,0,1009
2,8,1,25.7,92,0,258,0,0,0,1009
2,8,2,25,92,0,203,0,0,0,1009
2,8,3,24.4,91,0.2,218,0,0,0,1010
2,8,4,24,90,0.2,265,0,0,0,1010
2,8,5,23.7,90,0,236,0,0,0,1010
2,8,6,23.5,90,0.1,258,0,0,0,1010
2,8,7,23.5,90,0,260,0,1,1,1011
2,8,8,24.4,90,0.1,321,116,88,112,1011
2,8,9,25.5,87,0.1,327,131,216,274,1011
2,8,10,27,75,0.2,266,308,292,490,1011
2,8,11,28.5,73,0.3,274,392,356,671,1012
2,8,12,29.7,69,0.3,246,379,413,756,1012
2,8,13,30.6,66,0.4,298,394,427,799,1012
2,8,14,31.2,63,0.4,311,357,414,741,1012
2,8,15,31.5,63,0.5,297,328,390,661,1012
2,8,16,31.5,63,0.5,302,228,334,489,1012
2,8,17,31,66,0.6,313,151,241,314,1012
2,8,18,30.1,69,0.5,312,99,101,126,1012
2,8,19,29.1,73,0.4,306,0,2,2,1012
2,8,20,28.4,79,0.2,306,0,0,0,1012
2,8,21,27.8,82,0.1,311,0,0,0,1012
2,8,22,27.2,81,0.1,304,0,0,0,1012
2,8,23,26.6,84,0.1,300,0,0,0,1012
2,8,24,26,84,0.1,303,0,0,0,1011
2,9,1,25.5,84,0,301,0,0,0,1011
2,9,2,25,87,0,318,0,0,0,1011
2,9,3,24.5,87,0.2,328,0,0,0,1011
2,9,4,24.3,93,0.2,270,0,0,0,1011
2,9,5,24,95,0,300,0,0,0,1011
2,9,6,23.8,94,0,316,0,0,0,1011
2,9,7,23.8,93,0,315,0,1,1,1011
2,9,8,24.4,93,0,273,0,69,69,1011
2,9,9,25.4,90,0.2,304,38,192,209,1011
2,9,10,26.9,79,0.5,324,166,312,419,1011
2,9,11,27.9,75,0.8,270,104,389,473,1011
2,9,12,28.5,85,1.2,303,57,398,449,1011
2,9,13,29.3,71,1.6,318,107,461,562,1011
2,9,14,30,68,1.4,313,200,454,637,1011
2,9,15,30.4,67,1.4,304,185,411,564,1011
2,9,16,30.8,67,1.6,235,541,260,628,1011
2,9,17,30.7,67,1.6,309,402,182,376,1011
2,9,18,30.2,69,1,218,193,134,183,1011
2,9,19,29.3,74,0.6,209,0,21,21,1011
2,9,20,28.6,82,0.3,249,0,0,0,1012
2,9,21,27.9,81,0.1,185,0,0,0,1012
2,9,22,27.2,83,0,177,0,0,0,1012
2,9,23,26.5,83,0,214,0,0,0,1012
2,9,24,25.8,85,0,239,0,0,0,1012
2,10,1,25.2,86,0,230,0,0,0,1012
2,10,2,24.6,89,0,214,0,0,0,1012
2,10,3,23.9,93,0.1,253,0,0,0,1013
2,10,4,23.6,94,0.1,202,0,0,0,1013
2,10,5,23.2,95,0,211,0,0,0,1013
2,10,6,23,96,0,250,0,0,0,1013
2,10,7,23,98,0,226,0,2,2,1013
2,10,8,24.1,96,0,234,148,105,136,1013
2,10,9,25.6,95,0.1,277,379,182,351,1013
2,10,10,27.4,88,0.2,285,539,240,590,1014
2,10,11,29,77,0.4,207,640,246,762,1014
2,10,12,30.4,68,0.5,217,639,284,865,1014
2,10,13,31.5,68,0.5,187,638,310,914,1014
2,10,14,32.2,64,0.5,214,576,329,859,1014
2,10,15,32.5,60,0.6,209,517,314,743,1014
2,10,16,32.4,62,0.8,271,461,264,578,1013
2,10,17,31.8,67,0.6,199,352,192,363,1013
2,10,18,30.8,70,0.6,213,195,100,149,1013
2,10,19,29.6,74,0.4,239,0,4,4,1013
2,10,20,29,78,0.2,217,0,0,0,1013
2,10,21,28.4,77,0.1,241,0,0,0,1013
2,10,22,27.7,76,0.1,233,0,0,0,1013
2,10,23,27.1,80,0.1,184,0,0,0,1012
2,10,24,26.5,85,0.1,46,0,0,0,1012
2,11,1,26.1,85,0,36,0,0,0,1012
2,11,2,25.6,87,0.1,329,0,0,0,1012
2,11,3,25.2,91,0.1,22,0,0,0,1012
2,11,4,25,91,0.2,346,0,0,0,1012
2,11,5,24.8,90,0,157,0,0,0,1012
2,11,6,24.6,92,0,18,0,0,0,1011
2,11,7,24.7,91,0,357,0,5,5,1011
2,11,8,25.5,87,0,187,91,81,100,1011
2,11,9,26.1,90,0.2,234,9,164,168,1011
2,11,10,26.9,81,0.3,181,17,265,276,1011
2,11,11,28,74,0.6,199,82,381,447,1011
2,11,12,28.9,70,1,205,108,439,538,1011
2,11,13,30.2,66,1.4,159,334,471,789,1010
2,11,14,30.6,65,1.4,171,103,427,522,1010
2,11,15,31.4,63,1.6,158,530,317,758,1010
2,11,16,31.8,62,1.6,185,515,286,638,1010
2,11,17,31,75,1.4,258,23,187,198,1010
2,11,18,30.5,66,1.4,227,99,102,127,1010
2,11,19,29.7,69,1.2,196,0,7,7,1010
2,11,20,29.2,75,0.8,248,0,0,0,1010
2,11,21,28.7,75,0.6,219,0,0,0,1010
2,11,22,28.2,78,0.5,209,0,0,0,1010
2,11,23,27.7,79,0.5,190,0,0,0,1010
2,11,24,27.2,83,0.5,147,0,0,0,1010
2,12,1,26.7,84,1,172,0,0,0,1010
2,12,2,26.2,83,0.8,37,0,0,0,1010
2,12,3,25.7,86,0.6,174,0,0,0,1010
2,12,4,25.5,87,0.5,37,0,0,0,1010
2,12,5,25.2,88,0.5,173,0,0,0,1010
2,12,6,25,90,0.5,150,0,0,0,1009
2,12,7,25,90,0.6,27,0,1,1,1009
2,12,8,25.1,91,0.6,354,0,10,10,1009
2,12,9,25.4,94,0.8,38,0,62,62,1009
2,12,10,26.3,86,1,122,9,224,230,1009
2,12,11,26.7,92,1,193,10,273,281,1009
2,12,12,28,86,0.8,243,71,415,480,1009
2,12,13,28.8,82,0.8,204,54,416,467,1009
2,12,14,29.9,76,1,192,303,445,725,1009
2,12,15,30.6,71,1,178,302,401,653,1009
2,12,16,30.8,70,1,183,194,343,475,1009
2,12,17,30.8,69,1.2,229,194,245,340,1009
2,12,18,30.4,72,1,187,211,126,180,1009
2,12,19,29.7,71,1,164,0,13,13,1009
2,12,20,29.2,79,0.8,197,0,0,0,1009
2,12,21,28.8,80,0.6,178,0,0,0,1009
2,12,22,28.4,82,1,166,0,0,0,1009
2,12,23,27.9,82,1,141,0,0,0,1009
2,12,24,27.5,86,1,163,0,0,0,1009
2,13,1,27.1,85,0.8,59,0,0,0,1009
2,13,2,26.8,87,0.8,100,0,0,0,1009
2,13,3,26.4,88,0.8,194,0,0,0,1008
2,13,4,26.2,88,1,207,0,0,0,1008
2,13,5,26,89,1,121,0,0,0,1008
2,13,6,25.9,93,1.2,153,0,0,0,1008
2,13,7,25.9,92,1.2,28,0,1,1,1008
2,13,8,26.5,87,1.6,176,5,77,78,1008
2,13,9,27.4,90,1.6,169,21,184,193,1008
2,13,10,28.2,86,1.4,189,24,278,294,1008
2,13,11,29,86,1.4,201,24,356,376,1008
2,13,12,29.6,86,1.4,175,32,443,473,1008
2,13,13,30.3,86,1.6,89,52,433,482,1008
2,13,14,29.9,89,1.6,148,52,418,466,1008
2,13,15,31,86,1.6,359,36,401,430,1008
2,13,16,30.7,89,1.6,59,22,299,314,1009
2,13,17,30.7,86,1.6,53,16,203,211,1009
2,13,18,30.2,86,1.6,124,0,74,74,1009
2,13,19,29.6,86,1.4,167,0,2,2,1009
2,13,20,28.7,90,1.4,156,0,0,0,1009
2,13,21,28.2,92,1.2,207,0,0,0,1010
2,13,22,27.5,95,1,260,0,0,0,1010
2,13,23,26.8,97,0.8,177,0,0,0,1010
2,13,24,26.1,98,1,166,0,0,0,1010
2,14,1,25.4,99,0.3,212,0,0,0,1010
2,14,2,24.7,99,0.2,194,0,0,0,1011
2,14,3,23.9,99,0.6,208,0,0,0,1011
2,14,4,23.5,99,0.8,160,0,0,0,1011
2,14,5,23.1,99,0.2,224,0,0,0,1011
2,14,6,22.8,99,0.3,200,0,0,0,1011
2,14,7,22.7,95,0.3,227,0,1,1,1012
2,14,8,23.4,93,0.4,229,109,89,112,1012
2,14,9,24.6,88,0.6,249,171,221,298,1012
2,14,10,25.9,84,1.2,323,346,286,513,1012
2,14,11,27.2,75,1.4,313,506,306,717,1012
2,14,12,28.3,74,1.6,281,450,375,787,1013
2,14,13,29.1,71,1.7,249,489,366,833,1013
2,14,14,29.7,69,1.7,179,519,348,829,1013
2,14,15,30,67,1.9,222,553,291,754,1013
2,14,16,30,69,2,209,497,250,591,1013
2,14,17,29.5,72,2.2,219,355,194,368,1013
2,14,18,28.7,78,2.2,244,189,101,150,1013
2,14,19,27.6,78,1.7,235,0,4,4,1013
2,14,20,26.9,83,1.6,195,0,0,0,1013
2,14,21,26.2,83,1.4,228,0,0,0,1013
2,14,22,25.5,87,1.2,204,0,0,0,1013
2,14,23,24.8,87,1.2,232,0,0,0,1013
2,14,24,24,88,1.2,203,0,0,0,1013
2,15,1,23.7,91,1.6,212,0,0,0,1012
2,15,2,23.3,93,1.6,209,0,0,0,1012
2,15,3,23,94,2,221,0,0,0,1012
2,15,4,22.8,95,2.2,208,0,0,0,1012
2,15,5,22.6,97,1.2,249,0,0,0,1012
2,15,6,22.5,97,1.2,164,0,0,0,1012
2,15,7,22.4,99,1.4,155,0,1,1,1012
2,15,8,23.3,98,1.6,35,114,83,107,1012
2,15,9,24.7,90,2.2,47,171,222,299,1012
2,15,10,26.2,86,3.1,20,305,292,491,1012
2,15,11,27.6,76,3.9,146,323,374,637,1012
2,15,12,28.8,74,4.2,175,343,418,733,1012
2,15,13,29.8,73,4.5,220,348,441,773,1012
2,15,14,30.5,69,4.5,208,379,423,775,1012
2,15,15,30.8,70,5.3,256,257,411,626,1012
2,15,16,30.8,73,8.7,242,223,358,512,1012
2,15,17,30.3,75,6.8,250,185,247,338,1012
2,15,18,29.4,77,5.3,277,87,103,126,1012
2,15,19,28.4,81,4.2,307,0,2,2,1011
2,15,20,28,84,3.9,282,0,0,0,1011
2,15,21,27.5,85,3.1,303,0,0,0,1011
2,15,22,27.1,84,2.4,310,0,0,0,1011
2,15,23,26.7,83,2.2,302,0,0,0,1011
2,15,24,26.3,89,2.2,241,0,0,0,1011
2,16,1,26,85,3.1,267,0,0,0,1011
2,16,2,25.7,84,3.1,277,0,0,0,1011
2,16,3,25.4,87,3.1,244,0,0,0,1011
2,16,4,25.2,85,3.1,273,0,0,0,1010
2,16,5,25.1,82,2.7,255,0,0,0,1010
2,16,6,24.7,94,2.4,207,0,0,0,1010
2,16,7,25,95,2.4,278,0,1,1,1010
2,16,8,25.6,93,2.7,237,0,72,72,1010
2,16,9,26.7,89,2.7,180,29,202,216,1010
2,16,10,27.9,78,2.4,256,91,314,374,1010
2,16,11,29.2,74,2.4,273,166,407,542,1010
2,16,12,30.4,73,2.2,256,185,454,624,1010
2,16,13,30.9,69,1.9,175,67,436,500,1010
2,16,14,31.3,80,2.2,209,104,453,549,1010
2,16,15,31.7,67,2.2,271,125,414,520,1010
2,16,16,31.8,67,2.4,325,159,346,456,1010
2,16,17,31.4,80,2.4,256,62,228,258,1010
2,16,18,30.8,70,2.7,268,33,98,106,1011
2,16,19,30,71,2.7,198,0,2,2,1011
2,16,20,29.3,75,2.7,213,0,0,0,1011
2,16,21,28.7,77,2.7,213,0,0,0,1011
2,16,22,28,83,2.7,246,0,0,0,1011
2,16,23,27.3,86,3.1,134,0,0,0,1012
2,16,24,26.7,89,3.1,177,0,0,0,1012
2,17,1,26,88,2.2,188,0,0,0,1012
2,17,2,25.3,91,2.2,41,0,0,0,1012
2,17,3,24.6,95,3.1,183,0,0,0,1012
2,17,4,24.2,97,3.4,242,0,0,0,1013
2,17,5,23.8,100,2,257,0,0,0,1013
2,17,6,23.6,100,2,178,0,0,0,1013
2,17,7,23.6,100,2,161,0,1,1,1013
2,17,8,24.7,96,2,168,228,93,142,1014
2,17,9,26.5,88,2.4,57,521,147,383,1014
2,17,10,28.3,78,2.7,179,662,174,609,1014
2,17,11,30,72,3.7,198,678,248,802,1014
2,17,12,31.6,67,4.2,190,724,267,933,1014
2,17,13,32.7,64,5.3,17,652,332,958,1015
2,17,14,33.5,62,6.8,171,634,327,918,1015
2,17,15,33.9,61,5.3,168,686,250,827,1015
2,17,16,33.9,59,6.8,152,708,174,663,1014
2,17,17,33.4,60,5.3,208,558,154,429,1014
2,17,18,32.3,64,4.5,216,260,116,183,1014
2,17,19,31,67,4.2,316,0,7,7,1014
2,17,20,30.2,73,3.9,275,0,0,0,1014
2,17,21,29.3,79,3.7,323,0,0,0,1014
2,17,22,28.4,81,3.4,275,0,0,0,1014
2,17,23,27.6,85,3.4,222,0,0,0,1014
2,17,24,26.7,86,3.1,221,0,0,0,1014
2,18,1,26.1,90,2.7,233,0,0,0,1014
2,18,2,25.3,92,2.4,217,0,0,0,1014
2,18,3,24.6,91,3.4,225,0,0,0,1014
2,18,4,24.2,95,3.4,196,0,0,0,1014
2,18,5,23.8,97,2.2,183,0,0,0,1014
2,18,6,23.6,98,2.4,200,0,0,0,1014
2,18,7,23.6,100,2.4,194,0,1,1,1014
2,18,8,24.4,96,2.7,247,121,84,110,1014
2,18,9,25.8,93,2.7,182,228,207,311,1014
2,18,10,27.6,86,3.7,227,517,233,573,1014
2,18,11,29.2,78,4.2,176,526,303,733,1014
2,18,12,30.7,74,4.5,189,622,340,914,1014
2,18,13,31.8,68,4.5,197,579,357,913,1014
2,18,14,32.6,65,5.3,179,587,319,867,1014
2,18,15,32.9,66,5.3,206,543,312,769,1013
2,18,16,32.9,68,5.3,252,416,283,571,1013
2,18,17,32.3,70,5.3,289,374,192,377,1013
2,18,18,31.3,75,4.5,224,188,102,151,1013
2,18,19,30.1,80,3.9,181,0,5,5,1013
2,18,20,29.5,85,3.4,194,0,0,0,1013
2,18,21,28.8,89,2.4,168,0,0,0,1013
2,18,22,28.2,88,1.9,160,0,0,0,1013
2,18,23,27.5,90,1.7,341,0,0,0,1012
2,18,24,26.9,88,1.7,356,0,0,0,1012
2,19,1,26.4,89,1.7,348,0,0,0,1012
2,19,2,25.9,88,1.7,348,0,0,0,1012
2,19,3,25.5,89,2.2,341,0,0,0,1012
2,19,4,25.2,89,2.4,343,0,0,0,1012
2,19,5,25,92,1.6,339,0,0,0,1012
2,19,6,24.8,97,1.9,353,0,0,0,1012
2,19,7,24.9,96,1.9,3,0,4,4,1012
2,19,8,26,93,2,31,243,100,152,1011
2,19,9,27.7,86,2,162,496,183,409,1011
2,19,10,29.2,79,2.4,191,421,270,548,1011
2,19,11,30.5,76,3.4,252,492,315,719,1011
2,19,12,31.5,70,3.7,140,340,433,747,1011
2,19,13,32.1,68,3.7,189,243,469,703,1011
2,19,14,32.3,67,3.7,168,100,454,547,1011
2,19,15,32.2,78,3.7,172,79,399,466,1011
2,19,16,31.7,68,3.4,186,20,293,307,1011
2,19,17,31.1,70,3.4,186,10,182,187,1011
2,19,18,30.2,74,2.7,198,0,52,52,1011
2,19,19,29.3,78,2.2,197,0,2,2,1012
2,19,20,28.7,84,2,209,0,0,0,1012
2,19,21,28.1,83,1.7,204,0,0,0,1012
2,19,22,27.5,85,1.2,240,0,0,0,1012
2,19,23,26.9,90,1.2,152,0,0,0,1012
2,19,24,26.3,92,1,193,0,0,0,1012
2,20,1,25.7,96,0.8,176,0,0,0,1012
2,20,2,25.2,96,0.8,222,0,0,0,1013
2,20,3,24.6,97,1.6,224,0,0,0,1013
2,20,4,24.3,95,1.4,244,0,0,0,1013
2,20,5,24,100,0.5,274,0,0,0,1013
2,20,6,23.8,100,0.6,173,0,0,0,1013
2,20,7,23.8,97,0.8,198,0,1,1,1013
2,20,8,24.9,93,0.8,192,159,95,129,1013
2,20,9,26.6,88,0.8,137,467,154,366,1014
2,20,10,28.4,77,1.4,244,612,193,598,1014
2,20,11,30.1,71,1.9,205,583,286,765,1014
2,20,12,31.7,67,2.2,188,657,314,922,1014
2,20,13,32.8,64,2.4,183,598,371,948,1014
2,20,14,33.5,60,2.7,236,569,342,875,1014
2,20,15,34,59,2.7,255,613,286,804,1014
2,20,16,33.9,61,2.7,24,475,267,596,1014
2,20,17,33.3,64,2.7,167,386,190,381,1014
2,20,18,32.2,70,2.4,170,180,103,150,1014
2,20,19,31,75,2.2,175,0,2,2,1014
2,20,20,30.3,79,2,125,0,0,0,1014
2,20,21,29.6,82,1.6,357,0,0,0,1014
2,20,22,28.9,83,1.2,172,0,0,0,1014
2,20,23,28.2,86,1,150,0,0,0,1014
2,20,24,27.5,84,1,175,0,0,0,1014
2,21,1,27,87,0.8,167,0,0,0,1014
2,21,2,26.4,88,1,181,0,0,0,1014
2,21,3,25.8,92,1.7,204,0,0,0,1014
2,21,4,25.5,94,1.7,286,0,0,0,1014
2,21,5,25.2,96,1,327,0,0,0,1014
2,21,6,25,99,1,309,0,0,0,1014
2,21,7,25,100,1,277,0,2,2,1014
2,21,8,26,93,1.2,312,150,95,128,1014
2,21,9,27.5,89,1.4,287,323,182,329,1014
2,21,10,29.2,81,1.7,320,435,269,557,1014
2,21,11,30.9,74,2.4,260,554,296,753,1014
2,21,12,32.4,68,2.7,207,640,304,898,1014
2,21,13,33.7,62,3.4,224,605,368,953,1014
2,21,14,34.4,59,3.4,218,570,342,877,1014
2,21,15,34.7,58,3.4,159,502,327,752,1014
2,21,16,34.7,60,3.4,192,417,285,574,1014
2,21,17,34.1,61,3.1,181,391,185,379,1014
2,21,18,33.1,62,2.7,128,195,107,158,1014
2,21,19,31.9,67,2,148,0,2,2,1014
2,21,20,31.2,74,1.9,53,0,0,0,1014
2,21,21,30.4,76,1.4,339,0,0,0,1014
2,21,22,29.7,82,1,347,0,0,0,1014
2,21,23,29,83,1,183,0,0,0,1014
2,21,24,28.2,84,1,262,0,0,0,1014
2,22,1,27.6,85,0.8,231,0,0,0,1014
2,22,2,26.9,85,0.6,203,0,0,0,1014
2,22,3,26.3,87,1,207,0,0,0,1014
2,22,4,25.9,89,1,268,0,0,0,1014
2,22,5,25.6,92,0.2,230,0,0,0,1014
2,22,6,25.4,92,0.2,172,0,0,0,1014
2,22,7,25.4,91,0.3,119,0,1,1,1014
2,22,8,26.4,89,0.3,171,130,99,128,1014
2,22,9,27.8,85,0.5,140,198,226,317,1014
2,22,10,29.5,78,1,258,423,271,552,1014
2,22,11,31.2,72,1.7,234,558,296,756,1014
2,22,12,32.7,65,1.9,205,640,294,889,1014
2,22,13,33.9,62,1.7,184,615,332,928,1014
2,22,14,34.6,59,1.7,191,563,345,875,1014
2,22,15,34.9,61,1.9,158,420,366,722,1014
2,22,16,34.9,60,1.9,198,400,294,573,1013
2,22,17,34.4,59,2,241,378,207,395,1013
2,22,18,33.4,63,2,226,171,125,170,1013
2,22,19,32.2,69,1.9,181,0,7,7,1013
2,22,20,31.4,76,1.7,150,0,0,0,1013
2,22,21,30.6,83,1,150,0,0,0,1013
2,22,22,29.8,85,0.8,151,0,0,0,1013
2,22,23,29,87,0.6,187,0,0,0,1013
2,22,24,28.2,91,0.6,213,0,0,0,1013
2,23,1,27.5,90,0.6,262,0,0,0,1013
2,23,2,26.8,90,0.4,234,0,0,0,1013
2,23,3,26.1,95,1.2,200,0,0,0,1013
2,23,4,25.7,100,1.6,267,0,0,0,1013
2,23,5,25.4,100,0.8,218,0,0,0,1012
2,23,6,25.1,100,0.8,198,0,0,0,1012
2,23,7,25.1,100,0.6,180,0,1,1,1012
2,23,8,25.9,100,1,235,103,86,108,1012
2,23,9,27.2,100,1.6,188,150,226,295,1012
2,23,10,28.7,92,1.9,104,298,299,498,1012
2,23,11,29.9,88,2,158,249,423,629,1012
2,23,12,31.1,86,2.2,132,321,432,731,1012
2,23,13,32,83,2.2,40,312,468,770,1012
2,23,14,32.6,81,2.4,353,373,431,782,1012
2,23,15,32.9,81,2.7,16,281,406,645,1012
2,23,16,32.8,81,2.4,357,171,348,467,1012
2,23,17,32.3,82,2.7,338,149,249,324,1012
2,23,18,31.5,84,2.4,1,85,105,127,1011
2,23,19,30.5,88,1.7,5,0,2,2,1011
2,23,20,29.9,92,1.2,37,0,0,0,1011
2,23,21,29.3,93,1,13,0,0,0,1011
2,23,22,28.7,94,0.6,32,0,0,0,1011
2,23,23,28.1,93,0.4,164,0,0,0,1011
2,23,24,27.5,95,0.5,178,0,0,0,1011
2,24,1,27.1,95,0.8,145,0,0,0,1011
2,24,2,26.7,94,0.6,8,0,0,0,1011
2,24,3,26.3,94,0.6,187,0,0,0,1011
2,24,4,26.1,93,0.5,183,0,0,0,1011
2,24,5,25.9,96,0.6,232,0,0,0,1011
2,24,6,25.7,97,0.6,178,0,0,0,1010
2,24,7,25.7,94,1,208,0,1,1,1010
2,24,8,26.5,94,1.4,238,44,84,94,1010
2,24,9,27.7,90,1,135,77,219,254,1010
2,24,10,28.9,80,1,174,107,336,407,1010
2,24,11,30,78,1.2,173,121,424,525,1010
2,24,12,31,77,1,221,127,498,616,1010
2,24,13,31.9,74,1.2,195,143,528,668,1010
2,24,14,32.4,71,1.2,231,141,468,601,1010
2,24,15,32.5,72,1.2,178,90,409,486,1010
2,24,16,32.2,85,1.2,225,33,323,346,1010
2,24,17,31.9,86,1.2,189,58,232,261,1010
2,24,18,31.3,79,1,228,58,103,118,1010
2,24,19,30.5,82,1,172,0,3,3,1010
2,24,20,29.9,85,1.4,177,0,0,0,1011
2,24,21,29.3,88,1.4,240,0,0,0,1011
2,24,22,28.7,89,1.4,213,0,0,0,1011
2,24,23,28,92,1,197,0,0,0,1011
2,24,24,27.4,94,1,188,0,0,0,1011
2,25,1,26.9,91,0.4,247,0,0,0,1011
2,25,2,26.3,94,0.5,191,0,0,0,1011
2,25,3,25.7,97,1.2,189,0,0,0,1011
2,25,4,25.4,99,1.4,356,0,0,0,1011
2,25,5,25.1,100,0.6,20,0,0,0,1011
2,25,6,24.9,100,0.6,358,0,0,0,1011
2,25,7,24.9,100,0.4,341,0,1,1,1011
2,25,8,25.8,100,0.5,28,100,87,109,1012
2,25,9,27.1,95,0.8,343,126,230,288,1012
2,25,10,28.5,89,1.2,348,209,329,468,1012
2,25,11,29.9,83,1.7,2,298,398,646,1012
2,25,12,31.1,77,1.9,41,326,432,737,1012
2,25,13,32.1,75,2,160,343,450,784,1012
2,25,14,32.7,77,2,119,357,428,765,1012
2,25,15,33.1,76,2,181,337,391,678,1012
2,25,16,33.2,76,2,165,341,308,546,1012
2,25,17,32.7,74,2,353,173,251,338,1012
2,25,18,31.8,79,1.9,50,96,105,131,1012
2,25,19,30.8,78,1.4,133,0,2,2,1012
2,25,20,30.1,81,1,170,0,0,0,1012
2,25,21,29.3,84,0.8,155,0,0,0,1013
2,25,22,28.5,83,0.5,131,0,0,0,1013
2,25,23,27.8,86,0.3,31,0,0,0,1013
2,25,24,27,90,0.3,343,0,0,0,1013
2,26,1,26.4,96,0.2,20,0,0,0,1013
2,26,2,25.6,98,0.1,46,0,0,0,1013
2,26,3,24.9,100,0.6,24,0,0,0,1013
2,26,4,24.5,100,0.6,156,0,0,0,1013
2,26,5,24.2,100,0.2,22,0,0,0,1013
2,26,6,23.9,100,0.1,161,0,0,0,1013
2,26,7,23.9,100,0.1,190,0,3,3,1013
2,26,8,25,100,0.1,134,157,111,146,1013
2,26,9,26.6,98,0.1,45,385,197,375,1013
2,26,10,28.4,91,0.2,182,542,248,611,1013
2,26,11,30.1,85,0.4,180,641,275,808,1013
2,26,12,31.5,79,0.8,202,618,323,902,1014
2,26,13,32.3,76,0.8,209,412,429,830,1014
2,26,14,32.7,75,1,190,353,438,772,1013
2,26,15,32.9,76,1.2,187,327,395,673,1013
2,26,16,32.8,75,1.4,172,358,304,554,1013
2,26,17,32.2,76,1.4,186,189,252,346,1013
2,26,18,31.2,83,1.2,205,169,104,149,1012
2,26,19,30,90,1,191,0,2,2,1012
2,26,20,29.5,97,0.6,184,0,0,0,1012
2,26,21,29,97,0.2,232,0,0,0,1012
2,26,22,28.5,97,0.2,197,0,0,0,1012
2,26,23,28,99,0.2,208,0,0,0,1011
2,26,24,27.4,100,0.1,176,0,0,0,1011
2,27,1,27.2,100,0.3,165,0,0,0,1011
2,27,2,27,100,0.3,193,0,0,0,1011
2,27,3,26.7,100,0.4,234,0,0,0,1011
2,27,4,26.6,100,0.3,185,0,0,0,1010
2,27,5,26.4,100,0.4,147,0,0,0,1010
2,27,6,26.3,100,0.3,153,0,0,0,1010
2,27,7,26.4,100,0.4,125,0,3,3,1010
2,27,8,27.2,100,0.3,350,45,85,96,1009
2,27,9,28.2,98,0.2,348,40,203,222,1009
2,27,10,30,89,0.2,42,261,309,484,1009
2,27,11,30.9,84,0.3,181,80,371,437,1009
2,27,12,30.9,87,0.3,130,14,264,277,1009
2,27,13,30.3,92,0.3,179,0,74,74,1008
2,27,14,31,88,0.3,257,70,384,450,1009
2,27,15,30.6,89,0.3,204,47,410,451,1009
2,27,16,31.9,86,0.3,238,339,322,559,1009
2,27,17,32.1,79,0.4,180,372,238,424,1009
2,27,18,31.6,80,0.5,209,142,105,143,1009
2,27,19,30.9,84,0.4,227,0,14,14,1010
2,27,20,30.3,89,0.5,57,0,0,0,1010
2,27,21,29.7,92,0.5,36,0,0,0,1010
2,27,22,29,95,0.6,9,0,0,0,1010
2,27,23,28.4,95,0.6,138,0,0,0,1010
2,27,24,27.8,96,0.6,155,0,0,0,1011
2,28,1,27.2,98,0.3,43,0,0,0,1011
2,28,2,26.5,99,0.4,14,0,0,0,1011
2,28,3,25.9,96,1,36,0,0,0,1011
2,28,4,25.6,96,1,144,0,0,0,1011
2,28,5,25.3,96,0.3,189,0,0,0,1011
2,28,6,25.1,97,0.2,154,0,0,0,1012
2,28,7,25.1,96,0.3,201,0,1,1,1012
2,28,8,26.2,92,0.5,211,148,101,135,1012
2,28,9,27.6,88,0.6,185,310,190,335,1012
2,28,10,29.2,82,1,229,348,291,526,1012
2,28,11,30.7,73,1,166,426,354,709,1013
2,28,12,32.1,69,1.2,207,554,350,870,1013
2,28,13,33.1,65,1.2,197,487,386,862,1013
2,28,14,33.8,59,1.2,242,489,359,823,1013
2,28,15,34.2,60,1.2,219,424,365,727,1013
2,28,16,34,57,1,227,222,350,505,1013
2,28,17,33.4,58,1.2,205,173,252,338,1013
2,28,18,32.5,60,1,195,98,105,131,1013
2,28,19,31.4,65,0.6,182,0,2,2,1013
2,28,20,30.6,70,0.4,148,0,0,0,1013
2,28,21,29.8,71,0.2,256,0,0,0,1013
2,28,22,29,71,0.2,202,0,0,0,1013
2,28,23,28.2,72,0.2,139,0,0,0,1013
2,28,24,27.4,76,0.2,189,0,0,0,1013
3,1,1,26.7,80,0.6,187,0,0,0,1013
3,1,2,26,83,0.2,168,0,0,0,1013
3,1,3,25.3,85,0.1,177,0,0,0,1013
3,1,4,24.9,89,0.2,131,0,0,0,1013
3,1,5,24.6,85,0.1,181,0,0,0,1013
3,1,6,24.3,83,0.1,231,0,0,0,1013
3,1,7,24.3,86,0.1,229,0,1,1,1013
3,1,8,24.8,85,0.2,219,0,68,68,1013
3,1,9,25.9,82,1.3,186,33,214,229,1013
3,1,10,26.9,82,0.6,156,46,307,338,1013
3,1,11,28.4,71,2.1,145,281,410,645,1013
3,1,12,29.8,67,2.1,227,340,438,758,1013
3,1,13,30.7,68,3.9,221,292,462,747,1013
3,1,14,31.9,65,5.2,194,638,349,955,1013
3,1,15,32.5,63,3.9,238,613,312,836,1013
3,1,16,32.7,63,0.8,201,527,278,648,1013
3,1,17,32.4,64,0.4,186,389,220,415,1013
3,1,18,31.6,67,0.4,250,185,131,180,1013
3,1,19,30.6,72,0.3,251,0,22,22,1013
3,1,20,29.9,79,0.1,216,0,0,0,1013
3,1,21,29.1,78,0,221,0,0,0,1013
3,1,22,28.4,78,0.1,244,0,0,0,1013
3,1,23,27.6,81,0.1,232,0,0,0,1013
3,1,24,26.9,82,0.1,208,0,0,0,1013
3,2,1,26.2,85,0,210,0,0,0,1013
3,2,2,25.5,88,0.7,224,0,0,0,1013
3,2,3,24.9,90,0.9,216,0,0,0,1013
3,2,4,24.5,90,1.4,197,0,0,0,1013
3,2,5,24.1,94,2.1,236,0,0,0,1013
3,2,6,23.9,96,1.6,206,0,0,0,1013
3,2,7,23.9,96,0.9,209,0,1,1,1013
3,2,8,24.8,91,3.6,178,145,90,124,1013
3,2,9,25.9,93,2.6,60,131,230,292,1013
3,2,10,27.7,86,0.9,193,390,286,551,1013
3,2,11,29.2,75,0.9,173,434,345,709,1013
3,2,12,30.4,71,1.3,186,445,381,800,1013
3,2,13,31.3,70,2.4,203,361,454,808,1013
3,2,14,31.8,67,1.8,186,296,443,725,1013
3,2,15,32.3,64,1.8,198,560,321,800,1012
3,2,16,32.3,65,4.7,159,387,302,574,1012
3,2,17,31.8,65,7.4,167,237,233,352,1012
3,2,18,30.8,68,3.9,197,93,105,130,1012
3,2,19,29.8,71,1.3,184,0,2,2,1012
3,2,20,29.1,78,0.6,197,0,0,0,1012
3,2,21,28.5,83,1.1,211,0,0,0,1011
3,2,22,27.8,81,0.5,178,0,0,0,1011
3,2,23,27.2,83,0.2,212,0,0,0,1011
3,2,24,26.6,85,0.7,235,0,0,0,1011
3,3,1,26.1,90,0.9,215,0,0,0,1011
3,3,2,25.6,90,1.4,204,0,0,0,1011
3,3,3,25.1,90,1.4,235,0,0,0,1010
3,3,4,24.8,88,0.8,192,0,0,0,1010
3,3,5,24.6,87,0.7,214,0,0,0,1010
3,3,6,24.4,88,1.1,193,0,0,0,1010
3,3,7,24.4,91,1.4,165,0,1,1,1010
3,3,8,24.6,90,2.1,149,0,48,48,1010
3,3,9,25.9,88,1.8,200,72,209,244,1009
3,3,10,26.9,80,0.9,208,34,314,337,1009
3,3,11,27.6,80,0.3,252,23,366,386,1009
3,3,12,28.2,78,0.2,226,26,387,412,1009
3,3,13,28.6,89,0.7,244,83,460,542,1009
3,3,14,29,87,0.5,233,41,338,377,1009
3,3,15,29.5,73,0.7,214,203,411,585,1009
3,3,16,29.6,70,1.3,224,80,328,384,1009
3,3,17,28.6,85,0.9,171,20,188,197,1009
3,3,18,28.9,87,0.7,81,233,131,193,1009
3,3,19,28.3,87,0.8,81,0,23,23,1009
3,3,20,27.7,87,1.6,144,0,0,0,1009
3,3,21,27.2,87,1.6,162,0,0,0,1009
3,3,22,26.7,87,1.6,45,0,0,0,1009
3,3,23,26.1,87,1.8,154,0,0,0,1009
3,3,24,25.6,87,1.1,122,0,0,0,1009
3,4,1,25.2,87,2.6,205,0,0,0,1009
3,4,2,24.7,87,1.3,201,0,0,0,1009
3,4,3,24.3,88,0.6,198,0,0,0,1009
3,4,4,24.1,87,0.8,205,0,0,0,1009
3,4,5,23.8,89,1.4,228,0,0,0,1009
3,4,6,23.7,89,1.1,218,0,0,0,1009
3,4,7,23.6,92,1.4,162,0,2,2,1009
3,4,8,24.4,90,1.8,122,40,87,96,1009
3,4,9,25.2,93,2.9,167,59,218,246,1009
3,4,10,26.5,86,1.8,156,97,327,393,1009
3,4,11,27.5,80,1.6,201,93,407,485,1009
3,4,12,28.2,74,0.5,230,40,478,516,1009
3,4,13,28.6,84,0.2,212,86,468,552,1009
3,4,14,29.1,87,0.3,217,73,455,524,1009
3,4,15,29.2,87,0.4,146,47,410,450,1009
3,4,16,29.2,75,0.4,179,35,333,358,1009
3,4,17,28.8,77,0.2,178,13,199,205,1009
3,4,18,28.2,81,0.1,172,2,92,93,1008
3,4,19,27.4,84,0.1,186,0,2,2,1008
3,4,20,27.1,91,0,167,0,0,0,1008
3,4,21,26.8,93,0.2,210,0,0,0,1008
3,4,22,26.4,94,0.7,251,0,0,0,1008
3,4,23,25.5,99,1.3,256,0,0,0,1008
3,4,24,25.7,98,0.9,223,0,0,0,1008
3,5,1,25.3,99,0.2,242,0,0,0,1008
3,5,2,25.3,98,0.3,294,0,0,0,1008
3,5,3,25.1,99,0.4,323,0,0,0,1007
3,5,4,25,94,0.9,317,0,0,0,1007
3,5,5,24.9,94,0.3,241,0,0,0,1007
3,5,6,24.7,95,0.2,298,0,0,0,1007
3,5,7,24.8,95,1.1,248,0,1,1,1007
3,5,8,25.2,97,0.4,163,0,55,55,1007
3,5,9,25.9,95,0.4,240,0,135,135,1007
3,5,10,26.5,90,0.2,223,7,211,216,1007
3,5,11,27.1,88,0.2,224,12,277,286,1006
3,5,12,27.7,85,0.2,217,19,310,328,1006
3,5,13,28,87,0.2,222,20,326,346,1006
3,5,14,28.2,87,0,243,20,320,339,1006
3,5,15,28.2,91,0.2,327,13,291,302,1006
3,5,16,28.3,90,0.6,329,7,232,237,1006
3,5,17,27.9,90,0.8,309,0,157,157,1006
3,5,18,27.4,91,0.6,245,0,60,60,1006
3,5,19,27.4,87,0.5,259,0,2,2,1006
3,5,20,26.9,90,1.3,244,0,0,0,1006
3,5,21,26.3,90,2.4,224,0,0,0,1006
3,5,22,24.8,95,1.6,196,0,0,0,1006
3,5,23,25.6,95,3.2,315,0,0,0,1006
3,5,24,24.9,94,6.2,328,0,0,0,1006
3,6,1,25.9,90,2.1,343,0,0,0,1006
3,6,2,24.5,95,1.1,334,0,0,0,1006
3,6,3,25.6,88,0.6,318,0,0,0,1006
3,6,4,25.1,96,0.4,308,0,0,0,1006
3,6,5,25.2,98,0.8,334,0,0,0,1006
3,6,6,25.5,95,0.6,288,0,0,0,1007
3,6,7,25.5,96,1.6,253,0,1,1,1007
3,6,8,26,95,1.3,239,0,59,59,1007
3,6,9,26.8,94,0.8,214,0,147,147,1007
3,6,10,27.5,89,0.3,209,6,227,231,1007
3,6,11,28.2,87,1.3,221,13,311,322,1007
3,6,12,28.8,87,2.1,216,22,333,353,1007
3,6,13,29.2,87,3.2,163,23,350,372,1007
3,6,14,29.5,87,3.2,228,21,331,351,1007
3,6,15,29.7,87,3.9,224,14,303,315,1007
3,6,16,29.8,75,3.2,219,8,238,244,1008
3,6,17,29.5,87,1.1,160,0,152,152,1008
3,6,18,28.8,90,0.7,167,0,65,65,1008
3,6,19,28.7,87,0.6,195,0,2,2,1009
3,6,20,28,87,0.3,179,0,0,0,1009
3,6,21,27.4,88,1.1,208,0,0,0,1009
3,6,22,26.8,91,0.8,199,0,0,0,1010
3,6,23,26.1,91,1.6,223,0,0,0,1010
3,6,24,25.5,92,0.9,175,0,0,0,1010
3,7,1,24.8,94,0.5,177,0,0,0,1011
3,7,2,24.1,98,0.6,197,0,0,0,1011
3,7,3,23.4,98,2.4,232,0,0,0,1011
3,7,4,23,98,0.4,232,0,0,0,1012
3,7,5,22.6,96,0.7,248,0,0,0,1012
3,7,6,22.3,98,0.6,189,0,0,0,1012
3,7,7,22.4,97,0,245,0,3,3,1013
3,7,8,23.6,93,0,226,205,104,153,1013
3,7,9,25.2,88,0,250,460,166,386,1013
3,7,10,27,80,0.5,304,581,212,610,1014
3,7,11,28.7,70,2.9,319,617,288,810,1014
3,7,12,30.1,66,3.9,238,602,348,920,1014
3,7,13,31.2,62,2.9,300,595,377,964,1015
3,7,14,32,60,2.6,296,652,328,952,1015
3,7,15,32.3,61,2.6,319,593,302,812,1015
3,7,16,32.4,59,1.4,320,630,217,661,1014
3,7,17,31.8,61,3.6,326,480,183,424,1014
3,7,18,30.8,65,3.6,302,245,117,181,1014
3,7,19,29.5,71,7.4,302,0,6,6,1014
3,7,20,28.6,77,4.7,305,0,0,0,1014
3,7,21,27.8,78,3.6,332,0,0,0,1014
3,7,22,26.9,80,0.9,334,0,0,0,1014
3,7,23,26,80,0.8,324,0,0,0,1014
3,7,24,25.1,80,0.7,228,0,0,0,1014
3,8,1,24.4,83,1.4,228,0,0,0,1014
3,8,2,23.6,85,0.8,232,0,0,0,1014
3,8,3,22.8,85,0.8,223,0,0,0,1014
3,8,4,22.4,86,0.5,242,0,0,0,1014
3,8,5,21.9,90,0.1,242,0,0,0,1014
3,8,6,21.6,92,0,233,0,0,0,1014
3,8,7,21.5,94,0,248,0,3,3,1014
3,8,8,22.5,91,0,201,217,96,148,1014
3,8,9,23.8,89,0.2,200,416,170,369,1014
3,8,10,25.1,84,0.1,222,359,298,544,1014
3,8,11,26.2,77,0.3,260,368,384,696,1014
3,8,12,27.4,73,0.7,209,558,356,886,1014
3,8,13,28.3,71,3.2,225,536,385,914,1014
3,8,14,28.8,67,1.4,248,393,428,804,1013
3,8,15,29,67,1.8,242,427,365,732,1013
3,8,16,28.9,70,2.1,204,471,269,601,1013
3,8,17,28.5,70,1.8,215,456,178,406,1013
3,8,18,27.6,74,5.8,208,316,102,185,1013
3,8,19,26.5,80,2.9,251,0,9,9,1013
3,8,20,25.8,88,2.4,186,0,0,0,1013
3,8,21,25.1,87,3.9,189,0,0,0,1013
3,8,22,24.4,90,1.6,144,0,0,0,1013
3,8,23,23.7,93,3.2,207,0,0,0,1013
3,8,24,23,93,3.2,208,0,0,0,1012
3,9,1,22.7,92,1.4,190,0,0,0,1012
3,9,2,22.4,93,1.3,166,0,0,0,1012
3,9,3,22.2,95,1.8,58,0,0,0,1012
3,9,4,22.1,94,0.8,237,0,0,0,1012
3,9,5,22,95,0.5,223,0,0,0,1012
3,9,6,21.9,97,0.1,201,0,0,0,1012
3,9,7,21.9,98,0,212,0,1,1,1012
3,9,8,22.7,98,0.1,170,62,93,108,1012
3,9,9,24.1,95,0.3,158,87,232,275,1011
3,9,10,25.4,87,0.1,190,131,338,429,1011
3,9,11,26.8,80,0.1,185,222,420,608,1011
3,9,12,27.9,74,1.6,174,252,454,693,1011
3,9,13,28.9,69,2.4,211,208,539,744,1011
3,9,14,29.5,69,1.8,188,236,461,687,1011
3,9,15,29.8,67,2.1,223,215,428,613,1011
3,9,16,29.8,71,2.1,236,136,351,447,1011
3,9,17,29.3,84,3.2,224,81,238,279,1011
3,9,18,28.5,75,4.3,186,40,99,110,1011
3,9,19,27.2,90,1.4,148,0,2,2,1012
3,9,20,27,91,0.9,215,0,0,0,1012
3,9,21,26.4,92,1.6,165,0,0,0,1012
3,9,22,25.9,91,2.4,237,0,0,0,1012
3,9,23,25.3,91,0.8,199,0,0,0,1012
3,9,24,24.7,92,1.1,209,0,0,0,1012
3,10,1,24.1,95,0.7,210,0,0,0,1012
3,10,2,23.5,95,0.5,153,0,0,0,1012
3,10,3,22.9,97,0.9,228,0,0,0,1012
3,10,4,22.5,98,0.2,186,0,0,0,1012
3,10,5,22.2,97,0.1,184,0,0,0,1012
3,10,6,22,93,0.5,212,0,0,0,1012
3,10,7,22,92,1.1,190,0,3,3,1013
3,10,8,23.2,87,0.1,215,219,97,150,1013
3,10,9,24.5,89,0,186,180,245,332,1013
3,10,10,25.9,79,0.2,187,237,339,503,1013
3,10,11,27.5,72,0.7,201,478,333,740,1013
3,10,12,28.9,68,1.1,192,573,347,893,1013
3,10,13,30,63,1.4,215,516,395,905,1013
3,10,14,30.5,60,3.2,175,367,440,791,1013
3,10,15,30.7,60,4.7,150,292,416,668,1013
3,10,16,30.5,64,7.4,181,203,352,495,1013
3,10,17,30,65,4.3,186,284,218,361,1013
3,10,18,29,68,3.2,222,57,102,117,1013
3,10,19,27.9,75,1.6,192,0,2,2,1013
3,10,20,27.3,80,1.4,232,0,0,0,1013
3,10,21,26.7,84,0.4,218,0,0,0,1013
3,10,22,26.1,86,0.2,185,0,0,0,1013
3,10,23,25.5,89,0.1,158,0,0,0,1013
3,10,24,24.9,90,0,223,0,0,0,1013
3,11,1,24.4,91,0,204,0,0,0,1013
3,11,2,24,92,0.1,137,0,0,0,1013
3,11,3,23.5,92,0.2,155,0,0,0,1013
3,11,4,23.2,91,0.1,205,0,0,0,1013
3,11,5,23,93,0,181,0,0,0,1013
3,11,6,22.8,98,0.1,195,0,0,0,1013
3,11,7,22.8,100,0.1,172,0,1,1,1013
3,11,8,23.9,100,0.5,54,154,95,132,1013
3,11,9,25.3,98,0.1,184,184,246,335,1013
3,11,10,26.9,87,0.1,168,283,319,516,1013
3,11,11,28.5,78,0,217,466,339,736,1013
3,11,12,30,73,0.2,191,529,358,862,1013
3,11,13,30.9,71,0.1,255,427,421,844,1013
3,11,14,31.5,66,0.2,189,359,440,784,1013
3,11,15,31.9,66,0.2,218,433,362,734,1013
3,11,16,31.9,68,0.5,225,366,302,560,1012
3,11,17,31.4,73,0.3,199,379,194,384,1012
3,11,18,30.5,76,0.8,203,258,104,172,1012
3,11,19,29.4,81,0.2,219,0,5,5,1012
3,11,20,28.8,83,0.3,189,0,0,0,1011
3,11,21,28.3,87,0.2,218,0,0,0,1011
3,11,22,27.8,89,0.2,226,0,0,0,1011
3,11,23,27.2,89,0.5,165,0,0,0,1011
3,11,24,26.7,91,0.5,89,0,0,0,1011
3,12,1,26.3,87,0.5,208,0,0,0,1010
3,12,2,25.9,91,0.3,158,0,0,0,1010
3,12,3,25.5,91,0.3,221,0,0,0,1010
3,12,4,25.2,90,0.7,194,0,0,0,1010
3,12,5,25,94,0.3,198,0,0,0,1009
3,12,6,24.9,98,0.5,189,0,0,0,1009
3,12,7,24.9,97,0.6,254,0,1,1,1009
3,12,8,25.4,98,0.3,208,0,68,68,1009
3,12,9,26.1,97,0.3,192,2,162,163,1009
3,12,10,26.9,93,0.1,170,12,265,274,1008
3,12,11,27.6,90,0.4,187,20,359,376,1008
3,12,12,28.2,92,0.7,208,32,383,413,1008
3,12,13,28.7,87,0.2,166,32,400,431,1008
3,12,14,29.1,82,1.3,232,21,418,438,1008
3,12,15,29.3,87,1.8,207,32,381,408,1008
3,12,16,29.3,87,0.8,232,28,309,329,1008
3,12,17,29.1,88,1.4,192,15,202,209,1008
3,12,18,27.8,93,1.4,154,0,85,85,1008
3,12,19,27.9,89,1.1,175,0,3,3,1008
3,12,20,27.3,95,0.3,177,0,0,0,1008
3,12,21,27.2,98,0.7,193,0,0,0,1009
3,12,22,26.7,99,0.7,143,0,0,0,1009
3,12,23,26.3,99,1.8,164,0,0,0,1009
3,12,24,25.8,99,1.3,197,0,0,0,1009
3,13,1,25.4,98,0.4,215,0,0,0,1009
3,13,2,25,99,0.1,199,0,0,0,1009
3,13,3,24.6,99,0.8,233,0,0,0,1009
3,13,4,24.4,99,0.4,244,0,0,0,1009
3,13,5,24.1,99,0.4,252,0,0,0,1009
3,13,6,24,99,0.4,197,0,0,0,1010
3,13,7,23.9,99,0.7,234,0,1,1,1010
3,13,8,24.8,98,0.7,299,95,81,104,1010
3,13,9,26.8,90,1.3,249,384,202,390,1010
3,13,10,27.8,81,0.9,232,124,334,420,1010
3,13,11,28.8,76,0.5,211,117,418,517,1010
3,13,12,30,72,0.3,245,244,459,692,1010
3,13,13,30.3,83,1.1,215,80,463,542,1010
3,13,14,30.2,90,0.9,224,29,455,482,1010
3,13,15,30.4,87,1.4,219,31,380,407,1010
3,13,16,30.7,74,1.3,216,253,327,505,1010
3,13,17,30.7,72,1.3,204,561,185,466,1010
3,13,18,30.1,74,1.3,169,237,115,177,1010
3,13,19,29.2,76,2.1,171,0,3,3,1009
3,13,20,28.7,83,4.3,118,0,0,0,1009
3,13,21,28.3,83,2.9,85,0,0,0,1009
3,13,22,27.8,84,4.7,187,0,0,0,1009
3,13,23,27.4,89,2.4,161,0,0,0,1009
3,13,24,26.9,89,2.9,189,0,0,0,1009
3,14,1,26.7,91,1.1,147,0,0,0,1008
3,14,2,26.4,94,2.4,163,0,0,0,1008
3,14,3,26.2,97,2.4,123,0,0,0,1008
3,14,4,26.1,94,0.7,140,0,0,0,1008
3,14,5,25.8,94,0.2,175,0,0,0,1008
3,14,6,25.9,97,0.2,144,0,0,0,1008
3,14,7,25.9,98,0.2,179,0,1,1,1008
3,14,8,26.4,96,0.3,218,0,58,58,1007
3,14,9,26.8,95,2.4,167,0,137,137,1007
3,14,10,27.6,90,1.6,220,5,220,224,1007
3,14,11,28.3,85,1.8,242,13,295,306,1007
3,14,12,28.9,86,1.4,242,22,334,354,1007
3,14,13,29.2,87,0.6,223,21,341,362,1007
3,14,14,29.2,93,0.7,185,23,347,370,1007
3,14,15,29.3,94,0.1,212,17,321,335,1007
3,14,16,29,96,0.1,229,11,255,263,1007
3,14,17,27.9,99,0.5,210,3,166,168,1007
3,14,18,28.9,95,1.1,243,0,73,73,1007
3,14,19,28.7,93,0.7,246,0,4,4,1007
3,14,20,28.4,97,1.6,243,0,0,0,1007
3,14,21,28,97,2.1,215,0,0,0,1007
3,14,22,27.7,94,3.6,225,0,0,0,1007
3,14,23,27.3,97,1.8,238,0,0,0,1007
3,14,24,27.2,95,2.6,210,0,0,0,1007
3,15,1,27,96,1.3,163,0,0,0,1007
3,15,2,26.7,98,1.6,168,0,0,0,1007
3,15,3,26.4,99,2.6,215,0,0,0,1007
3,15,4,26.3,99,2.9,185,0,0,0,1007
3,15,5,26.2,99,1.8,190,0,0,0,1007
3,15,6,26.1,99,1.4,160,0,0,0,1007
3,15,7,26.1,99,0.5,164,0,1,1,1007
3,15,8,26.7,99,0.3,175,0,71,71,1007
3,15,9,27.5,94,0.3,207,6,178,181,1007
3,15,10,28.3,87,1.1,201,16,283,294,1007
3,15,11,29.1,80,0.9,93,21,342,360,1007
3,15,12,29.7,78,0.4,307,31,381,411,1008
3,15,13,30.3,77,0.2,325,21,438,459,1008
3,15,14,30.6,78,2.1,74,17,395,412,1008
3,15,15,30.8,75,1.3,51,23,376,396,1008
3,15,16,30.6,88,1.3,192,16,283,294,1008
3,15,17,30.4,87,1.6,96,8,181,185,1008
3,15,18,30,87,1.4,176,0,83,83,1008
3,15,19,29.3,91,1.8,138,0,4,4,1008
3,15,20,29.1,94,1.1,165,0,0,0,1008
3,15,21,28.8,94,2.6,235,0,0,0,1008
3,15,22,28.4,97,1.8,199,0,0,0,1008
3,15,23,27.1,99,0.9,206,0,0,0,1008
3,15,24,27.3,99,0.6,243,0,0,0,1008
3,16,1,26.7,99,2.1,194,0,0,0,1008
3,16,2,27,98,1.6,191,0,0,0,1008
3,16,3,26.7,98,2.6,181,0,0,0,1008
3,16,4,26.6,98,1.3,207,0,0,0,1008
3,16,5,26.5,99,0.8,226,0,0,0,1008
3,16,6,26.4,99,0.9,216,0,0,0,1008
3,16,7,26.4,99,0.4,180,0,1,1,1008
3,16,8,26.9,99,0.9,165,0,74,74,1008
3,16,9,27.8,98,2.4,167,12,193,199,1008
3,16,10,28.8,92,1.6,209,24,307,323,1008
3,16,11,29.7,88,3.6,207,38,392,424,1008
3,16,12,30.4,81,2.1,167,51,431,480,1008
3,16,13,31,79,1.6,161,34,492,527,1008
3,16,14,31.4,77,1.4,161,25,441,466,1008
3,16,15,31.5,77,0.7,221,30,376,402,1008
3,16,16,31.5,79,0.6,191,20,289,304,1008
3,16,17,31.1,80,0.6,199,13,191,198,1008
3,16,18,30.6,82,0.5,207,0,84,84,1008
3,16,19,29.9,81,0.8,187,0,4,4,1008
3,16,20,29.7,85,1.6,165,0,0,0,1008
3,16,21,29.4,83,0.7,175,0,0,0,1008
3,16,22,29.2,84,0.4,185,0,0,0,1008
3,16,23,28.9,89,0.9,161,0,0,0,1008
3,16,24,28.4,91,1.4,173,0,0,0,1008
3,17,1,27.4,97,0.7,52,0,0,0,1008
3,17,2,28.3,95,0.4,34,0,0,0,1008
3,17,3,28.2,95,0.4,48,0,0,0,1008
3,17,4,27.7,96,0.2,4,0,0,0,1008
3,17,5,27.9,91,0.1,340,0,0,0,1008
3,17,6,27.7,95,0,340,0,0,0,1008
3,17,7,28,95,0,338,0,2,2,1008
3,17,8,28.6,93,0.2,335,0,71,71,1008
3,17,9,29.5,90,0.6,341,6,174,177,1008
3,17,10,30.3,88,0.8,329,11,259,267,1008
3,17,11,31.1,87,2.1,4,22,368,386,1007
3,17,12,31.9,86,0.6,358,33,390,422,1007
3,17,13,32.4,86,1.1,41,34,408,441,1007
3,17,14,32.8,74,1.6,305,31,385,415,1008
3,17,15,33,70,0.7,349,21,343,361,1008
3,17,16,33,69,0.8,343,16,276,287,1008
3,17,17,32.8,81,0.6,339,11,192,197,1008
3,17,18,32.2,86,1.1,324,0,75,75,1009
3,17,19,31.7,86,0.6,21,0,1,1,1009
3,17,20,31.1,87,0.4,77,0,0,0,1009
3,17,21,30.5,87,0.5,200,0,0,0,1009
3,17,22,29.9,87,0.8,188,0,0,0,1009
3,17,23,29.3,87,0.5,187,0,0,0,1010
3,17,24,28.8,87,1.1,174,0,0,0,1010
3,18,1,28.1,89,1.1,197,0,0,0,1010
3,18,2,27.4,91,2.6,72,0,0,0,1010
3,18,3,26.8,94,2.9,184,0,0,0,1011
3,18,4,26.4,95,3.2,184,0,0,0,1011
3,18,5,26,92,1.8,165,0,0,0,1011
3,18,6,25.8,92,1.4,172,0,0,0,1011
3,18,7,25.8,91,0.7,170,0,5,5,1012
3,18,8,27.1,85,0.3,169,224,103,160,1012
3,18,9,28.5,82,0.3,71,326,201,363,1012
3,18,10,30,76,0.8,111,390,292,566,1012
3,18,11,31.6,71,0.1,107,490,333,756,1012
3,18,12,32.8,67,0.2,61,541,343,863,1013
3,18,13,33.8,65,0.4,329,466,400,865,1013
3,18,14,34.3,63,0,53,358,440,784,1013
3,18,15,34.4,61,0,49,285,417,663,1013
3,18,16,34.3,60,0.1,78,250,345,521,1013
3,18,17,33.5,73,0.1,321,126,245,308,1013
3,18,18,32.7,67,0.1,348,125,102,134,1013
3,18,19,31.6,69,0.9,336,0,1,1,1013
3,18,20,30.9,76,1.1,350,0,0,0,1013
3,18,21,30.2,79,0.8,329,0,0,0,1013
3,18,22,29.5,79,0.8,338,0,0,0,1013
3,18,23,28.7,82,0.5,334,0,0,0,1012
3,18,24,28,85,0.2,325,0,0,0,1012
3,19,1,27.5,89,0.3,333,0,0,0,1012
3,19,2,26.9,90,0.9,355,0,0,0,1012
3,19,3,26.3,93,0.7,172,0,0,0,1012
3,19,4,26,96,1.3,106,0,0,0,1012
3,19,5,25.7,95,0.2,180,0,0,0,1012
3,19,6,25.5,97,0.1,193,0,0,0,1012
3,19,7,25.5,97,0.1,124,0,4,4,1012
3,19,8,26.5,92,0.2,335,120,101,132,1012
3,19,9,27.9,86,1.3,75,161,253,333,1012
3,19,10,29.3,79,0.8,55,211,346,495,1012
3,19,11,30.6,71,0.3,72,294,414,668,1012
3,19,12,31.7,69,0.4,190,300,443,732,1012
3,19,13,32.5,65,1.3,169,311,460,770,1012
3,19,14,33,64,1.4,194,274,451,715,1012
3,19,15,33.3,62,2.9,181,229,444,642,1012
3,19,16,33.3,64,1.8,198,210,346,494,1011
3,19,17,32.8,63,2.4,154,132,245,311,1011
3,19,18,31.9,62,3.2,107,66,100,117,1011
3,19,19,30.9,64,5.5,117,0,1,1,1011
3,19,20,30.3,70,2.9,147,0,0,0,1011
3,19,21,29.7,69,1.1,167,0,0,0,1010
3,19,22,29,83,2.4,111,0,0,0,1010
3,19,23,28.1,90,1.3,181,0,0,0,1010
3,19,24,27.8,87,0.3,243,0,0,0,1010
3,20,1,27.4,90,0.6,217,0,0,0,1010
3,20,2,26.9,90,1.6,199,0,0,0,1009
3,20,3,26.4,90,2.1,198,0,0,0,1009
3,20,4,26,87,2.1,171,0,0,0,1009
3,20,5,25.9,87,2.4,230,0,0,0,1009
3,20,6,24.5,95,0.9,236,0,0,0,1009
3,20,7,25.3,92,0.2,190,0,3,3,1008
3,20,8,26,92,1.6,182,0,80,80,1008
3,20,9,26.9,91,2.9,207,10,189,194,1008
3,20,10,27.9,87,0.8,244,18,291,304,1008
3,20,11,28.7,87,1.1,244,26,385,407,1008
3,20,12,29.2,87,0.8,170,17,391,407,1007
3,20,13,29.6,87,0.2,250,28,386,414,1007
3,20,14,29.9,74,0.2,182,18,401,418,1008
3,20,15,29.9,86,0,212,12,305,315,1008
3,20,16,29.8,87,0.1,202,9,241,247,1008
3,20,17,29.4,87,0,169,2,164,165,1008
3,20,18,28.9,87,0.2,167,0,63,63,1009
3,20,19,28.5,87,1.1,108,0,1,1,1009
3,20,20,27.9,87,0.9,177,0,0,0,1009
3,20,21,27.4,89,0.5,45,0,0,0,1009
3,20,22,26.8,94,0.9,180,0,0,0,1010
3,20,23,26.2,97,1.8,164,0,0,0,1010
3,20,24,25.6,98,1.8,186,0,0,0,1010
3,21,1,25.2,98,0.6,178,0,0,0,1010
3,21,2,24.7,98,0.3,171,0,0,0,1011
3,21,3,24.2,98,1.6,204,0,0,0,1011
3,21,4,23.9,98,1.1,193,0,0,0,1011
3,21,5,23.6,100,0.2,176,0,0,0,1011
3,21,6,23.4,100,0.5,158,0,0,0,1012
3,21,7,23.5,100,0.3,156,0,4,4,1012
3,21,8,24.7,94,0.2,147,212,99,155,1012
3,21,9,26.3,90,0.6,216,361,194,375,1012
3,21,10,28.1,82,0.7,215,481,259,599,1013
3,21,11,29.6,77,0.6,192,520,311,761,1013
3,21,12,31,71,0.4,198,550,343,873,1013
3,21,13,32,68,0.8,231,533,371,903,1013
3,21,14,32.7,67,2.1,192,512,365,857,1013
3,21,15,32.9,68,4.7,137,423,364,729,1013
3,21,16,32.8,71,3.6,178,345,310,552,1013
3,21,17,32.2,72,3.9,214,181,247,336,1013
3,21,18,31.2,77,4.7,224,136,100,135,1013
3,21,19,30,79,6.7,230,0,1,1,1013
3,21,20,29.4,85,5.5,209,0,0,0,1013
3,21,21,28.8,86,6.2,207,0,0,0,1013
3,21,22,28.3,87,4.7,221,0,0,0,1013
3,21,23,27.7,86,3.2,148,0,0,0,1013
3,21,24,27.1,88,2.9,193,0,0,0,1013
3,22,1,26.7,84,1.1,164,0,0,0,1013
3,22,2,26.2,86,0.8,197,0,0,0,1013
3,22,3,25.7,91,1.3,187,0,0,0,1013
3,22,4,25.4,91,0.8,198,0,0,0,1013
3,22,5,25.2,93,0.1,228,0,0,0,1012
3,22,6,25,95,0.1,210,0,0,0,1012
3,22,7,24.8,99,0.1,190,0,2,2,1012
3,22,8,26,97,0.6,227,91,103,127,1012
3,22,9,27.2,97,0.6,243,99,243,292,1012
3,22,10,28.9,89,1.1,296,300,324,536,1012
3,22,11,30.5,86,1.8,334,353,398,704,1012
3,22,12,31.7,78,2.1,298,361,440,788,1012
3,22,13,32.5,75,0.9,251,265,481,746,1012
3,22,14,33,75,0.8,309,174,519,687,1012
3,22,15,33.2,74,1.1,322,195,428,597,1012
3,22,16,33.2,73,0.8,252,240,341,510,1012
3,22,17,32.7,75,2.6,250,174,252,338,1012
3,22,18,31.9,77,2.1,300,183,98,145,1012
3,22,19,30.9,79,2.1,216,0,5,5,1012
3,22,20,30.2,81,1.4,244,0,0,0,1012
3,22,21,29.6,82,0.4,203,0,0,0,1011
3,22,22,29,82,0.2,252,0,0,0,1011
3,22,23,28.3,85,0.2,238,0,0,0,1011
3,22,24,27.7,84,0.1,162,0,0,0,1011
3,23,1,27.2,86,0.2,241,0,0,0,1011
3,23,2,26.7,90,1.1,225,0,0,0,1011
3,23,3,26.2,91,1.1,218,0,0,0,1011
3,23,4,25.9,93,1.8,197,0,0,0,1011
3,23,5,25.7,97,1.6,205,0,0,0,1011
3,23,6,25.4,98,1.1,208,0,0,0,1011
3,23,7,25.5,99,1.6,259,0,2,2,1011
3,23,8,26.2,98,0.7,237,17,95,100,1011
3,23,9,27.4,91,1.3,164,58,229,259,1011
3,23,10,28.6,82,0.8,198,110,347,425,1011
3,23,11,29.9,75,0.9,212,203,426,603,1010
3,23,12,30.7,71,3.9,193,124,473,593,1010
3,23,13,31.5,68,2.4,150,120,534,654,1010
3,23,14,32,66,1.6,159,197,473,663,1011
3,23,15,32.2,65,1.8,190,125,426,534,1011
3,23,16,32.1,77,1.8,183,125,345,433,1011
3,23,17,31.3,90,2.9,173,53,221,247,1011
3,23,18,31.1,87,1.3,192,59,98,113,1011
3,23,19,30.2,87,1.4,219,0,2,2,1011
3,23,20,29.5,87,0.6,196,0,0,0,1012
3,23,21,28.8,87,0.7,161,0,0,0,1012
3,23,22,28.1,87,0.2,166,0,0,0,1012
3,23,23,27.4,87,0.2,159,0,0,0,1012
3,23,24,26.7,87,0.1,215,0,0,0,1012
3,24,1,26,92,0,189,0,0,0,1013
3,24,2,25.4,93,0,203,0,0,0,1013
3,24,3,24.7,94,0.1,174,0,0,0,1013
3,24,4,24.3,94,0,198,0,0,0,1013
3,24,5,24,96,0,232,0,0,0,1013
3,24,6,23.7,96,0.1,180,0,0,0,1013
3,24,7,23.8,97,0.2,163,0,5,5,1014
3,24,8,25.2,93,0.7,163,216,118,176,1014
3,24,9,26.9,89,1.1,153,479,165,408,1014
3,24,10,28.7,78,2.4,174,582,220,634,1014
3,24,11,30.4,74,4.3,142,605,301,826,1014
3,24,12,31.8,68,3.2,181,604,353,937,1015
3,24,13,32.9,62,2.9,186,612,369,980,1015
3,24,14,33.7,57,3.2,114,636,331,944,1015
3,24,15,34.1,59,5.2,156,688,254,846,1015
3,24,16,34.1,58,5.2,82,633,197,641,1015
3,24,17,33.5,60,9.6,177,510,163,415,1015
3,24,18,32.4,62,4.3,53,244,110,172,1015
3,24,19,31.1,67,1.1,315,0,6,6,1015
3,24,20,30.2,74,0.5,338,0,0,0,1015
3,24,21,29.4,74,0.1,107,0,0,0,1015
3,24,22,28.6,73,0.1,72,0,0,0,1015
3,24,23,27.7,77,0.1,158,0,0,0,1015
3,24,24,26.9,79,0.1,163,0,0,0,1015
3,25,1,26.2,82,0.3,152,0,0,0,1015
3,25,2,25.5,83,1.4,187,0,0,0,1015
3,25,3,24.8,84,3.2,164,0,0,0,1015
3,25,4,24.4,84,2.4,209,0,0,0,1015
3,25,5,24,84,0.6,211,0,0,0,1014
3,25,6,23.8,88,0.2,215,0,0,0,1014
3,25,7,23.8,87,0.3,235,0,4,4,1014
3,25,8,25,83,0.6,198,197,103,156,1014
3,25,9,26.7,81,0.8,182,367,196,382,1014
3,25,10,28.5,73,0.9,196,545,234,623,1014
3,25,11,30,68,1.8,184,550,303,782,1014
3,25,12,31.4,62,1.1,77,567,356,904,1014
3,25,13,32.6,62,1.6,55,634,359,993,1014
3,25,14,33.4,59,1.8,125,593,361,933,1014
3,25,15,33.7,56,1.1,120,604,280,800,1014
3,25,16,33.7,55,2.9,17,621,207,642,1014
3,25,17,33.1,59,3.6,358,546,146,415,1014
3,25,18,32.1,62,2.1,351,208,111,163,1014
3,25,19,30.8,65,0.6,56,0,4,4,1014
3,25,20,30,72,0.2,114,0,0,0,1014
3,25,21,29.1,77,0.1,73,0,0,0,1014
3,25,22,28.3,79,0.3,150,0,0,0,1014
3,25,23,27.5,82,0.3,180,0,0,0,1014
3,25,24,26.6,84,0.1,188,0,0,0,1014
3,26,1,26,86,0.8,6,0,0,0,1014
3,26,2,25.2,90,0.7,77,0,0,0,1014
3,26,3,24.5,92,0.9,3,0,0,0,1014
3,26,4,24.1,95,1.3,8,0,0,0,1014
3,26,5,23.8,96,1.6,350,0,0,0,1014
3,26,6,23.5,98,1.8,95,0,0,0,1014
3,26,7,23.5,98,1.4,154,0,4,4,1014
3,26,8,24.7,95,1.4,157,181,105,154,1014
3,26,9,26.4,89,1.8,341,402,189,394,1014
3,26,10,28.1,78,3.9,348,498,254,609,1014
3,26,11,29.8,75,2.6,329,544,321,795,1014
3,26,12,31.1,74,3.6,328,529,365,877,1014
3,26,13,32.1,67,4.3,348,555,384,940,1014
3,26,14,32.9,64,3.6,331,625,342,944,1014
3,26,15,33.3,62,4.7,8,564,307,792,1014
3,26,16,33.3,60,2.6,354,643,209,660,1014
3,26,17,32.7,61,2.9,47,524,158,416,1014
3,26,18,31.7,62,2.9,113,245,109,171,1014
3,26,19,30.4,67,0.7,173,0,5,5,1014
3,26,20,29.7,76,0.9,180,0,0,0,1014
3,26,21,29,79,1.3,154,0,0,0,1014
3,26,22,28.3,83,1.8,171,0,0,0,1014
3,26,23,27.6,87,0.5,157,0,0,0,1014
3,26,24,26.9,90,0.6,158,0,0,0,1014
3,27,1,26.4,94,0.2,192,0,0,0,1014
3,27,2,25.9,97,0.1,153,0,0,0,1014
3,27,3,25.3,97,0.5,190,0,0,0,1014
3,27,4,25.1,97,0.7,212,0,0,0,1014
3,27,5,24.8,98,0.6,216,0,0,0,1014
3,27,6,24.6,100,0.7,161,0,0,0,1014
3,27,7,24.7,99,0.7,177,0,5,5,1014
3,27,8,25.9,95,0.2,221,188,105,156,1014
3,27,9,27.5,90,0.3,254,309,208,366,1014
3,27,10,29.2,81,0.2,248,398,300,585,1014
3,27,11,30.9,75,1.1,248,517,327,778,1014
3,27,12,32.4,70,0.9,273,575,374,931,1014
3,27,13,33.6,63,1.3,252,616,343,958,1014
3,27,14,34.4,62,1.3,244,634,309,919,1014
3,27,15,34.7,60,1.8,237,571,306,797,1014
3,27,16,34.7,62,0.8,232,501,245,596,1014
3,27,17,34.1,63,0.9,225,446,170,390,1014
3,27,18,33,65,1.4,224,171,110,153,1014
3,27,19,31.8,69,1.8,233,0,3,3,1014
3,27,20,31,75,2.9,245,0,0,0,1014
3,27,21,30.2,76,0.9,190,0,0,0,1014
3,27,22,29.4,78,1.8,189,0,0,0,1014
3,27,23,28.6,80,1.4,169,0,0,0,1014
3,27,24,27.7,82,3.6,180,0,0,0,1014
3,28,1,27,87,2.4,176,0,0,0,1014
3,28,2,26.2,84,2.6,181,0,0,0,1014
3,28,3,25.4,89,4.3,225,0,0,0,1014
3,28,4,25,92,1.6,214,0,0,0,1014
3,28,5,24.6,95,2.1,248,0,0,0,1014
3,28,6,24.3,95,2.4,203,0,0,0,1014
3,28,7,24.4,95,0.7,180,0,7,7,1015
3,28,8,25.8,90,0.8,192,262,108,180,1015
3,28,9,27.5,86,0.5,222,474,169,411,1015
3,28,10,29.1,76,1.3,164,486,259,608,1015
3,28,11,30.7,71,0.8,188,558,318,805,1015
3,28,12,32.1,67,2.1,243,593,364,939,1015
3,28,13,33.2,68,4.3,231,618,341,959,1015
3,28,14,33.9,67,2.6,238,598,352,928,1015
3,28,15,34.2,64,2.6,182,563,308,792,1015
3,28,16,34.2,63,2.6,202,645,198,648,1015
3,28,17,33.6,67,2.6,193,508,164,414,1014
3,28,18,32.5,71,2.6,193,241,108,169,1014
3,28,19,31.3,72,3.6,132,0,7,7,1014
3,28,20,30.4,77,4.3,156,0,0,0,1014
3,28,21,29.5,79,1.3,175,0,0,0,1014
3,28,22,28.7,79,0.9,168,0,0,0,1014
3,28,23,27.8,80,1.1,174,0,0,0,1014
3,28,24,26.9,85,0.6,60,0,0,0,1014
3,29,1,26.2,86,1.1,171,0,0,0,1014
3,29,2,25.6,88,0.7,156,0,0,0,1014
3,29,3,24.9,90,0.8,155,0,0,0,1014
3,29,4,24.5,88,1.4,211,0,0,0,1014
3,29,5,24.1,89,0.9,229,0,0,0,1014
3,29,6,23.9,90,0.2,204,0,0,0,1014
3,29,7,23.9,92,0,146,0,6,6,1014
3,29,8,25.1,89,0.1,210,165,108,153,1014
3,29,9,26.6,85,0.7,203,189,257,354,1014
3,29,10,28.2,79,0.5,205,380,307,579,1014
3,29,11,29.8,78,2.1,192,474,343,757,1014
3,29,12,31.1,77,0.9,212,503,355,843,1014
3,29,13,32.1,71,0.5,181,496,400,896,1014
3,29,14,32.9,66,2.6,139,623,342,941,1014
3,29,15,33.4,65,1.4,120,677,252,834,1014
3,29,16,33.4,68,1.6,226,583,232,639,1014
3,29,17,32.9,70,2.4,165,430,183,393,1014
3,29,18,31.9,71,1.3,162,200,115,165,1014
3,29,19,30.7,74,1.3,163,0,5,5,1014
3,29,20,29.9,82,2.4,156,0,0,0,1014
3,29,21,29.1,83,1.4,186,0,0,0,1014
3,29,22,28.4,88,1.1,116,0,0,0,1014
3,29,23,27.6,89,0.5,185,0,0,0,1014
3,29,24,26.8,89,0.8,158,0,0,0,1014
3,30,1,26.2,90,1.6,240,0,0,0,1014
3,30,2,25.6,90,1.3,175,0,0,0,1014
3,30,3,24.9,91,2.1,214,0,0,0,1014
3,30,4,24.6,91,3.6,189,0,0,0,1014
3,30,5,24.3,93,1.8,217,0,0,0,1014
3,30,6,24,96,0.8,219,0,0,0,1014
3,30,7,24.1,98,0.4,177,0,6,6,1014
3,30,8,25.4,96,0.2,183,224,105,167,1014
3,30,9,27,93,0.7,174,383,195,393,1014
3,30,10,28.8,88,0.5,255,523,244,620,1014
3,30,11,30.3,78,0.2,249,521,329,785,1014
3,30,12,31.8,74,1.4,207,584,369,936,1014
3,30,13,32.9,72,0.8,195,590,355,945,1014
3,30,14,33.6,67,0.6,209,621,314,911,1014
3,30,15,33.9,67,2.1,162,595,294,805,1014
3,30,16,33.8,70,6.2,227,506,247,599,1014
3,30,17,33.1,72,5.8,228,387,177,367,1014
3,30,18,32.1,72,5.2,252,230,98,155,1014
3,30,19,30.9,77,2.4,211,0,3,3,1014
3,30,20,30.2,81,1.3,248,0,0,0,1014
3,30,21,29.5,84,1.8,236,0,0,0,1014
3,30,22,28.9,89,2.4,236,0,0,0,1014
3,30,23,28.2,93,1.4,246,0,0,0,1014
3,30,24,27.5,93,0.8,235,0,0,0,1013
3,31,1,27.1,95,0.6,297,0,0,0,1013
3,31,2,26.5,96,0.3,312,0,0,0,1013
3,31,3,26,99,0.2,314,0,0,0,1013
3,31,4,25.8,100,0.2,326,0,0,0,1013
3,31,5,25.5,100,0.1,303,0,0,0,1013
3,31,6,25.3,100,0.3,307,0,0,0,1013
3,31,7,25.4,100,0.8,342,0,6,6,1013
3,31,8,26.6,100,0.3,229,157,110,153,1013
3,31,9,28.2,93,0.5,296,300,209,364,1013
3,31,10,29.7,86,1.1,317,299,324,539,1013
3,31,11,31.2,79,0.4,291,394,384,728,1013
3,31,12,32.4,70,0.9,242,381,433,803,1013
3,31,13,33.4,69,0.8,258,484,393,877,1013
3,31,14,34.1,66,2.9,184,402,415,801,1013
3,31,15,34.3,66,1.8,245,362,378,688,1013
3,31,16,34.3,65,3.6,212,339,300,536,1013
3,31,17,33.7,67,2.1,220,161,240,318,1013
3,31,18,32.4,82,2.4,211,91,96,118,1013
3,31,19,31.6,86,2.1,217,0,1,1,1012
3,31,20,30.8,87,1.3,233,0,0,0,1012
3,31,21,30,87,0.6,189,0,0,0,1012
3,31,22,29.2,87,0.4,215,0,0,0,1012
3,31,23,28.4,88,0.7,210,0,0,0,1012
3,31,24,27.6,89,0.8,171,0,0,0,1012
4,1,1,26.8,92,0.5,196,0,0,0,1012
4,1,2,26.1,91,0.5,216,0,0,0,1012
4,1,3,25.3,93,1.6,208,0,0,0,1012
4,1,4,24.9,94,1.3,133,0,0,0,1012
4,1,5,24.4,92,0.3,234,0,0,0,1012
4,1,6,24.1,93,0.3,179,0,0,0,1012
4,1,7,24.1,92,0.3,210,0,4,4,1012
4,1,8,25.3,88,0.4,188,183,125,176,1012
4,1,9,27.1,83,0.5,179,525,190,462,1011
4,1,10,28.9,72,1,230,660,242,718,1011
4,1,11,30.4,68,1.6,154,667,285,868,1011
4,1,12,30.1,80,2.7,167,154,474,624,1011
4,1,13,31,66,3.9,198,114,530,644,1011
4,1,14,30.9,78,3.9,100,79,485,561,1011
4,1,15,31,67,3.9,126,86,422,495,1011
4,1,16,30.6,80,3.4,9,76,323,376,1011
4,1,17,30.1,88,3.9,172,88,230,273,1011
4,1,18,29.3,79,3.4,149,38,91,100,1011
4,1,19,28.4,73,2.7,170,0,2,2,1011
4,1,20,27.6,78,1.3,13,0,0,0,1011
4,1,21,26.9,81,0.8,344,0,0,0,1011
4,1,22,26.1,84,0.6,344,0,0,0,1011
4,1,23,25.3,91,0.6,348,0,0,0,1011
4,1,24,24.6,91,0.6,341,0,0,0,1011
4,2,1,24,93,1.3,347,0,0,0,1011
4,2,2,23.5,91,1.3,351,0,0,0,1011
4,2,3,23,93,1.6,339,0,0,0,1011
4,2,4,22.7,93,1.6,357,0,0,0,1011
4,2,5,22.4,94,1.3,351,0,0,0,1011
4,2,6,22.2,94,1.6,340,0,0,0,1011
4,2,7,22.2,94,2,340,0,5,5,1011
4,2,8,23.2,91,2.4,341,100,112,140,1010
4,2,9,24.1,93,2.4,350,62,238,270,1010
4,2,10,25.3,88,3.1,356,125,354,444,1010
4,2,11,26.4,78,2.4,4,132,450,566,1010
4,2,12,27.4,78,1.6,353,185,472,652,1010
4,2,13,28,75,2,12,181,490,671,1010
4,2,14,28.5,72,2,7,168,467,628,1010
4,2,15,28.6,74,2,8,121,435,538,1010
4,2,16,28.6,74,2,131,115,335,415,1011
4,2,17,27.2,89,1.6,180,55,220,247,1011
4,2,18,27.3,88,2.4,159,43,91,101,1011
4,2,19,26.5,88,2.4,157,0,1,1,1011
4,2,20,25.9,91,2,152,0,0,0,1011
4,2,21,25.2,95,2.4,159,0,0,0,1011
4,2,22,24.9,95,2.4,167,0,0,0,1011
4,2,23,24.4,98,2.4,106,0,0,0,1011
4,2,24,23.8,98,2,133,0,0,0,1011
4,3,1,23.5,99,1,149,0,0,0,1011
4,3,2,23.1,99,0.8,166,0,0,0,1011
4,3,3,22.6,99,2.4,132,0,0,0,1012
4,3,4,22.4,99,1.6,206,0,0,0,1012
4,3,5,22.2,99,0.5,164,0,0,0,1012
4,3,6,22.1,99,0.5,240,0,0,0,1012
4,3,7,22.2,99,0.6,227,0,7,7,1012
4,3,8,23.5,93,0.6,232,197,110,166,1012
4,3,9,25,88,1,223,317,207,372,1012
4,3,10,26.5,82,1.6,159,313,325,552,1012
4,3,11,27.9,79,2.4,161,378,382,714,1012
4,3,12,29,73,2.7,151,380,423,792,1012
4,3,13,29.9,69,2.7,137,380,444,824,1012
4,3,14,30.5,66,2.7,125,359,425,770,1013
4,3,15,30.8,66,3.1,145,345,391,686,1013
4,3,16,30.5,78,3.1,155,248,332,504,1013
4,3,17,30.1,68,2.7,179,168,238,319,1013
4,3,18,29.2,70,2.4,216,121,94,124,1013
4,3,19,28.1,73,1,159,0,1,1,1013
4,3,20,27.4,75,0.6,154,0,0,0,1013
4,3,21,26.7,79,0.2,160,0,0,0,1013
4,3,22,26.1,80,0.2,189,0,0,0,1013
4,3,23,25.4,83,0.1,133,0,0,0,1013
4,3,24,24.7,83,0.1,182,0,0,0,1014
4,4,1,24,87,0.1,153,0,0,0,1014
4,4,2,23.4,86,0,204,0,0,0,1014
4,4,3,22.7,89,0.3,146,0,0,0,1014
4,4,4,22.3,90,0.3,202,0,0,0,1014
4,4,5,21.9,90,0,160,0,0,0,1014
4,4,6,21.7,91,0,192,0,0,0,1014
4,4,7,21.8,93,0,177,0,9,9,1014
4,4,8,23.2,92,0.1,134,241,126,195,1014
4,4,9,24.9,88,0.2,219,565,149,444,1014
4,4,10,26.7,79,0.3,201,644,207,674,1014
4,4,11,28.3,75,0.4,188,707,241,862,1015
4,4,12,29.6,70,0.5,163,699,291,970,1015
4,4,13,30.6,69,0.8,134,656,336,991,1015
4,4,14,31.3,67,0.6,147,634,327,935,1015
4,4,15,31.5,68,0.6,134,631,272,812,1015
4,4,16,31.4,70,0.6,176,647,187,636,1015
4,4,17,30.8,71,0.8,128,609,118,412,1015
4,4,18,29.7,78,0.5,190,261,104,167,1015
4,4,19,28.4,78,0.2,202,0,3,3,1014
4,4,20,27.8,82,0.2,212,0,0,0,1014
4,4,21,27.2,85,0.1,220,0,0,0,1014
4,4,22,26.6,87,0.1,259,0,0,0,1014
4,4,23,26,88,0.1,214,0,0,0,1014
4,4,24,25.5,91,0.1,222,0,0,0,1014
4,5,1,25.1,95,0.1,185,0,0,0,1014
4,5,2,24.8,96,0.1,252,0,0,0,1014
4,5,3,24.5,98,0.4,229,0,0,0,1014
4,5,4,24.3,100,0.4,259,0,0,0,1014
4,5,5,24.1,100,0,186,0,0,0,1014
4,5,6,24,100,0,228,0,0,0,1014
4,5,7,24.2,100,0.1,242,0,8,8,1014
4,5,8,25.5,100,0.1,223,213,110,171,1014
4,5,9,27,96,0.2,200,164,266,353,1014
4,5,10,28.6,89,0.2,183,336,316,560,1014
4,5,11,30.1,86,0.3,235,345,404,706,1014
4,5,12,31.4,78,0.6,258,449,389,825,1014
4,5,13,32.4,74,0.6,266,480,392,872,1014
4,5,14,33.3,69,0.5,266,589,337,902,1014
4,5,15,33.7,64,0.6,316,622,275,807,1014
4,5,16,33.8,63,0.6,331,652,185,636,1014
4,5,17,33.4,63,1,309,578,126,406,1014
4,5,18,32.4,66,0.6,244,243,104,163,1014
4,5,19,31.2,69,0.4,237,0,5,5,1013
4,5,20,30.5,75,0.3,260,0,0,0,1013
4,5,21,29.8,80,0.2,317,0,0,0,1013
4,5,22,29.1,80,0.1,311,0,0,0,1013
4,5,23,28.4,83,0.1,306,0,0,0,1013
4,5,24,27.7,83,0.1,331,0,0,0,1013
4,6,1,27,85,0.1,311,0,0,0,1013
4,6,2,26.3,89,0,229,0,0,0,1013
4,6,3,25.5,91,0.2,239,0,0,0,1013
4,6,4,25.2,93,0.2,329,0,0,0,1013
4,6,5,24.8,96,0,262,0,0,0,1013
4,6,6,24.5,97,0,252,0,0,0,1013
4,6,7,24.5,95,0,257,0,5,5,1013
4,6,8,25.5,91,0,189,63,112,131,1013
4,6,9,26.8,88,0,200,158,246,329,1013
4,6,10,28.3,82,0.2,220,285,334,541,1013
4,6,11,29.7,79,0.2,185,345,402,706,1013
4,6,12,31,76,0.4,222,489,377,851,1013
4,6,13,32,73,0.6,227,525,389,913,1013
4,6,14,32.8,73,0.6,227,568,346,890,1013
4,6,15,33.1,71,0.8,168,486,325,740,1013
4,6,16,33,68,0.6,189,478,252,582,1013
4,6,17,32.5,70,0.6,223,420,166,368,1013
4,6,18,31.6,72,0.4,209,247,104,163,1013
4,6,19,30.5,78,0.2,225,0,2,2,1013
4,6,20,29.9,83,0.1,212,0,0,0,1013
4,6,21,29.2,81,0.1,205,0,0,0,1013
4,6,22,28.6,83,0.1,184,0,0,0,1013
4,6,23,27.9,86,0,218,0,0,0,1013
4,6,24,27.3,90,0.1,241,0,0,0,1012
4,7,1,26.8,92,0.1,187,0,0,0,1012
4,7,2,26.4,95,0,182,0,0,0,1012
4,7,3,25.9,100,0.2,223,0,0,0,1012
4,7,4,25.6,98,0.2,218,0,0,0,1012
4,7,5,25.4,99,0,228,0,0,0,1012
4,7,6,25.2,100,0,188,0,0,0,1012
4,7,7,25.3,100,0,226,0,8,8,1012
4,7,8,26.5,96,0.1,232,157,114,160,1012
4,7,9,27.9,94,0.2,202,171,268,358,1012
4,7,10,29.2,83,0.3,229,197,375,518,1012
4,7,11,30.4,81,0.5,228,224,451,648,1012
4,7,12,31.4,77,0.6,228,297,444,733,1012
4,7,13,32.2,76,1,225,279,467,745,1012
4,7,14,32.6,72,1,217,285,440,713,1012
4,7,15,32.8,74,1.6,241,218,416,602,1011
4,7,16,32.7,74,2,203,160,336,446,1011
4,7,17,32.1,87,2,224,100,232,280,1011
4,7,18,31.3,78,1.6,216,68,91,107,1011
4,7,19,30.3,83,1,168,0,1,1,1011
4,7,20,29.5,93,0.6,197,0,0,0,1011
4,7,21,29.3,91,0.4,184,0,0,0,1010
4,7,22,28.9,94,0.3,175,0,0,0,1010
4,7,23,28.4,96,0.3,122,0,0,0,1010
4,7,24,27.9,98,0.3,110,0,0,0,1010
4,8,1,27.6,99,0.6,18,0,0,0,1010
4,8,2,27.3,99,0.5,356,0,0,0,1010
4,8,3,26.9,99,0.4,345,0,0,0,1010
4,8,4,26.7,99,0.5,348,0,0,0,1009
4,8,5,26.6,99,0.5,17,0,0,0,1009
4,8,6,26.4,99,0.6,21,0,0,0,1009
4,8,7,26.5,99,0.8,9,0,7,7,1009
4,8,8,27.4,98,0.6,346,35,108,119,1009
4,8,9,28.3,95,0.6,348,37,233,252,1009
4,8,10,29.2,86,0.6,341,40,338,367,1009
4,8,11,30,82,0.6,26,45,413,453,1008
4,8,12,30.7,81,0.8,125,58,443,500,1008
4,8,13,31,88,0.8,119,51,446,497,1008
4,8,14,31.2,90,0.8,94,49,422,470,1008
4,8,15,30.2,93,1,185,25,368,389,1008
4,8,16,31.2,88,0.8,157,10,248,255,1008
4,8,17,30.8,88,0.8,219,3,161,162,1008
4,8,18,30.3,88,0.6,203,0,60,60,1008
4,8,19,29.5,90,0.6,220,0,1,1,1008
4,8,20,29.3,91,0.4,234,0,0,0,1008
4,8,21,28.9,92,0.4,196,0,0,0,1008
4,8,22,28.4,88,0.4,187,0,0,0,1008
4,8,23,27.8,94,0.5,198,0,0,0,1008
4,8,24,27.2,95,0.6,206,0,0,0,1008
4,9,1,27.2,92,0.5,250,0,0,0,1008
4,9,2,26.8,96,0.4,224,0,0,0,1008
4,9,3,26.3,99,0.3,190,0,0,0,1008
4,9,4,26.3,95,0.5,226,0,0,0,1008
4,9,5,25.8,98,0.5,212,0,0,0,1008
4,9,6,25.4,99,0.5,259,0,0,0,1008
4,9,7,26.3,99,0.5,256,0,5,5,1008
4,9,8,27,99,0.6,240,0,96,96,1007
4,9,9,27.7,95,0.6,322,7,189,192,1007
4,9,10,28.4,91,0.8,259,16,292,304,1007
4,9,11,29,91,0.8,263,26,367,389,1007
4,9,12,29.7,88,1,324,30,381,411,1007
4,9,13,30.1,88,1,248,30,390,419,1007
4,9,14,28.4,93,1.3,246,30,373,401,1008
4,9,15,29.4,94,1.3,255,21,337,355,1008
4,9,16,30.3,91,1,229,17,270,282,1008
4,9,17,29.8,91,1,194,6,170,173,1009
4,9,18,29.7,88,1.3,211,0,55,55,1009
4,9,19,29.2,88,1,190,0,1,1,1009
4,9,20,28.7,92,0.8,187,0,0,0,1009
4,9,21,28.1,93,1,213,0,0,0,1010
4,9,22,27.5,93,1,196,0,0,0,1010
4,9,23,27,94,0.8,206,0,0,0,1010
4,9,24,26.5,94,0.8,184,0,0,0,1011
4,10,1,26,91,0.3,227,0,0,0,1011
4,10,2,25.5,94,0.4,211,0,0,0,1011
4,10,3,25,96,0.8,198,0,0,0,1012
4,10,4,24.7,97,0.8,207,0,0,0,1012
4,10,5,24.4,98,0.3,186,0,0,0,1012
4,10,6,24.2,98,0.2,246,0,0,0,1012
4,10,7,24.3,99,0.3,126,0,10,10,1013
4,10,8,25.9,98,0.3,167,289,115,200,1013
4,10,9,27.7,90,0.4,212,483,172,427,1013
4,10,10,29.5,82,0.6,161,556,239,645,1014
4,10,11,31,76,1.6,209,569,300,801,1014
4,10,12,32.4,72,2,162,567,375,926,1014
4,10,13,33.5,67,2.7,152,605,365,969,1015
4,10,14,34.3,65,3.4,137,644,315,932,1015
4,10,15,34.6,65,3.1,160,644,261,808,1014
4,10,16,34.5,66,3.1,229,620,191,617,1014
4,10,17,33.8,68,3.1,191,529,138,391,1014
4,10,18,32.7,72,3.1,208,217,102,153,1014
4,10,19,31.4,80,3.1,216,0,3,3,1014
4,10,20,30.6,84,2,146,0,0,0,1014
4,10,21,29.8,89,1,173,0,0,0,1014
4,10,22,29.1,92,1,133,0,0,0,1014
4,10,23,28.3,94,0.8,141,0,0,0,1014
4,10,24,27.6,97,0.8,155,0,0,0,1014
4,11,1,27,97,0.6,160,0,0,0,1014
4,11,2,26.4,100,0.5,177,0,0,0,1014
4,11,3,25.8,100,0.8,177,0,0,0,1014
4,11,4,25.5,100,1,101,0,0,0,1014
4,11,5,25.2,100,0.3,96,0,0,0,1014
4,11,6,25,100,0.3,167,0,0,0,1014
4,11,7,25.1,100,0.3,260,0,8,8,1014
4,11,8,26.6,100,0.3,225,286,116,201,1014
4,11,9,28.3,100,0.4,246,451,180,420,1014
4,11,10,29.9,92,0.6,215,523,246,628,1014
4,11,11,31.3,86,1,241,479,330,751,1014
4,11,12,32.4,83,1.6,266,499,354,838,1014
4,11,13,33.2,78,2,207,383,442,824,1014
4,11,14,33.8,77,1.6,207,493,359,830,1013
4,11,15,34.1,76,1.6,232,545,303,766,1013
4,11,16,34,74,1.3,203,519,228,584,1013
4,11,17,33.5,77,1.3,133,459,154,373,1013
4,11,18,32.5,78,1,219,186,102,145,1013
4,11,19,31.3,82,0.6,237,0,3,3,1013
4,11,20,30.6,88,0.5,206,0,0,0,1012
4,11,21,29.9,88,0.2,231,0,0,0,1012
4,11,22,29.1,93,0.2,214,0,0,0,1012
4,11,23,28.4,92,0.2,166,0,0,0,1012
4,11,24,27.6,96,0.1,156,0,0,0,1012
4,12,1,27.1,97,0.3,253,0,0,0,1012
4,12,2,26.5,99,0.3,250,0,0,0,1011
4,12,3,25.9,99,0.5,192,0,0,0,1011
4,12,4,25.5,99,0.6,196,0,0,0,1011
4,12,5,25.2,100,0.6,212,0,0,0,1011
4,12,6,25,100,0.6,205,0,0,0,1011
4,12,7,24.8,99,0.8,237,0,6,6,1011
4,12,8,24.8,99,0.6,230,33,110,120,1011
4,12,9,26.6,99,0.8,231,77,250,291,1010
4,12,10,28,94,1,202,101,351,425,1010
4,12,11,29,91,1,231,141,435,559,1010
4,12,12,29.9,84,1,188,151,470,617,1010
4,12,13,30.5,85,1,232,113,525,638,1010
4,12,14,30.7,88,1.3,180,79,478,554,1010
4,12,15,30.7,88,1.3,211,86,414,487,1010
4,12,16,30.8,80,1.3,233,107,328,401,1010
4,12,17,30.3,88,1,198,34,199,215,1010
4,12,18,29.6,83,1,245,0,75,75,1010
4,12,19,28.9,86,1,176,0,1,1,1010
4,12,20,28.3,89,0.8,182,0,0,0,1010
4,12,21,27.7,91,0.8,202,0,0,0,1010
4,12,22,27,90,0.8,209,0,0,0,1010
4,12,23,26.4,93,0.8,203,0,0,0,1010
4,12,24,25.9,97,0.6,223,0,0,0,1010
4,13,1,25.4,99,0.3,185,0,0,0,1010
4,13,2,25,99,0.3,212,0,0,0,1010
4,13,3,24.5,99,0.5,195,0,0,0,1010
4,13,4,24.2,99,0.6,206,0,0,0,1011
4,13,5,24,99,0.2,229,0,0,0,1011
4,13,6,23.8,99,0.2,249,0,0,0,1011
4,13,7,23.8,99,0.2,239,0,3,3,1011
4,13,8,25.3,94,0.2,213,236,121,191,1011
4,13,9,26.7,87,0.4,230,263,234,374,1011
4,13,10,28.7,76,0.5,184,701,202,714,1011
4,13,11,30.2,70,0.8,211,521,369,828,1011
4,13,12,30.5,71,1,166,103,443,543,1011
4,13,13,30.9,71,1,151,144,490,634,1011
4,13,14,31.1,72,1.3,205,126,457,577,1011
4,13,15,31.1,74,2,220,122,411,514,1011
4,13,16,30.7,76,1.6,238,76,314,366,1011
4,13,17,30.2,76,1.6,258,69,219,252,1011
4,13,18,29.3,88,1.3,199,42,86,95,1011
4,13,19,28.4,88,0.6,230,0,4,4,1011
4,13,20,27.9,88,0.5,215,0,0,0,1011
4,13,21,27,92,0.3,221,0,0,0,1011
4,13,22,26.6,89,0.4,202,0,0,0,1011
4,13,23,25.4,94,0.5,212,0,0,0,1011
4,13,24,25.3,93,0.8,247,0,0,0,1011
4,14,1,25,98,0.6,208,0,0,0,1011
4,14,2,24.4,98,0.8,185,0,0,0,1011
4,14,3,23.8,98,2,204,0,0,0,1011
4,14,4,23.7,99,1.6,239,0,0,0,1011
4,14,5,23.5,98,0.6,215,0,0,0,1011
4,14,6,22.9,99,0.8,208,0,0,0,1011
4,14,7,23.3,99,0.6,169,0,3,3,1011
4,14,8,24.2,98,1,165,23,109,116,1011
4,14,9,25.5,98,1.6,222,111,246,306,1011
4,14,10,27.1,89,2.4,221,266,347,541,1012
4,14,11,28.6,82,3.1,189,360,397,715,1012
4,14,12,29.8,75,3.4,189,401,414,804,1012
4,14,13,30.6,74,4.5,247,279,468,746,1012
4,14,14,30.9,74,4.5,264,176,463,630,1012
4,14,15,31,73,4.5,215,167,431,572,1012
4,14,16,30.9,73,3.9,194,159,330,438,1012
4,14,17,30.4,75,4.5,209,175,230,312,1012
4,14,18,29.6,79,3.9,149,195,92,137,1012
4,14,19,28.7,85,3.1,192,0,6,6,1012
4,14,20,28,89,2.7,165,0,0,0,1012
4,14,21,27.2,92,2,154,0,0,0,1012
4,14,22,26.4,94,1.3,194,0,0,0,1013
4,14,23,25.7,95,1,160,0,0,0,1013
4,14,24,24.9,96,1.3,218,0,0,0,1013
4,15,1,24.3,98,1.3,212,0,0,0,1013
4,15,2,23.5,99,1.3,208,0,0,0,1013
4,15,3,22.8,98,2.7,224,0,0,0,1013
4,15,4,22.4,100,2.7,227,0,0,0,1013
4,15,5,22,100,2,206,0,0,0,1013
4,15,6,21.7,100,1.6,220,0,0,0,1013
4,15,7,21.7,100,1.6,220,0,9,9,1013
4,15,8,22.9,98,2,227,235,114,185,1014
4,15,9,24.4,91,2.7,210,387,202,408,1014
4,15,10,25.9,83,3.9,224,528,244,631,1014
4,15,11,27.3,76,5,259,561,302,796,1014
4,15,12,28.4,75,5.5,205,598,325,906,1014
4,15,13,29.3,71,5.5,212,590,346,933,1014
4,15,14,29.8,71,5.5,207,635,294,899,1014
4,15,15,30.1,70,5.5,199,638,249,788,1014
4,15,16,30,70,6.8,204,622,192,616,1014
4,15,17,29.4,75,8,182,552,130,391,1014
4,15,18,28.4,76,6.3,156,239,99,154,1014
4,15,19,27.3,80,5,143,0,4,4,1014
4,15,20,26.6,87,4.5,141,0,0,0,1014
4,15,21,25.9,91,3.1,84,0,0,0,1014
4,15,22,25.2,91,2.4,146,0,0,0,1014
4,15,23,24.5,92,2.4,179,0,0,0,1014
4,15,24,23.9,97,2.4,160,0,0,0,1014
4,16,1,23.6,95,1.3,230,0,0,0,1014
4,16,2,23.2,96,1.3,204,0,0,0,1014
4,16,3,22.9,96,2.4,218,0,0,0,1014
4,16,4,22.7,93,2.4,143,0,0,0,1014
4,16,5,22.6,93,1,230,0,0,0,1014
4,16,6,22.5,92,1,240,0,0,0,1014
4,16,7,22.6,92,1,236,0,11,11,1014
4,16,8,24.2,85,1.6,229,245,122,196,1014
4,16,9,25.9,80,2,220,471,177,428,1014
4,16,10,27.6,74,3.4,212,513,255,630,1014
4,16,11,29.2,70,3.9,257,560,302,795,1014
4,16,12,30.5,67,3.1,242,562,338,884,1014
4,16,13,31.4,64,3.1,336,550,360,908,1014
4,16,14,32.1,62,3.4,321,564,324,860,1014
4,16,15,32.3,62,4.5,329,495,314,732,1014
4,16,16,32.2,63,3.9,319,394,277,546,1013
4,16,17,31.5,64,3.9,304,311,185,331,1013
4,16,18,30.4,68,3.4,324,163,87,125,1013
4,16,19,29.3,74,2.7,251,0,1,1,1013
4,16,20,28.6,78,2,228,0,0,0,1013
4,16,21,27.9,80,1,310,0,0,0,1013
4,16,22,27.3,85,1.3,323,0,0,0,1013
4,16,23,26.6,85,0.8,314,0,0,0,1013
4,16,24,25.9,90,0.8,327,0,0,0,1012
4,17,1,25.3,91,0.6,258,0,0,0,1012
4,17,2,24.6,91,0.6,245,0,0,0,1012
4,17,3,23.9,94,1.6,244,0,0,0,1012
4,17,4,23.6,95,1.3,251,0,0,0,1012
4,17,5,23.2,97,0.5,229,0,0,0,1012
4,17,6,22.9,98,0.4,239,0,0,0,1012
4,17,7,23,100,0.3,258,0,6,6,1012
4,17,8,24,98,0.3,261,99,120,150,1011
4,17,9,25.2,98,0.5,223,117,262,325,1011
4,17,10,26.4,92,0.6,228,205,361,511,1011
4,17,11,27.4,88,1,221,160,431,572,1011
4,17,12,28.2,82,1.3,223,216,462,671,1011
4,17,13,28.8,82,1.3,245,209,478,686,1011
4,17,14,29.2,81,2,265,193,454,637,1011
4,17,15,29.4,82,1.6,223,199,409,577,1010
4,17,16,29.2,82,1.6,218,135,326,418,1010
4,17,17,28.7,83,1.6,168,81,216,254,1010
4,17,18,27.9,87,1.3,183,28,83,89,1010
4,17,19,27,94,0.8,156,0,1,1,1010
4,17,20,26.6,97,0.6,198,0,0,0,1010
4,17,21,26,99,0.3,167,0,0,0,1009
4,17,22,25.1,99,0.3,112,0,0,0,1009
4,17,23,25.4,98,0.1,159,0,0,0,1009
4,17,24,25,98,0.1,184,0,0,0,1009
4,18,1,24,99,0.2,187,0,0,0,1009
4,18,2,23.5,99,0.3,212,0,0,0,1009
4,18,3,22.8,99,0.2,160,0,0,0,1008
4,18,4,22.7,99,0.2,192,0,0,0,1008
4,18,5,24,99,0.3,256,0,0,0,1008
4,18,6,24.2,99,0.3,228,0,0,0,1008
4,18,7,24.6,98,0.2,204,0,6,6,1008
4,18,8,24.7,99,0.2,254,0,95,95,1008
4,18,9,25.8,99,0.2,266,8,191,196,1007
4,18,10,26.9,97,0.2,232,11,258,267,1007
4,18,11,27.6,96,0.3,182,15,312,326,1007
4,18,12,28.2,91,0.3,217,28,369,396,1007
4,18,13,28.7,91,0.4,225,29,382,410,1007
4,18,14,29,87,0.4,256,25,348,372,1007
4,18,15,29.1,90,0.3,270,17,310,325,1007
4,18,16,28.9,91,0.2,325,12,245,253,1008
4,18,17,28.8,91,0.2,316,2,156,157,1008
4,18,18,28.3,93,0.2,304,0,56,56,1008
4,18,19,27.7,98,0.2,260,0,1,1,1008
4,18,20,27.2,97,0.1,237,0,0,0,1009
4,18,21,26.3,99,0.2,250,0,0,0,1009
4,18,22,25.8,99,0.2,237,0,0,0,1009
4,18,23,25.4,98,0.1,209,0,0,0,1009
4,18,24,24.9,99,0.1,213,0,0,0,1010
4,19,1,24.2,99,0,200,0,0,0,1010
4,19,2,23.4,98,0,228,0,0,0,1010
4,19,3,22.8,99,0.1,196,0,0,0,1010
4,19,4,22.4,99,0.1,220,0,0,0,1011
4,19,5,22,99,0,330,0,0,0,1011
4,19,6,21.7,99,0,324,0,0,0,1011
4,19,7,21.8,99,0,247,0,11,11,1011
4,19,8,23,98,0,327,176,120,174,1012
4,19,9,24.4,96,0.1,332,317,217,387,1012
4,19,10,25.7,85,0.2,257,292,329,543,1012
4,19,11,26.9,78,0.4,252,341,393,693,1012
4,19,12,27.8,75,0.6,238,350,437,776,1013
4,19,13,28.7,72,0.8,185,453,393,842,1013
4,19,14,29.2,70,1.3,231,477,349,801,1013
4,19,15,29.4,70,1.6,163,391,352,681,1013
4,19,16,29.3,71,1.3,147,368,277,526,1013
4,19,17,28.7,73,1.3,194,176,226,308,1013
4,19,18,27.8,77,1,228,147,86,120,1013
4,19,19,26.8,82,0.6,193,0,1,1,1013
4,19,20,26.2,89,0.2,231,0,0,0,1013
4,19,21,25.6,89,0.1,216,0,0,0,1013
4,19,22,24.9,89,0,218,0,0,0,1013
4,19,23,24.3,89,0,153,0,0,0,1013
4,19,24,23.7,93,0,152,0,0,0,1013
4,20,1,23.4,91,0,160,0,0,0,1013
4,20,2,23,91,0,171,0,0,0,1013
4,20,3,22.7,92,0.1,155,0,0,0,1012
4,20,4,22.5,92,0,141,0,0,0,1012
4,20,5,22.3,95,0,172,0,0,0,1012
4,20,6,22.2,98,0,227,0,0,0,1012
4,20,7,22.2,99,0,199,0,3,3,1012
4,20,8,23.5,98,0,134,113,122,157,1012
4,20,9,25.1,91,0,218,195,268,373,1012
4,20,10,26.4,91,0.1,208,246,354,534,1012
4,20,11,28,77,0.2,216,346,400,705,1012
4,20,12,29.3,73,0.5,256,429,393,809,1012
4,20,13,30.1,70,0.8,191,336,455,789,1012
4,20,14,30.7,70,0.8,255,377,413,770,1012
4,20,15,30.8,81,1,257,259,396,614,1012
4,20,16,30.7,70,1.3,251,272,304,488,1012
4,20,17,30.3,71,0.8,242,431,159,360,1013
4,20,18,29.4,74,0.5,245,209,97,145,1013
4,20,19,28.4,79,0.4,192,0,2,2,1013
4,20,20,27.7,85,0.2,211,0,0,0,1013
4,20,21,27,88,0.1,214,0,0,0,1013
4,20,22,26.3,90,0.1,176,0,0,0,1013
4,20,23,25.6,91,0.1,232,0,0,0,1013
4,20,24,24.8,90,0.2,191,0,0,0,1013
4,21,1,24.2,94,0.2,184,0,0,0,1013
4,21,2,23.5,96,0.1,241,0,0,0,1013
4,21,3,22.8,97,0.4,206,0,0,0,1013
4,21,4,22.4,99,0.4,213,0,0,0,1013
4,21,5,22,100,0.1,207,0,0,0,1013
4,21,6,21.7,100,0.1,219,0,0,0,1013
4,21,7,21.8,99,0.1,217,0,10,10,1013
4,21,8,23.2,98,0.2,200,263,123,204,1013
4,21,9,24.7,96,0.2,155,473,177,431,1013
4,21,10,26.1,90,0.5,240,479,268,619,1013
4,21,11,27.4,85,1,225,508,315,763,1014
4,21,12,28.5,80,1,196,535,364,881,1014
4,21,13,29.4,80,1,191,611,364,969,1014
4,21,14,29.9,76,1,228,570,331,871,1014
4,21,15,30.1,75,1.3,182,511,302,731,1014
4,21,16,29.8,76,1.6,233,311,295,505,1014
4,21,17,29.1,76,1.6,168,302,185,326,1014
4,21,18,28.1,81,1.6,224,197,89,133,1014
4,21,19,27.1,83,1,222,0,2,2,1014
4,21,20,26.4,87,0.8,170,0,0,0,1014
4,21,21,25.8,89,0.4,208,0,0,0,1014
4,21,22,25.1,91,0.3,212,0,0,0,1014
4,21,23,24.5,93,0.2,175,0,0,0,1014
4,21,24,23.8,96,0.2,144,0,0,0,1014
4,22,1,23.5,96,0.1,120,0,0,0,1014
4,22,2,23.1,97,0.1,223,0,0,0,1014
4,22,3,22.7,97,0.4,222,0,0,0,1014
4,22,4,22.5,98,0.5,180,0,0,0,1014
4,22,5,22.3,97,0.1,233,0,0,0,1014
4,22,6,22.2,100,0.1,217,0,0,0,1014
4,22,7,22.4,100,0.1,232,0,16,16,1014
4,22,8,23.9,96,0.2,241,229,126,196,1014
4,22,9,25.5,93,0.2,242,369,203,401,1014
4,22,10,27,84,0.4,206,393,300,589,1014
4,22,11,28.5,79,0.8,214,499,333,772,1014
4,22,12,29.7,77,1,209,518,342,844,1014
4,22,13,30.6,74,1.3,206,506,360,861,1014
4,22,14,31.3,71,1.3,209,537,340,848,1013
4,22,15,31.6,70,1.6,242,598,271,772,1013
4,22,16,31.5,70,1.6,248,393,273,538,1013
4,22,17,30.8,71,1.6,242,382,164,342,1013
4,22,18,29.8,74,1.3,231,203,88,134,1013
4,22,19,28.7,79,0.8,206,0,2,2,1013
4,22,20,28.1,85,0.5,192,0,0,0,1012
4,22,21,27.6,86,0.3,221,0,0,0,1012
4,22,22,27.1,88,0.2,192,0,0,0,1012
4,22,23,26.6,91,0.1,198,0,0,0,1012
4,22,24,26.1,93,0.1,206,0,0,0,1012
4,23,1,25.6,93,0.2,237,0,0,0,1012
4,23,2,25.2,92,0.2,216,0,0,0,1012
4,23,3,24.7,93,0.1,260,0,0,0,1011
4,23,4,24.5,94,0.2,324,0,0,0,1011
4,23,5,24.3,96,0.3,264,0,0,0,1011
4,23,6,24.1,97,0.4,320,0,0,0,1011
4,23,7,24.2,97,0.5,266,0,7,7,1011
4,23,8,25.1,94,0.8,256,36,115,126,1011
4,23,9,26.2,90,0.8,246,59,245,276,1010
4,23,10,27.3,84,1,322,97,350,422,1010
4,23,11,28.3,81,1,319,139,432,554,1010
4,23,12,29.2,78,1,325,146,464,606,1010
4,23,13,29.7,80,1,335,89,504,592,1010
4,23,14,30.1,76,0.8,241,119,489,602,1010
4,23,15,30.3,77,1.3,201,116,401,498,1010
4,23,16,30.2,80,1,231,80,320,374,1010
4,23,17,29.7,84,1,212,62,210,238,1009
4,23,18,29,90,0.8,185,27,80,86,1009
4,23,19,28.1,90,1,146,0,1,1,1009
4,23,20,27.7,95,1,174,0,0,0,1009
4,23,21,26.9,99,1.3,230,0,0,0,1009
4,23,22,25.8,99,1.6,219,0,0,0,1009
4,23,23,26,99,1.3,195,0,0,0,1009
4,23,24,25.7,96,1,161,0,0,0,1009
4,24,1,24.6,99,1,176,0,0,0,1009
4,24,2,24.4,99,1,2,0,0,0,1009
4,24,3,22.8,99,1,100,0,0,0,1009
4,24,4,23.9,99,1,21,0,0,0,1008
4,24,5,23.9,98,0.8,18,0,0,0,1008
4,24,6,23.6,99,0.6,98,0,0,0,1008
4,24,7,23.8,98,0.8,196,0,8,8,1008
4,24,8,24.3,98,0.6,342,0,71,71,1008
4,24,9,25.2,97,0.8,8,8,186,190,1008
4,24,10,26.2,94,0.5,347,31,330,352,1008
4,24,11,26.9,90,0.5,2,26,381,404,1008
4,24,12,27.3,90,0.6,355,19,346,364,1008
4,24,13,27.6,89,0.8,6,29,412,440,1008
4,24,14,27.9,86,0.8,353,18,333,350,1008
4,24,15,28,90,1,12,26,359,381,1008
4,24,16,28.1,88,1,96,73,306,355,1008
4,24,17,28,84,1,153,52,205,229,1008
4,24,18,27.5,84,1,177,93,85,106,1009
4,24,19,27,85,1,163,0,11,11,1009
4,24,20,26.5,86,0.8,165,0,0,0,1009
4,24,21,26.1,86,0.6,94,0,0,0,1009
4,24,22,25.6,86,0.8,210,0,0,0,1009
4,24,23,25.2,90,1,96,0,0,0,1009
4,24,24,24.8,87,1.3,201,0,0,0,1010
4,25,1,24.5,90,0.5,178,0,0,0,1010
4,25,2,24.2,93,0.3,154,0,0,0,1010
4,25,3,23.9,95,0.8,237,0,0,0,1010
4,25,4,23.7,95,0.6,153,0,0,0,1010
4,25,5,23.5,95,0.2,158,0,0,0,1010
4,25,6,23.4,95,0.2,209,0,0,0,1011
4,25,7,23.6,93,0.3,201,0,13,13,1011
4,25,8,24.9,90,0.4,236,187,122,180,1011
4,25,9,26.4,88,0.5,183,185,275,375,1011
4,25,10,27.9,81,0.8,201,293,332,547,1011
4,25,11,29.1,76,1.6,157,288,407,661,1011
4,25,12,30.1,72,2,250,299,434,723,1012
4,25,13,30.8,70,2.4,196,305,455,756,1012
4,25,14,31.3,72,2.4,225,226,491,705,1012
4,25,15,31.5,71,2,220,228,398,588,1011
4,25,16,31.2,72,2,219,174,321,437,1011
4,25,17,30.7,75,2,247,112,221,273,1011
4,25,18,29.8,80,1.6,231,80,84,102,1011
4,25,19,28.8,80,1.3,235,0,1,1,1011
4,25,20,28.4,84,0.8,203,0,0,0,1011
4,25,21,27.9,83,0.4,203,0,0,0,1010
4,25,22,27.2,91,0.3,159,0,0,0,1010
4,25,23,26.9,90,0.2,127,0,0,0,1010
4,25,24,26.4,91,0.2,166,0,0,0,1010
4,26,1,26.1,91,1,170,0,0,0,1010
4,26,2,25.7,95,1,226,0,0,0,1010
4,26,3,25.3,96,0.8,187,0,0,0,1009
4,26,4,25.1,96,1,166,0,0,0,1009
4,26,5,24.9,96,1,147,0,0,0,1009
4,26,6,24.8,99,0.8,187,0,0,0,1009
4,26,7,24.9,99,1,182,0,8,8,1009
4,26,8,25.3,98,1.3,199,0,61,61,1009
4,26,9,25.7,98,1.3,232,0,136,136,1008
4,26,10,26.6,98,1.3,226,70,331,383,1008
4,26,11,27.7,92,1.3,153,78,410,479,1008
4,26,12,28.7,86,1.3,122,138,466,600,1008
4,26,13,29.2,85,1.3,94,83,460,542,1008
4,26,14,29.4,82,1.3,175,35,408,441,1008
4,26,15,29.4,82,1,172,15,316,328,1008
4,26,16,29.2,89,1.3,179,17,248,260,1008
4,26,17,28.5,91,1.6,160,0,66,66,1008
4,26,18,27.9,93,1.6,16,0,12,12,1008
4,26,19,26.1,99,1.6,183,0,1,1,1008
4,26,20,26.6,99,1.6,153,0,0,0,1008
4,26,21,26.9,96,2,194,0,0,0,1008
4,26,22,26.7,97,2,230,0,0,0,1008
4,26,23,26.4,97,2,196,0,0,0,1008
4,26,24,25.8,99,1.6,143,0,0,0,1008
4,27,1,26,99,2,225,0,0,0,1008
4,27,2,25.8,99,2,211,0,0,0,1008
4,27,3,25.2,99,1.3,188,0,0,0,1008
4,27,4,24.7,99,1.6,195,0,0,0,1008
4,27,5,23.5,99,1.3,223,0,0,0,1008
4,27,6,25.1,99,1.3,200,0,0,0,1008
4,27,7,25.4,98,1.6,186,0,6,6,1008
4,27,8,26.2,97,1.6,238,0,104,104,1008
4,27,9,27.2,94,1.6,216,20,225,236,1008
4,27,10,27.8,91,2,193,24,307,325,1008
4,27,11,28.3,91,2,247,34,387,417,1008
4,27,12,29.5,88,1.6,250,42,407,447,1008
4,27,13,29.9,88,1.3,221,41,417,457,1008
4,27,14,30.3,88,1.3,216,41,395,434,1008
4,27,15,30.2,88,1.3,225,18,333,348,1008
4,27,16,30,88,1.6,177,9,237,243,1008
4,27,17,29.8,88,1.6,193,5,160,162,1008
4,27,18,29.3,88,2,209,0,49,49,1009
4,27,19,28.7,88,2,230,0,1,1,1009
4,27,20,28.2,94,2,222,0,0,0,1009
4,27,21,27.6,97,2,217,0,0,0,1009
4,27,22,27,99,1.6,201,0,0,0,1009
4,27,23,26.4,99,2,247,0,0,0,1010
4,27,24,25.8,99,2,124,0,0,0,1010
4,28,1,25.1,99,0.6,240,0,0,0,1010
4,28,2,24.4,98,0.6,225,0,0,0,1010
4,28,3,23.8,99,1.6,212,0,0,0,1010
4,28,4,23.4,99,1.6,220,0,0,0,1011
4,28,5,23.1,99,0.5,232,0,0,0,1011
4,28,6,22.8,99,0.3,166,0,0,0,1011
4,28,7,23,99,0.3,196,0,11,11,1011
4,28,8,24.2,93,0.4,213,161,124,174,1011
4,28,9,25.4,90,0.8,202,165,274,363,1012
4,28,10,26.8,80,1.6,215,281,330,536,1012
4,28,11,28.1,74,2,204,338,399,696,1012
4,28,12,29.1,71,2.7,210,377,411,775,1012
4,28,13,29.9,69,3.4,156,351,435,780,1012
4,28,14,30.4,70,3.4,201,386,394,756,1013
4,28,15,30.6,69,3.4,143,341,370,654,1013
4,28,16,30.4,70,3.9,130,274,297,480,1013
4,28,17,29.8,74,3.4,162,144,219,285,1013
4,28,18,28.9,75,3.4,158,112,84,108,1013
4,28,19,28,83,2.7,140,0,1,1,1013
4,28,20,27.2,86,2.4,139,0,0,0,1013
4,28,21,26.5,89,1.6,160,0,0,0,1013
4,28,22,25.8,92,1.3,152,0,0,0,1013
4,28,23,25,93,0.8,171,0,0,0,1013
4,28,24,24.3,94,0.8,174,0,0,0,1013
4,29,1,23.7,95,0.6,114,0,0,0,1013
4,29,2,23.1,96,0.8,99,0,0,0,1013
4,29,3,22.5,96,2,149,0,0,0,1013
4,29,4,22.1,96,1.6,139,0,0,0,1013
4,29,5,21.8,99,0.5,161,0,0,0,1013
4,29,6,21.5,99,0.4,22,0,0,0,1013
4,29,7,21.6,98,0.4,3,0,14,14,1013
4,29,8,22.8,94,0.6,173,230,120,192,1013
4,29,9,24.2,91,0.6,165,392,202,414,1013
4,29,10,25.6,82,1,135,451,278,609,1013
4,29,11,26.8,81,1.3,167,478,323,743,1013
4,29,12,27.7,74,2,236,501,342,825,1013
4,29,13,28.4,72,2.4,209,501,355,847,1013
4,29,14,28.8,71,2,206,491,333,794,1013
4,29,15,29,71,2.4,226,445,316,686,1013
4,29,16,28.8,71,2.4,218,376,272,522,1013
4,29,17,28.2,73,2.7,201,187,219,305,1013
4,29,18,27.2,75,2.4,217,109,83,107,1013
4,29,19,26.2,78,1.6,203,0,1,1,1013
4,29,20,25.6,82,1,216,0,0,0,1013
4,29,21,24.9,83,0.5,212,0,0,0,1013
4,29,22,24.2,84,0.4,205,0,0,0,1013
4,29,23,23.6,86,0.3,217,0,0,0,1012
4,29,24,22.9,88,0.4,243,0,0,0,1012
4,30,1,22.6,89,0.5,195,0,0,0,1012
4,30,2,22.2,90,0.6,214,0,0,0,1012
4,30,3,21.8,91,1.3,226,0,0,0,1012
4,30,4,21.6,91,1.3,203,0,0,0,1012
4,30,5,21.4,92,0.4,242,0,0,0,1012
4,30,6,21.2,92,0.3,214,0,0,0,1012
4,30,7,21.3,92,0.3,227,0,14,14,1012
4,30,8,22.4,89,0.5,204,116,125,161,1012
4,30,9,23.6,86,0.6,232,114,268,330,1012
4,30,10,24.7,83,1.3,177,159,358,475,1012
4,30,11,25.8,79,2,246,217,425,616,1012
4,30,12,26.7,77,2.4,209,201,506,700,1012
4,30,13,27.5,75,2.7,329,328,450,772,1012
4,30,14,28,73,2.7,334,308,412,701,1012
4,30,15,28.2,73,2.7,223,238,410,607,1011
4,30,16,28.1,73,2.4,243,285,289,479,1011
4,30,17,27.5,75,2.7,221,141,217,282,1011
4,30,18,26.7,77,2.4,206,95,83,104,1011
4,30,19,25.7,88,1.6,210,0,1,1,1011
4,30,20,25.5,91,1,182,0,0,0,1011
4,30,21,25.2,91,0.5,241,0,0,0,1011
4,30,22,24.9,92,0.4,238,0,0,0,1011
4,30,23,24.1,97,0.4,223,0,0,0,1011
4,30,24,24.2,98,0.5,198,0,0,0,1011
5,1,1,24.1,91,1.1,198,0,0,0,1010
5,1,2,23.9,98,1,220,0,0,0,1010
5,1,3,23.9,94,0.7,208,0,0,0,1010
5,1,4,24,97,0.6,207,0,0,0,1010
5,1,5,24,94,0.6,259,0,0,0,1010
5,1,6,24,99,0.6,228,0,0,0,1010
5,1,7,24.2,99,0.7,202,0,10,10,1010
5,1,8,25.1,98,0.7,244,11,114,117,1010
5,1,9,26,98,0.8,210,19,223,233,1010
5,1,10,26.4,99,1,190,23,289,305,1009
5,1,11,28,89,1.3,180,116,420,522,1009
5,1,12,29.5,85,1.3,196,327,438,752,1009
5,1,13,30,85,1.1,218,96,461,555,1009
5,1,14,30.2,86,1.1,235,36,453,487,1009
5,1,15,29.4,94,1.5,186,91,373,449,1009
5,1,16,30.9,86,1.1,236,665,200,643,1010
5,1,17,30.8,78,1.3,305,440,161,362,1010
5,1,18,30.2,77,1.1,249,180,83,122,1010
5,1,19,29.3,77,1.1,181,0,4,4,1010
5,1,20,28.8,84,1,217,0,0,0,1010
5,1,21,28.3,84,0.8,241,0,0,0,1010
5,1,22,27.8,84,1,238,0,0,0,1010
5,1,23,27.3,86,1,219,0,0,0,1010
5,1,24,26.8,89,1.1,229,0,0,0,1011
5,2,1,25.8,99,0.6,188,0,0,0,1011
5,2,2,25.6,99,0.7,195,0,0,0,1011
5,2,3,25,99,1.1,189,0,0,0,1011
5,2,4,24.7,99,1,179,0,0,0,1011
5,2,5,24.4,99,0.4,231,0,0,0,1011
5,2,6,24.2,99,0.4,214,0,0,0,1011
5,2,7,24.4,99,0.4,204,0,15,15,1011
5,2,8,25.7,98,0.6,159,233,128,201,1011
5,2,9,27,95,1,213,332,211,391,1012
5,2,10,28.3,82,1.3,229,390,298,584,1012
5,2,11,29.5,80,1.5,231,406,360,716,1012
5,2,12,30.6,74,1.9,223,513,336,829,1012
5,2,13,31.3,73,1.9,213,509,350,849,1012
5,2,14,31.8,69,1.7,226,488,342,798,1012
5,2,15,32,69,1.5,223,370,357,663,1012
5,2,16,31.8,72,1.5,222,339,275,499,1011
5,2,17,31.2,73,1.5,180,310,172,314,1011
5,2,18,30.3,78,1.3,194,177,81,120,1011
5,2,19,29.3,79,0.8,168,0,1,1,1011
5,2,20,28.8,84,0.5,160,0,0,0,1011
5,2,21,28.3,86,0.3,225,0,0,0,1011
5,2,22,27.8,87,0.3,207,0,0,0,1010
5,2,23,27.3,89,0.2,196,0,0,0,1010
5,2,24,26.8,90,0.3,305,0,0,0,1010
5,3,1,26.5,92,0.5,217,0,0,0,1010
5,3,2,26.2,92,0.5,278,0,0,0,1010
5,3,3,26,89,0.5,210,0,0,0,1009
5,3,4,25.8,90,0.5,215,0,0,0,1009
5,3,5,25.7,88,0.5,223,0,0,0,1009
5,3,6,25.5,91,0.5,202,0,0,0,1009
5,3,7,25.8,92,0.4,214,0,16,16,1009
5,3,8,26.6,86,0.3,207,55,120,137,1009
5,3,9,27.3,89,0.3,250,28,238,252,1008
5,3,10,28.4,86,0.2,245,81,341,400,1008
5,3,11,27.5,92,0.3,256,71,416,477,1008
5,3,12,29.1,89,0.3,288,85,441,523,1008
5,3,13,29.9,89,0.3,258,70,481,549,1008
5,3,14,30.6,86,0.3,248,36,450,484,1008
5,3,15,30.7,86,0.3,253,27,362,385,1008
5,3,16,30.3,86,0.2,262,16,260,271,1008
5,3,17,29.8,89,0.2,282,9,167,171,1009
5,3,18,29.1,89,0.2,220,0,57,57,1009
5,3,19,28.8,86,0.1,187,0,1,1,1009
5,3,20,28.3,89,0.1,230,0,0,0,1009
5,3,21,27.7,89,0.1,188,0,0,0,1010
5,3,22,27.1,89,0.1,155,0,0,0,1010
5,3,23,26.6,92,0.1,163,0,0,0,1010
5,3,24,26,92,0.2,160,0,0,0,1010
5,4,1,25.4,93,0.1,31,0,0,0,1011
5,4,2,24.8,96,0.1,4,0,0,0,1011
5,4,3,24.2,98,0.2,348,0,0,0,1011
5,4,4,23.8,99,0.2,77,0,0,0,1011
5,4,5,23.5,99,0.1,93,0,0,0,1012
5,4,6,23.3,98,0.1,161,0,0,0,1012
5,4,7,23.5,98,0.1,3,0,19,19,1012
5,4,8,25,93,0.1,121,340,119,226,1012
5,4,9,26.6,91,0.2,322,535,157,447,1013
5,4,10,28.1,80,0.4,14,629,209,670,1013
5,4,11,29.6,76,0.6,349,660,256,833,1013
5,4,12,30.8,71,0.6,320,700,271,942,1014
5,4,13,31.6,70,0.7,82,661,308,954,1014
5,4,14,32.2,69,0.8,149,660,284,899,1014
5,4,15,32.4,66,0.8,157,665,230,778,1014
5,4,16,32.2,66,0.8,191,638,175,597,1014
5,4,17,31.6,70,0.8,207,467,144,356,1014
5,4,18,30.5,76,0.7,250,177,92,131,1014
5,4,19,29.4,76,0.6,199,0,1,1,1014
5,4,20,28.7,83,0.4,216,0,0,0,1014
5,4,21,28,85,0.2,248,0,0,0,1014
5,4,22,27.4,86,0.1,220,0,0,0,1014
5,4,23,26.7,89,0.1,227,0,0,0,1014
5,4,24,26,89,0.1,254,0,0,0,1014
5,5,1,25.5,90,0,192,0,0,0,1014
5,5,2,25,91,0,238,0,0,0,1014
5,5,3,24.4,91,0.1,262,0,0,0,1014
5,5,4,24.2,95,0.1,269,0,0,0,1014
5,5,5,23.9,95,0,246,0,0,0,1014
5,5,6,23.7,97,0,238,0,0,0,1014
5,5,7,23.9,95,0,244,0,14,14,1014
5,5,8,25.3,92,0,234,250,127,206,1014
5,5,9,26.9,88,0,188,492,175,442,1014
5,5,10,28.4,77,0,208,570,225,642,1014
5,5,11,29.9,77,0.1,172,607,288,819,1013
5,5,12,31,70,0.1,203,587,340,903,1013
5,5,13,31.9,69,0.2,217,600,345,931,1013
5,5,14,32.5,67,0.2,181,656,290,901,1013
5,5,15,32.7,67,0.2,196,632,246,766,1013
5,5,16,32.6,67,0.2,218,624,179,592,1013
5,5,17,32,71,0.3,223,445,148,350,1013
5,5,18,30.9,72,0.2,201,185,92,132,1013
5,5,19,29.8,78,0.1,235,0,1,1,1013
5,5,20,29.2,85,0,182,0,0,0,1013
5,5,21,28.6,89,0,253,0,0,0,1013
5,5,22,28.1,93,0,198,0,0,0,1012
5,5,23,27.5,95,0,208,0,0,0,1012
5,5,24,26.9,96,0,194,0,0,0,1012
5,6,1,26.4,95,0,197,0,0,0,1012
5,6,2,26,98,0,204,0,0,0,1012
5,6,3,25.5,98,0,254,0,0,0,1012
5,6,4,25.3,100,0,232,0,0,0,1012
5,6,5,25.1,100,0,220,0,0,0,1012
5,6,6,24.9,100,0,259,0,0,0,1011
5,6,7,25.1,100,0,204,0,13,13,1011
5,6,8,26.3,98,0,233,155,125,174,1011
5,6,9,26.7,99,0,204,135,271,345,1011
5,6,10,28.6,87,0.1,218,170,373,497,1011
5,6,11,29.7,86,0.1,226,213,441,627,1011
5,6,12,30.6,76,0.2,237,290,428,706,1011
5,6,13,31.2,86,0.3,285,292,457,742,1011
5,6,14,31.5,86,0.4,235,206,483,674,1011
5,6,15,31.9,75,0.5,227,267,380,600,1011
5,6,16,31.7,73,0.4,275,174,314,429,1011
5,6,17,31.2,75,0.3,294,111,211,262,1011
5,6,18,30.4,76,0.3,285,61,81,94,1011
5,6,19,29.5,86,0.3,290,0,1,1,1011
5,6,20,28.6,93,0.3,287,0,0,0,1011
5,6,21,28.3,93,0.1,269,0,0,0,1011
5,6,22,27.7,95,0,288,0,0,0,1011
5,6,23,27,98,0,291,0,0,0,1011
5,6,24,26.3,96,0,282,0,0,0,1011
5,7,1,25.8,99,0,272,0,0,0,1011
5,7,2,25.2,99,0.1,286,0,0,0,1011
5,7,3,24.6,99,0.2,294,0,0,0,1011
5,7,4,24.3,99,0.2,274,0,0,0,1011
5,7,5,24,99,0,279,0,0,0,1011
5,7,6,23.7,99,0,282,0,0,0,1011
5,7,7,23.9,99,0,281,0,16,16,1011
5,7,8,25.2,98,0,292,234,120,194,1011
5,7,9,26.4,93,0.1,288,287,225,380,1011
5,7,10,27.7,83,0.2,285,324,316,552,1011
5,7,11,28.8,79,0.3,289,365,375,693,1011
5,7,12,29.7,78,0.5,290,383,402,768,1011
5,7,13,30.3,74,0.6,279,334,433,759,1011
5,7,14,30.7,72,0.7,284,349,400,724,1011
5,7,15,30.6,84,0.6,226,280,380,609,1011
5,7,16,30.6,72,0.7,258,200,310,442,1011
5,7,17,29.3,88,0.7,292,139,218,281,1011
5,7,18,29.2,86,0.6,291,97,81,103,1011
5,7,19,28.3,86,0.4,248,0,1,1,1010
5,7,20,27.8,90,0.3,240,0,0,0,1010
5,7,21,27.2,94,0.2,285,0,0,0,1010
5,7,22,26.7,98,0.1,226,0,0,0,1010
5,7,23,26,97,0.1,253,0,0,0,1010
5,7,24,25.4,98,0,186,0,0,0,1010
5,8,1,25.1,99,0.2,208,0,0,0,1010
5,8,2,24.7,99,0.2,222,0,0,0,1010
5,8,3,24.4,99,0.3,223,0,0,0,1009
5,8,4,23.9,99,0.2,226,0,0,0,1009
5,8,5,23.9,98,0.3,211,0,0,0,1009
5,8,6,23.8,99,0.3,192,0,0,0,1009
5,8,7,24,99,0.3,185,0,14,14,1009
5,8,8,24.9,97,0.3,193,56,122,140,1009
5,8,9,25.8,92,0.4,173,56,246,276,1009
5,8,10,26.6,86,0.4,162,37,342,369,1009
5,8,11,27.4,78,0.3,155,96,413,497,1008
5,8,12,28.1,74,0.2,163,124,455,574,1008
5,8,13,28.4,85,0.3,182,56,462,517,1008
5,8,14,29,74,0.3,213,143,441,574,1008
5,8,15,28.7,86,0.2,211,78,372,436,1008
5,8,16,27.4,92,0.2,219,25,281,298,1009
5,8,17,27.8,89,0.2,221,14,176,182,1009
5,8,18,27.7,86,0.3,201,0,69,69,1009
5,8,19,27.2,86,0.3,192,0,1,1,1009
5,8,20,26.6,86,0.4,230,0,0,0,1009
5,8,21,26.1,90,0.4,190,0,0,0,1009
5,8,22,25.5,90,0.5,233,0,0,0,1009
5,8,23,25,90,0.4,197,0,0,0,1010
5,8,24,24.4,90,0.4,204,0,0,0,1010
5,9,1,23.5,92,0.3,246,0,0,0,1010
5,9,2,23.3,88,0.3,222,0,0,0,1010
5,9,3,22.8,88,0.4,216,0,0,0,1010
5,9,4,22.6,90,0.4,203,0,0,0,1010
5,9,5,22.3,90,0.2,204,0,0,0,1010
5,9,6,22.1,90,0.1,217,0,0,0,1011
5,9,7,22.3,90,0.1,210,0,16,16,1011
5,9,8,23.6,87,0.2,262,207,130,196,1011
5,9,9,24.9,87,0.2,255,320,212,385,1011
5,9,10,26.2,78,0.4,210,351,307,563,1011
5,9,11,27.4,75,0.6,233,383,367,700,1011
5,9,12,28.3,72,0.7,164,411,385,777,1011
5,9,13,29,70,1,189,379,417,786,1012
5,9,14,29.4,69,1.1,239,386,383,742,1011
5,9,15,29.6,68,1.1,229,360,346,641,1011
5,9,16,29.5,69,1.5,206,335,271,491,1011
5,9,17,28.9,70,1.7,279,292,172,304,1011
5,9,18,28,73,1.3,210,150,80,113,1011
5,9,19,27.1,75,0.8,188,0,1,1,1011
5,9,20,26.6,77,0.6,278,0,0,0,1011
5,9,21,26,79,0.3,180,0,0,0,1011
5,9,22,25.5,84,0.3,264,0,0,0,1011
5,9,23,25,88,0.2,270,0,0,0,1010
5,9,24,24.4,92,0.2,250,0,0,0,1010
5,10,1,24.1,92,0.3,212,0,0,0,1010
5,10,2,23.7,92,0.3,231,0,0,0,1010
5,10,3,23.3,93,0.5,221,0,0,0,1010
5,10,4,23.1,92,0.5,227,0,0,0,1010
5,10,5,22.9,98,0.4,187,0,0,0,1010
5,10,6,22.7,100,0.3,214,0,0,0,1010
5,10,7,23,100,0.4,206,0,21,21,1010
5,10,8,24.4,98,0.3,247,231,141,214,1009
5,10,9,26.3,89,0.4,237,621,176,512,1009
5,10,10,27.1,82,0.5,219,185,339,474,1009
5,10,11,27.4,86,0.5,255,76,398,464,1009
5,10,12,28,79,0.5,252,104,445,544,1009
5,10,13,27.9,86,0.5,247,33,364,396,1009
5,10,14,27.9,89,0.4,227,83,414,491,1009
5,10,15,27.9,89,0.5,213,119,384,482,1009
5,10,16,27,93,0.5,190,57,296,333,1009
5,10,17,27.8,86,0.5,223,225,197,299,1009
5,10,18,27.2,88,0.5,167,72,81,96,1009
5,10,19,26.4,92,0.4,181,0,1,1,1009
5,10,20,25.8,95,0.3,170,0,0,0,1010
5,10,21,25.4,98,0.3,220,0,0,0,1010
5,10,22,24.9,98,0.3,178,0,0,0,1010
5,10,23,24.4,96,0.3,169,0,0,0,1010
5,10,24,23.9,99,0.3,188,0,0,0,1010
5,11,1,23.6,99,0.1,262,0,0,0,1010
5,11,2,23.3,99,0.1,221,0,0,0,1010
5,11,3,23,99,0.2,221,0,0,0,1010
5,11,4,22.8,99,0.3,197,0,0,0,1010
5,11,5,22.6,99,0.1,184,0,0,0,1011
5,11,6,22.5,99,0.1,191,0,0,0,1011
5,11,7,22.8,99,0.1,195,0,16,16,1011
5,11,8,24.2,98,0.2,219,230,129,202,1011
5,11,9,25.6,90,0.3,139,359,203,397,1011
5,11,10,27,80,0.5,179,373,304,575,1011
5,11,11,28.2,77,0.7,211,370,370,692,1011
5,11,12,29.2,74,1,233,374,413,769,1011
5,11,13,29.8,70,1.3,212,313,445,749,1011
5,11,14,30.2,68,1.5,188,345,398,717,1011
5,11,15,30.4,66,1.7,219,320,365,627,1011
5,11,16,30.2,67,1.7,189,239,303,460,1011
5,11,17,29.7,71,1.7,182,170,218,295,1011
5,11,18,28.8,73,1.3,196,122,81,107,1011
5,11,19,27.9,79,0.8,132,0,1,1,1011
5,11,20,26.8,89,0.7,216,0,0,0,1010
5,11,21,26.5,86,0.4,163,0,0,0,1010
5,11,22,26,87,0.3,195,0,0,0,1010
5,11,23,25.5,88,0.3,212,0,0,0,1010
5,11,24,24.9,90,0.3,156,0,0,0,1010
5,12,1,24.4,90,0.5,17,0,0,0,1010
5,12,2,23.9,96,0.4,78,0,0,0,1010
5,12,3,23.1,95,0.4,78,0,0,0,1009
5,12,4,23,94,0.4,348,0,0,0,1009
5,12,5,22.7,95,0.3,15,0,0,0,1009
5,12,6,21.8,99,0.3,349,0,0,0,1009
5,12,7,22.4,96,0.3,13,0,6,6,1009
5,12,8,21.4,99,0.4,350,0,58,58,1009
5,12,9,23,97,0.4,113,0,149,149,1009
5,12,10,24,90,0.4,203,15,259,269,1009
5,12,11,25,88,0.3,111,41,409,445,1008
5,12,12,25.8,87,0.3,166,75,465,537,1008
5,12,13,26.2,90,0.3,224,89,487,573,1008
5,12,14,26.8,86,0.3,224,81,454,529,1008
5,12,15,27.2,78,0.3,197,143,389,505,1008
5,12,16,27.2,86,0.3,202,115,299,375,1008
5,12,17,27.1,77,0.3,248,285,183,311,1008
5,12,18,26.7,82,0.5,208,291,91,154,1008
5,12,19,26,85,0.3,232,0,11,11,1008
5,12,20,25.6,92,0.4,227,0,0,0,1008
5,12,21,25.2,91,0.4,197,0,0,0,1008
5,12,22,24.9,95,0.4,214,0,0,0,1008
5,12,23,24.5,98,0.5,186,0,0,0,1008
5,12,24,24.1,98,0.6,216,0,0,0,1008
5,13,1,23.9,98,0.5,187,0,0,0,1008
5,13,2,23.7,98,0.5,189,0,0,0,1008
5,13,3,23.5,97,0.6,211,0,0,0,1008
5,13,4,23.4,95,0.7,192,0,0,0,1008
5,13,5,23.3,95,1,240,0,0,0,1008
5,13,6,23.3,96,1,203,0,0,0,1008
5,13,7,23.4,99,0.8,217,0,8,8,1008
5,13,8,24.3,98,1,200,36,117,128,1008
5,13,9,25.3,90,0.8,226,35,245,264,1008
5,13,10,26.3,85,1,200,62,338,383,1008
5,13,11,27,87,0.8,215,42,417,453,1008
5,13,12,27.8,86,1,242,82,470,548,1008
5,13,13,28.2,89,0.8,220,111,455,563,1008
5,13,14,28.9,76,0.7,190,107,466,565,1009
5,13,15,29.1,70,0.7,185,111,380,471,1009
5,13,16,28.6,83,0.6,184,37,299,323,1009
5,13,17,28,89,0.6,211,32,197,212,1009
5,13,18,26.7,92,0.8,234,0,72,72,1009
5,13,19,27.2,86,1,197,0,1,1,1010
5,13,20,26.7,90,1,197,0,0,0,1010
5,13,21,26.1,86,0.8,187,0,0,0,1010
5,13,22,25.6,90,0.8,201,0,0,0,1010
5,13,23,25,90,0.8,250,0,0,0,1010
5,13,24,24.5,90,0.8,286,0,0,0,1011
5,14,1,23.6,90,0.5,253,0,0,0,1011
5,14,2,23.2,87,0.5,280,0,0,0,1011
5,14,3,22.5,91,0.8,231,0,0,0,1011
5,14,4,22.1,95,0.7,206,0,0,0,1011
5,14,5,21.8,96,0.4,219,0,0,0,1012
5,14,6,21.5,94,0.4,202,0,0,0,1012
5,14,7,21.6,93,0.4,181,0,17,17,1012
5,14,8,22.9,90,0.3,215,253,127,207,1012
5,14,9,24.2,84,0.4,184,401,192,409,1013
5,14,10,25.4,80,0.8,206,491,250,607,1013
5,14,11,26.6,77,1.1,192,504,318,754,1013
5,14,12,27.6,74,1.5,231,555,332,858,1013
5,14,13,28.4,72,1.9,247,580,353,914,1013
5,14,14,28.9,70,2.1,237,682,262,891,1013
5,14,15,29.1,70,2.1,207,697,206,774,1013
5,14,16,29,70,2.1,209,717,136,605,1013
5,14,17,28.5,71,2.1,252,640,95,383,1013
5,14,18,27.6,74,2.3,279,281,89,150,1013
5,14,19,26.5,77,2.1,254,0,4,4,1013
5,14,20,26,79,1.5,190,0,0,0,1013
5,14,21,25.4,80,1.3,219,0,0,0,1013
5,14,22,24.9,87,1.5,230,0,0,0,1013
5,14,23,24.4,92,1.3,237,0,0,0,1013
5,14,24,23.9,94,1.5,212,0,0,0,1012
5,15,1,23.7,95,1.5,242,0,0,0,1012
5,15,2,23.5,94,1.3,161,0,0,0,1012
5,15,3,23.4,93,2.3,210,0,0,0,1012
5,15,4,23.3,95,1.9,209,0,0,0,1012
5,15,5,23.2,100,1.1,108,0,0,0,1012
5,15,6,23.2,100,1.1,121,0,0,0,1012
5,15,7,23.4,100,1.3,14,0,17,17,1012
5,15,8,24.7,97,1.9,125,180,124,181,1012
5,15,9,26.2,92,2.1,180,288,216,371,1012
5,15,10,27.5,86,2.7,165,311,318,545,1012
5,15,11,28.8,83,3.3,124,326,382,665,1011
5,15,12,29.8,80,3.7,136,372,400,752,1011
5,15,13,30.5,75,3.7,175,338,424,751,1011
5,15,14,31,73,3.7,160,351,393,716,1011
5,15,15,31.2,74,4.2,152,306,358,607,1011
5,15,16,31.1,74,4.2,72,290,278,468,1011
5,15,17,30.5,86,4.2,47,148,211,278,1011
5,15,18,29.7,83,3.7,47,115,81,106,1011
5,15,19,28.1,98,3.3,123,0,1,1,1011
5,15,20,28.1,98,2.5,163,0,0,0,1011
5,15,21,27.5,99,2.1,163,0,0,0,1011
5,15,22,27.2,99,1.7,211,0,0,0,1011
5,15,23,26.6,98,1.7,203,0,0,0,1011
5,15,24,26.1,99,1.7,209,0,0,0,1011
5,16,1,25.6,99,1.7,284,0,0,0,1011
5,16,2,25,99,1.9,243,0,0,0,1011
5,16,3,24.4,99,2.5,231,0,0,0,1011
5,16,4,24.1,99,2.5,239,0,0,0,1011
5,16,5,23.8,99,1.7,244,0,0,0,1011
5,16,6,23.6,99,1.9,210,0,0,0,1010
5,16,7,23.7,99,1.7,284,0,12,12,1010
5,16,8,24.8,98,2.1,219,130,125,167,1010
5,16,9,25.9,98,2.3,251,120,266,330,1010
5,16,10,26.9,91,3.3,241,139,365,466,1010
5,16,11,27.8,88,4.7,215,154,435,568,1010
5,16,12,28.6,84,5.7,235,236,436,659,1010
5,16,13,29.1,82,6.3,178,229,449,670,1010
5,16,14,29.5,81,6.3,271,239,419,639,1010
5,16,15,29.7,82,6.3,202,247,377,577,1010
5,16,16,29.6,80,8,199,192,308,433,1010
5,16,17,29.1,83,8,196,95,205,248,1009
5,16,18,28.3,91,6.3,197,36,77,85,1009
5,16,19,27.5,93,5.3,197,0,1,1,1009
5,16,20,27.1,95,3.7,223,0,0,0,1009
5,16,21,25.8,99,2.9,200,0,0,0,1009
5,16,22,26.2,97,2.3,213,0,0,0,1009
5,16,23,25.7,98,2.5,252,0,0,0,1008
5,16,24,25.2,99,2.5,256,0,0,0,1008
5,17,1,23.3,99,4.7,241,0,0,0,1008
5,17,2,24.9,99,3.7,276,0,0,0,1008
5,17,3,24.6,99,4.2,225,0,0,0,1008
5,17,4,24.8,98,3.7,197,0,0,0,1008
5,17,5,24.6,98,3.7,224,0,0,0,1007
5,17,6,24.1,99,3.3,211,0,0,0,1007
5,17,7,24.1,99,3.3,216,0,16,16,1007
5,17,8,23.8,99,3.7,203,51,119,135,1007
5,17,9,25.6,99,3.3,232,76,249,290,1007
5,17,10,27.7,92,3.3,199,143,349,453,1006
5,17,11,28.5,89,3.7,207,141,413,535,1006
5,17,12,28.6,91,3.7,199,25,323,347,1006
5,17,13,28.7,90,3.3,187,21,294,314,1006
5,17,14,28.1,90,3.3,211,0,77,77,1006
5,17,15,27.7,93,3.3,182,4,205,209,1006
5,17,16,27.3,94,2.9,195,3,182,184,1007
5,17,17,26.2,99,2.9,206,0,129,129,1007
5,17,18,26.9,95,2.9,241,57,80,92,1007
5,17,19,26.7,91,2.9,222,0,7,7,1007
5,17,20,26.4,90,2.9,206,0,0,0,1008
5,17,21,26.1,93,3.3,242,0,0,0,1008
5,17,22,25.6,89,2.5,217,0,0,0,1008
5,17,23,25.1,94,2.5,194,0,0,0,1008
5,17,24,24.8,97,2.7,214,0,0,0,1008
5,18,1,24.2,95,1.7,196,0,0,0,1009
5,18,2,23.4,99,1.7,201,0,0,0,1009
5,18,3,23.3,99,2.1,76,0,0,0,1009
5,18,4,22.9,98,2.1,40,0,0,0,1009
5,18,5,22.7,98,1.3,151,0,0,0,1010
5,18,6,22.5,99,1.1,119,0,0,0,1010
5,18,7,22.7,99,1.1,157,0,16,16,1010
5,18,8,24,98,1.3,158,217,129,197,1010
5,18,9,25.4,97,1.9,161,326,214,389,1011
5,18,10,26.6,84,2.5,156,325,313,549,1011
5,18,11,27.8,77,2.9,42,383,360,690,1011
5,18,12,28.7,76,4.2,158,380,394,753,1011
5,18,13,29.4,74,4.7,81,359,427,773,1012
5,18,14,29.7,70,5.6,340,309,413,697,1012
5,18,15,29.9,72,5.3,168,323,360,621,1012
5,18,16,29.8,73,4.7,166,379,260,506,1012
5,18,17,29.3,74,4.7,180,185,211,294,1012
5,18,18,28.4,73,4.2,149,135,80,110,1012
5,18,19,27.5,75,2.9,206,0,1,1,1012
5,18,20,26.9,81,2.5,184,0,0,0,1012
5,18,21,26.3,82,1.9,142,0,0,0,1012
5,18,22,25.6,86,2.1,177,0,0,0,1012
5,18,23,25,88,1.9,180,0,0,0,1012
5,18,24,24.4,93,1.9,135,0,0,0,1012
5,19,1,23.9,96,1.7,186,0,0,0,1013
5,19,2,23.4,98,1.5,159,0,0,0,1013
5,19,3,22.9,97,2.1,175,0,0,0,1013
5,19,4,22.7,96,1.9,188,0,0,0,1013
5,19,5,22.4,95,1.1,203,0,0,0,1013
5,19,6,22.2,96,1.3,240,0,0,0,1013
5,19,7,22.4,98,1.3,211,0,18,18,1013
5,19,8,23.9,92,1.5,211,273,138,224,1013
5,19,9,25.6,84,1.7,210,613,127,456,1013
5,19,10,27.1,75,2.1,182,636,194,654,1013
5,19,11,28.5,71,2.5,183,646,254,810,1013
5,19,12,29.7,68,2.5,180,630,303,897,1013
5,19,13,30.5,66,2.7,206,626,316,918,1014
5,19,14,31,65,2.9,207,601,305,857,1014
5,19,15,31.2,65,3.3,242,662,221,758,1014
5,19,16,31.1,66,3.7,199,633,165,577,1014
5,19,17,30.4,68,3.7,234,566,111,365,1014
5,19,18,29.4,72,3.3,203,229,90,140,1014
5,19,19,28.3,77,2.3,149,0,2,2,1014
5,19,20,27.8,83,1.7,147,0,0,0,1014
5,19,21,27.4,87,1.3,186,0,0,0,1014
5,19,22,26.9,88,1.1,141,0,0,0,1014
5,19,23,26.4,89,1,185,0,0,0,1014
5,19,24,26,89,1,152,0,0,0,1014
5,20,1,25.7,89,0.7,190,0,0,0,1014
5,20,2,25.4,91,0.7,163,0,0,0,1014
5,20,3,25.2,92,1,122,0,0,0,1014
5,20,4,25,92,0.8,324,0,0,0,1014
5,20,5,24.9,91,0.4,115,0,0,0,1014
5,20,6,24.8,95,0.5,188,0,0,0,1014
5,20,7,25.1,93,0.3,231,0,21,21,1014
5,20,8,26.7,89,0.4,183,373,114,232,1014
5,20,9,28.4,84,0.6,174,555,152,450,1014
5,20,10,30,77,1,166,578,220,637,1014
5,20,11,31.4,72,1.1,160,596,267,780,1014
5,20,12,32.5,67,1.7,157,623,283,871,1014
5,20,13,33.4,63,1.7,197,569,348,895,1014
5,20,14,34,61,1.9,160,604,303,856,1014
5,20,15,34.3,59,1.7,131,703,200,769,1014
5,20,16,34.2,61,1.7,173,707,137,597,1014
5,20,17,33.7,64,1.9,211,606,103,375,1014
5,20,18,32.7,68,1.5,166,256,90,145,1014
5,20,19,31.5,69,1.3,187,0,3,3,1014
5,20,20,30.8,77,1.1,168,0,0,0,1014
5,20,21,30.1,83,0.6,227,0,0,0,1014
5,20,22,29.4,86,0.5,218,0,0,0,1014
5,20,23,28.7,91,0.4,216,0,0,0,1014
5,20,24,28,94,0.4,193,0,0,0,1014
5,21,1,27.3,96,0.3,221,0,0,0,1014
5,21,2,26.6,95,0.4,223,0,0,0,1014
5,21,3,25.9,99,0.7,203,0,0,0,1014
5,21,4,25.5,100,0.8,214,0,0,0,1014
5,21,5,25.1,100,0.4,218,0,0,0,1014
5,21,6,24.8,100,0.5,282,0,0,0,1014
5,21,7,25.1,100,0.4,201,0,19,19,1014
5,21,8,26.5,94,0.5,278,286,137,227,1014
5,21,9,28.1,90,0.6,243,621,128,461,1014
5,21,10,29.6,78,1,222,685,173,667,1014
5,21,11,30.9,75,1,195,684,231,819,1014
5,21,12,32,71,1.3,216,657,285,903,1014
5,21,13,32.8,67,1.3,218,632,310,917,1014
5,21,14,33.2,66,1.9,216,625,291,862,1014
5,21,15,33.4,67,2.1,221,635,233,747,1013
5,21,16,33.2,67,2.1,302,632,162,573,1013
5,21,17,32.6,69,1.9,200,537,119,360,1013
5,21,18,31.6,69,1.7,248,226,90,139,1012
5,21,19,30.5,72,1.1,276,0,2,2,1012
5,21,20,29.9,73,0.7,252,0,0,0,1012
5,21,21,29.4,74,0.5,185,0,0,0,1011
5,21,22,28.9,76,0.4,243,0,0,0,1011
5,21,23,28.4,78,0.4,243,0,0,0,1011
5,21,24,27.9,81,0.5,294,0,0,0,1011
5,22,1,27.6,87,1,249,0,0,0,1010
5,22,2,27.1,87,1,250,0,0,0,1010
5,22,3,26.7,92,1.1,255,0,0,0,1010
5,22,4,26.8,87,1,220,0,0,0,1009
5,22,5,26.8,91,1.1,188,0,0,0,1009
5,22,6,26.6,92,1.1,284,0,0,0,1009
5,22,7,26.9,92,1.3,229,0,20,20,1008
5,22,8,27.5,89,1.1,234,0,104,104,1008
5,22,9,28.7,86,1.3,263,86,239,285,1008
5,22,10,29.5,86,1.3,188,36,334,360,1007
5,22,11,30.1,86,1.5,223,67,362,419,1007
5,22,12,29.3,89,1.7,216,0,80,80,1007
5,22,13,29.9,89,1.7,231,39,377,414,1006
5,22,14,29.8,89,1.5,203,30,351,378,1006
5,22,15,28.5,92,1.5,222,15,307,320,1006
5,22,16,29,92,1.3,180,6,196,200,1007
5,22,17,29.4,89,1.3,171,101,189,234,1007
5,22,18,30,86,1.3,210,330,89,161,1007
5,22,19,29.5,86,1.5,174,0,9,9,1007
5,22,20,29.1,86,1.3,215,0,0,0,1007
5,22,21,28.7,89,1.3,211,0,0,0,1007
5,22,22,28.3,88,1,219,0,0,0,1007
5,22,23,27.9,91,1.1,208,0,0,0,1007
5,22,24,27.5,88,1.1,263,0,0,0,1007
5,23,1,27.2,89,1.1,264,0,0,0,1007
5,23,2,26.9,90,1.1,262,0,0,0,1007
5,23,3,26.6,90,1.5,233,0,0,0,1007
5,23,4,26.4,91,1.5,190,0,0,0,1007
5,23,5,26.3,94,1.7,196,0,0,0,1007
5,23,6,26.2,93,1.7,183,0,0,0,1007
5,23,7,26.4,95,1.7,195,0,13,13,1007
5,23,8,27.2,89,1.7,241,28,114,123,1007
5,23,9,28.2,87,1.9,173,33,239,257,1007
5,23,10,29,79,2.1,171,29,320,341,1007
5,23,11,29.6,86,2.1,195,24,365,386,1007
5,23,12,29.7,89,2.1,217,22,402,422,1007
5,23,13,30.4,86,1.9,201,43,430,471,1007
5,23,14,30.8,86,2.1,187,87,416,495,1008
5,23,15,30.8,89,1.7,197,30,358,382,1008
5,23,16,30.4,89,1.9,201,35,283,305,1008
5,23,17,30.2,89,1.9,202,31,193,207,1008
5,23,18,29.3,89,2.3,191,22,76,81,1008
5,23,19,27.7,92,2.1,240,0,1,1,1008
5,23,20,28.8,89,2.3,213,0,0,0,1009
5,23,21,28.2,86,2.3,207,0,0,0,1009
5,23,22,27.8,86,2.3,263,0,0,0,1009
5,23,23,27.2,91,2.3,205,0,0,0,1009
5,23,24,26.6,90,2.1,212,0,0,0,1009
5,24,1,26,94,1.5,266,0,0,0,1009
5,24,2,25.4,95,1.9,234,0,0,0,1010
5,24,3,24.8,97,3.3,257,0,0,0,1010
5,24,4,24.4,97,2.9,246,0,0,0,1010
5,24,5,24.1,97,2.3,249,0,0,0,1010
5,24,6,23.8,97,2.3,226,0,0,0,1010
5,24,7,24.1,99,2.3,235,0,26,26,1010
5,24,8,25.9,92,2.1,245,486,128,281,1011
5,24,9,27.6,85,2.5,239,804,90,520,1011
5,24,10,29.4,74,2.9,295,906,139,791,1011
5,24,11,30.8,69,3.7,251,806,248,939,1011
5,24,12,30.8,72,4.2,223,124,421,537,1011
5,24,13,30.2,85,3.7,223,72,465,533,1011
5,24,14,30.7,86,4.7,202,119,462,570,1011
5,24,15,30.7,74,4.7,184,156,378,504,1012
5,24,16,30.5,74,4.7,215,241,299,456,1012
5,24,17,29.9,86,4.7,277,154,215,284,1012
5,24,18,29,86,4.7,273,168,80,116,1012
5,24,19,28.2,77,3.3,235,0,3,3,1012
5,24,20,27.5,78,2.5,254,0,0,0,1012
5,24,21,26.8,82,2.1,241,0,0,0,1012
5,24,22,26.2,83,1.5,211,0,0,0,1012
5,24,23,25.5,86,1.3,221,0,0,0,1013
5,24,24,24.8,91,1.3,192,0,0,0,1013
5,25,1,24.4,90,1.3,207,0,0,0,1013
5,25,2,24,92,1.1,200,0,0,0,1013
5,25,3,23.5,94,1.7,239,0,0,0,1013
5,25,4,23.3,95,1.7,210,0,0,0,1013
5,25,5,23.1,99,0.7,175,0,0,0,1013
5,25,6,22.9,100,0.8,186,0,0,0,1013
5,25,7,23.2,100,0.8,206,0,21,21,1014
5,25,8,24.9,99,0.8,214,385,124,245,1014
5,25,9,26.6,93,1.3,210,716,98,480,1014
5,25,10,28.3,83,1.7,182,774,131,688,1014
5,25,11,29.7,80,1.9,213,781,174,843,1014
5,25,12,30.9,76,2.1,187,760,216,928,1014
5,25,13,31.8,72,2.3,164,734,241,943,1014
5,25,14,32.3,71,2.7,156,707,239,884,1014
5,25,15,32.5,68,2.9,173,711,194,767,1014
5,25,16,32.3,70,3.3,140,664,156,587,1014
5,25,17,31.7,74,2.9,133,569,113,368,1014
5,25,18,30.6,80,2.7,192,222,91,139,1014
5,25,19,29.5,82,2.3,191,0,1,1,1014
5,25,20,28.8,86,1.7,233,0,0,0,1014
5,25,21,28.1,86,1.1,168,0,0,0,1014
5,25,22,27.4,92,0.8,214,0,0,0,1014
5,25,23,26.7,94,0.8,196,0,0,0,1014
5,25,24,26.1,97,0.8,238,0,0,0,1014
5,26,1,25.5,95,0.8,226,0,0,0,1014
5,26,2,24.9,96,0.7,256,0,0,0,1014
5,26,3,24.3,100,1.5,268,0,0,0,1014
5,26,4,23.9,100,1.1,205,0,0,0,1014
5,26,5,23.6,100,0.5,192,0,0,0,1014
5,26,6,23.4,100,0.5,220,0,0,0,1014
5,26,7,23.6,100,0.4,214,0,21,21,1014
5,26,8,25.2,99,0.6,211,378,125,243,1014
5,26,9,26.9,94,0.7,159,705,99,474,1014
5,26,10,28.4,87,1.3,180,711,159,669,1014
5,26,11,29.8,78,1.9,214,710,213,821,1014
5,26,12,30.9,76,2.1,235,712,246,913,1014
5,26,13,31.7,73,2.5,190,694,267,930,1014
5,26,14,32.2,72,2.7,187,715,233,885,1014
5,26,15,32.4,74,2.7,181,706,195,765,1014
5,26,16,32.3,75,2.9,233,677,151,590,1014
5,26,17,31.6,75,2.9,146,576,111,370,1014
5,26,18,30.6,79,2.7,214,233,91,142,1014
5,26,19,29.5,80,2.1,190,0,1,1,1014
5,26,20,28.8,82,1.7,216,0,0,0,1014
5,26,21,28.1,85,1.1,192,0,0,0,1014
5,26,22,27.4,86,1,190,0,0,0,1014
5,26,23,26.7,86,0.7,201,0,0,0,1014
5,26,24,26,86,1,213,0,0,0,1014
5,27,1,25.5,86,0.8,151,0,0,0,1014
5,27,2,25,84,0.7,194,0,0,0,1014
5,27,3,24.5,86,1.1,142,0,0,0,1014
5,27,4,24.2,85,1.1,156,0,0,0,1014
5,27,5,23.9,89,0.7,201,0,0,0,1014
5,27,6,23.7,93,0.7,190,0,0,0,1014
5,27,7,24,95,0.7,159,0,20,20,1014
5,27,8,25.6,92,0.8,196,340,131,238,1014
5,27,9,27.3,88,1,191,671,111,468,1014
5,27,10,28.9,79,1.5,157,735,148,674,1014
5,27,11,30.3,73,1.9,205,727,203,824,1014
5,27,12,31.4,71,2.1,150,712,245,912,1014
5,27,13,32.3,67,2.5,204,705,259,932,1014
5,27,14,32.8,65,2.7,138,714,233,884,1014
5,27,15,33,66,2.9,106,732,182,771,1014
5,27,16,32.9,68,2.9,200,729,127,600,1014
5,27,17,32.3,70,2.9,182,645,92,381,1014
5,27,18,31.3,74,2.3,175,280,89,151,1014
5,27,19,30.1,76,1.7,195,0,2,2,1014
5,27,20,29.4,81,1.3,179,0,0,0,1014
5,27,21,28.8,80,1,174,0,0,0,1014
5,27,22,28.1,85,0.8,192,0,0,0,1014
5,27,23,27.5,89,0.7,177,0,0,0,1014
5,27,24,26.8,89,0.6,205,0,0,0,1014
5,28,1,26.3,88,0.7,266,0,0,0,1014
5,28,2,25.8,86,0.7,231,0,0,0,1014
5,28,3,25.3,90,1,189,0,0,0,1014
5,28,4,25,90,0.8,173,0,0,0,1014
5,28,5,24.7,91,0.4,147,0,0,0,1014
5,28,6,24.5,92,0.6,176,0,0,0,1014
5,28,7,24.8,92,0.7,102,0,19,19,1014
5,28,8,26.3,88,0.7,318,318,118,217,1014
5,28,9,27.9,86,0.8,348,557,142,437,1014
5,28,10,29.4,77,1.1,354,597,208,635,1014
5,28,11,30.7,71,1.5,9,609,255,775,1014
5,28,12,31.8,65,1.7,32,592,318,871,1014
5,28,13,32.6,64,1.7,212,570,341,885,1014
5,28,14,33.2,62,1.5,159,643,276,861,1014
5,28,15,33.4,61,1.9,182,669,214,752,1014
5,28,16,33.4,61,1.7,218,651,160,582,1014
5,28,17,32.8,65,1.7,189,569,110,364,1014
5,28,18,31.8,69,1.3,231,228,91,141,1014
5,28,19,30.7,73,0.7,226,0,3,3,1014
5,28,20,29.9,77,0.4,239,0,0,0,1014
5,28,21,29.1,79,0.2,190,0,0,0,1014
5,28,22,28.2,85,0.1,247,0,0,0,1014
5,28,23,27.4,88,0.1,245,0,0,0,1014
5,28,24,26.5,88,0.2,230,0,0,0,1014
5,29,1,25.8,89,0.2,197,0,0,0,1014
5,29,2,25,86,0.2,254,0,0,0,1014
5,29,3,24.3,89,0.3,275,0,0,0,1014
5,29,4,23.8,88,0.3,261,0,0,0,1014
5,29,5,23.4,90,0.1,274,0,0,0,1014
5,29,6,23.1,89,0.1,230,0,0,0,1014
5,29,7,23.4,88,0.1,240,0,21,21,1014
5,29,8,25,82,0.1,255,386,123,243,1015
5,29,9,26.6,79,0.3,286,732,92,481,1015
5,29,10,28.1,72,0.4,209,817,112,695,1015
5,29,11,29.5,68,0.7,197,834,144,854,1015
5,29,12,30.6,65,0.8,190,828,172,945,1015
5,29,13,31.5,63,1,166,831,177,969,1015
5,29,14,32,62,1,183,807,176,910,1015
5,29,15,32.2,61,1.1,190,765,164,780,1015
5,29,16,32,62,1.1,145,718,135,600,1015
5,29,17,31.3,63,1.5,193,587,113,376,1015
5,29,18,30.3,69,1.1,146,251,91,146,1015
5,29,19,29.1,72,0.7,44,0,2,2,1015
5,29,20,28.3,78,0.4,174,0,0,0,1015
5,29,21,27.5,80,0.3,224,0,0,0,1015
5,29,22,26.7,81,0.3,209,0,0,0,1015
5,29,23,25.9,84,0.2,187,0,0,0,1015
5,29,24,25,86,0.3,190,0,0,0,1015
5,30,1,24.5,88,0.2,180,0,0,0,1015
5,30,2,23.8,91,0.2,172,0,0,0,1015
5,30,3,23.2,92,0.4,166,0,0,0,1015
5,30,4,22.9,92,0.4,123,0,0,0,1015
5,30,5,22.5,95,0.1,165,0,0,0,1015
5,30,6,22.3,98,0.1,172,0,0,0,1014
5,30,7,22.5,96,0.1,105,0,20,20,1014
5,30,8,24.1,92,0.2,93,327,131,233,1014
5,30,9,25.7,87,0.2,345,688,105,469,1014
5,30,10,27.3,77,0.3,322,757,137,677,1014
5,30,11,28.7,75,0.5,8,789,167,839,1014
5,30,12,29.9,71,0.6,188,814,180,939,1014
5,30,13,30.8,68,0.8,322,811,189,961,1014
5,30,14,31.3,67,1,358,803,179,908,1014
5,30,15,31.5,68,1,101,811,140,793,1014
5,30,16,31.4,69,1.1,315,776,108,611,1014
5,30,17,30.8,67,1,188,664,90,388,1014
5,30,18,29.7,74,0.8,198,284,91,154,1014
5,30,19,28.6,80,0.4,37,0,3,3,1014
5,30,20,27.9,84,0.2,126,0,0,0,1014
5,30,21,27.2,86,0.1,106,0,0,0,1014
5,30,22,26.6,88,0.1,110,0,0,0,1014
5,30,23,25.9,92,0.1,168,0,0,0,1013
5,30,24,25.3,94,0.2,157,0,0,0,1013
5,31,1,24.8,91,0.2,188,0,0,0,1013
5,31,2,24.3,91,0.2,180,0,0,0,1013
5,31,3,23.8,90,0.5,154,0,0,0,1013
5,31,4,23.6,86,0.5,195,0,0,0,1013
5,31,5,23.3,88,0.2,147,0,0,0,1013
5,31,6,23.2,90,0.3,261,0,0,0,1013
5,31,7,23.4,91,0.3,195,0,17,17,1013
5,31,8,24.7,84,0.4,273,241,123,198,1013
5,31,9,26.1,78,0.4,209,391,188,394,1013
5,31,10,27.4,74,0.8,265,420,276,575,1012
5,31,11,28.6,71,1,249,464,309,703,1012
5,31,12,29.6,68,1,232,479,328,774,1012
5,31,13,30.3,66,1.3,191,492,332,800,1012
5,31,14,30.8,65,1.3,223,469,322,747,1012
5,31,15,30.9,65,1.5,191,408,317,645,1012
5,31,16,30.8,65,1.7,198,377,251,495,1012
5,31,17,30.2,66,1.9,250,310,168,308,1012
5,31,18,29.4,69,1.7,249,172,80,118,1012
5,31,19,28.4,72,1.3,250,0,1,1,1012
5,31,20,27.8,73,1,252,0,0,0,1011
5,31,21,27.2,76,0.7,252,0,0,0,1011
5,31,22,26.6,81,0.5,241,0,0,0,1011
5,31,23,26.1,82,0.6,287,0,0,0,1011
5,31,24,25.5,84,0.7,245,0,0,0,1011
6,1,1,24.9,93,0.7,246,0,0,0,1012
6,1,2,24.2,98,0.6,221,0,0,0,1012
6,1,3,24.1,99,1.7,220,0,0,0,1012
6,1,4,23.8,99,1.7,179,0,0,0,1012
6,1,5,23.5,99,0.6,202,0,0,0,1012
6,1,6,23.2,98,0.6,245,0,0,0,1012
6,1,7,23.5,99,0.6,179,0,11,11,1012
6,1,8,24.4,96,0.6,208,57,118,136,1012
6,1,9,25.5,93,0.7,233,75,246,286,1011
6,1,10,26.5,86,1.5,182,107,348,425,1011
6,1,11,27.5,85,2,196,126,420,526,1011
6,1,12,28.2,81,2.4,239,132,438,561,1011
6,1,13,28.4,82,2.8,198,45,385,428,1011
6,1,14,28.7,80,3.3,247,144,421,552,1011
6,1,15,29.1,77,3.3,231,259,362,570,1011
6,1,16,29.3,76,3.3,209,512,215,547,1011
6,1,17,29.2,78,3.3,203,624,122,402,1011
6,1,18,28.7,79,2.8,199,316,91,161,1011
6,1,19,27.9,81,2.4,151,0,13,13,1011
6,1,20,26.4,92,2,199,0,0,0,1011
6,1,21,26.5,89,1.2,174,0,0,0,1011
6,1,22,25.9,89,0.9,167,0,0,0,1011
6,1,23,25.3,92,0.6,189,0,0,0,1011
6,1,24,24.6,95,0.5,131,0,0,0,1011
6,2,1,24.2,98,0.4,182,0,0,0,1011
6,2,2,23.6,98,0.4,210,0,0,0,1011
6,2,3,23.1,98,0.9,215,0,0,0,1011
6,2,4,22.6,99,0.9,261,0,0,0,1011
6,2,5,21.9,99,0.4,259,0,0,0,1011
6,2,6,22.3,97,0.5,202,0,0,0,1011
6,2,7,22.4,99,0.5,245,0,4,4,1011
6,2,8,23.2,97,0.5,243,66,119,139,1011
6,2,9,24.3,96,0.6,258,82,248,291,1011
6,2,10,25.5,90,0.9,255,137,338,435,1011
6,2,11,26.2,84,1.5,169,108,396,487,1011
6,2,12,27,83,2.4,165,163,438,590,1011
6,2,13,27.7,81,2.4,143,288,425,698,1011
6,2,14,28.2,78,2.4,109,273,399,646,1011
6,2,15,28.4,75,2.8,145,226,390,571,1011
6,2,16,28.4,73,2.4,115,194,315,441,1011
6,2,17,28,74,2.4,37,167,215,290,1011
6,2,18,27.4,76,2,142,189,80,122,1011
6,2,19,26.6,78,1.5,169,0,3,3,1010
6,2,20,26.1,82,1.2,185,0,0,0,1010
6,2,21,25.6,84,0.9,187,0,0,0,1010
6,2,22,25.2,89,0.7,203,0,0,0,1010
6,2,23,24.7,90,0.7,159,0,0,0,1010
6,2,24,24.2,90,0.7,195,0,0,0,1010
6,3,1,23.9,91,1.7,204,0,0,0,1010
6,3,2,23.5,93,1.7,181,0,0,0,1009
6,3,3,23.2,95,1.5,233,0,0,0,1009
6,3,4,23,97,1.5,219,0,0,0,1009
6,3,5,22.8,95,1.5,252,0,0,0,1009
6,3,6,22.5,99,1.5,197,0,0,0,1009
6,3,7,22.5,99,1.5,235,0,9,9,1009
6,3,8,21.4,99,1.7,250,0,96,96,1009
6,3,9,23.1,99,1.5,220,10,195,200,1008
6,3,10,24.7,96,1.5,200,22,298,313,1008
6,3,11,25.4,93,1.7,235,29,354,379,1008
6,3,12,25.7,95,2,196,38,376,411,1008
6,3,13,26.2,90,1.7,197,32,370,400,1008
6,3,14,26,92,1.5,237,21,354,374,1008
6,3,15,26.4,88,1.2,189,19,322,337,1008
6,3,16,26.4,88,1.2,185,9,228,234,1008
6,3,17,26.1,91,1.5,228,5,153,155,1008
6,3,18,25.6,93,1.5,247,0,63,63,1008
6,3,19,25.2,91,1.7,184,0,1,1,1008
6,3,20,24.9,93,2,191,0,0,0,1008
6,3,21,24.6,95,2,240,0,0,0,1008
6,3,22,24.2,94,2,217,0,0,0,1008
6,3,23,23.8,95,2,141,0,0,0,1009
6,3,24,23,98,1.7,167,0,0,0,1009
6,4,1,23.4,97,1.7,156,0,0,0,1009
6,4,2,23.1,95,1.5,151,0,0,0,1009
6,4,3,21.6,99,1.2,170,0,0,0,1009
6,4,4,22.9,99,1.2,174,0,0,0,1009
6,4,5,22.7,97,1.7,147,0,0,0,1009
6,4,6,22.7,97,2,178,0,0,0,1009
6,4,7,22.8,97,2.4,256,0,11,11,1009
6,4,8,23.8,96,2,207,76,119,142,1009
6,4,9,24.8,92,2,170,63,239,272,1009
6,4,10,25.6,89,1.7,183,70,318,368,1009
6,4,11,26.4,88,1.7,171,77,399,465,1009
6,4,12,27.1,88,1.7,193,100,424,517,1010
6,4,13,27.6,76,2,195,112,440,547,1010
6,4,14,27.9,74,2,169,82,437,511,1010
6,4,15,28.1,74,2.4,200,84,364,432,1010
6,4,16,27.9,86,2.8,184,40,298,323,1010
6,4,17,27.6,75,2.8,191,32,186,200,1010
6,4,18,26.9,88,3.3,183,23,78,83,1010
6,4,19,26.1,91,3.9,211,0,1,1,1010
6,4,20,26,89,3.9,191,0,0,0,1010
6,4,21,25.1,91,3.3,190,0,0,0,1010
6,4,22,25.1,89,2.8,161,0,0,0,1010
6,4,23,24.8,89,2.8,76,0,0,0,1010
6,4,24,24.3,91,3.3,99,0,0,0,1010
6,5,1,24,94,2.8,17,0,0,0,1010
6,5,2,24,92,2.4,196,0,0,0,1010
6,5,3,23.7,94,2.4,148,0,0,0,1010
6,5,4,23.6,96,2.8,151,0,0,0,1010
6,5,5,23.4,98,3.3,195,0,0,0,1010
6,5,6,23.3,98,3.3,224,0,0,0,1010
6,5,7,23.5,99,3.3,225,0,14,14,1010
6,5,8,24.5,93,3.9,206,96,120,149,1010
6,5,9,25.3,92,3.9,189,51,232,259,1010
6,5,10,26.2,88,4.3,267,63,325,370,1010
6,5,11,27,77,4.3,221,88,390,464,1010
6,5,12,27.8,75,4.3,211,147,436,573,1010
6,5,13,28.4,73,3.9,215,89,470,554,1010
6,5,14,28.6,84,3.3,266,97,445,533,1010
6,5,15,27.6,94,3.3,242,94,382,457,1010
6,5,16,28.3,91,2.4,228,79,300,351,1010
6,5,17,28.2,91,2.4,214,60,195,222,1010
6,5,18,27.7,88,2.8,234,8,76,77,1010
6,5,19,27.1,88,2.8,178,0,1,1,1011
6,5,20,26.6,91,2,243,0,0,0,1011
6,5,21,26.1,91,2,197,0,0,0,1011
6,5,22,25.6,94,2,197,0,0,0,1011
6,5,23,25.1,94,2,216,0,0,0,1011
6,5,24,24.5,94,2,209,0,0,0,1011
6,6,1,24,94,1.5,219,0,0,0,1011
6,6,2,23.6,97,1.5,163,0,0,0,1011
6,6,3,23.1,97,2,199,0,0,0,1011
6,6,4,22.8,96,2.4,238,0,0,0,1012
6,6,5,22.5,97,0.9,175,0,0,0,1012
6,6,6,22.3,99,0.6,184,0,0,0,1012
6,6,7,22.5,99,0.5,161,0,16,16,1012
6,6,8,23.7,97,0.7,134,205,116,179,1012
6,6,9,24.9,90,0.9,67,292,205,358,1012
6,6,10,26.1,85,2,183,296,308,518,1012
6,6,11,27.1,79,2.8,158,321,368,640,1012
6,6,12,28,78,3.3,145,358,389,721,1012
6,6,13,28.7,75,3.9,140,356,402,739,1012
6,6,14,29.1,72,3.9,176,337,398,703,1012
6,6,15,29.2,72,4.8,86,312,353,604,1012
6,6,16,29,71,4.8,155,178,303,419,1012
6,6,17,28.5,84,4.8,172,138,214,276,1012
6,6,18,27.4,91,4.3,174,100,83,106,1012
6,6,19,26.7,88,3.9,147,0,1,1,1012
6,6,20,26.4,88,2.4,128,0,0,0,1011
6,6,21,26,91,1.2,155,0,0,0,1011
6,6,22,25.5,91,1.2,171,0,0,0,1011
6,6,23,25.1,91,0.9,126,0,0,0,1011
6,6,24,24.7,92,0.9,147,0,0,0,1011
6,7,1,24.4,95,1.7,164,0,0,0,1011
6,7,2,24.1,97,1.7,181,0,0,0,1010
6,7,3,23.8,94,1.5,128,0,0,0,1010
6,7,4,23.7,97,1.2,157,0,0,0,1010
6,7,5,23.5,96,1.2,140,0,0,0,1010
6,7,6,23.4,97,1.2,144,0,0,0,1010
6,7,7,23.8,91,1.2,172,0,30,30,1010
6,7,8,24.8,87,1.5,232,175,117,171,1010
6,7,9,26,84,1.7,234,180,238,332,1009
6,7,10,26.6,78,1.2,243,37,321,347,1009
6,7,11,27,88,1.5,224,38,394,426,1009
6,7,12,27.4,88,1.5,191,46,374,416,1009
6,7,13,27.3,88,1.5,246,10,208,218,1009
6,7,14,27.7,88,1.5,219,108,429,527,1009
6,7,15,27.7,91,1.2,250,107,369,454,1009
6,7,16,27.2,91,1.5,255,36,269,293,1009
6,7,17,27.7,88,1.5,189,97,189,233,1009
6,7,18,26.9,88,1.7,186,0,14,14,1009
6,7,19,24.7,97,1.5,205,0,1,1,1010
6,7,20,25.5,93,1.2,235,0,0,0,1010
6,7,21,25.2,94,1.5,264,0,0,0,1010
6,7,22,24.8,92,1.5,179,0,0,0,1010
6,7,23,24.3,92,1.5,191,0,0,0,1010
6,7,24,23.8,98,1.5,190,0,0,0,1010
6,8,1,23.3,95,0.6,169,0,0,0,1010
6,8,2,22.4,99,0.5,144,0,0,0,1010
6,8,3,22.2,97,0.9,156,0,0,0,1011
6,8,4,22.1,98,0.9,170,0,0,0,1011
6,8,5,21.9,99,0.3,152,0,0,0,1011
6,8,6,21.7,99,0.4,127,0,0,0,1011
6,8,7,21.7,99,0.5,156,0,4,4,1011
6,8,8,22.9,98,0.6,146,168,117,169,1011
6,8,9,23.6,96,0.7,190,61,222,254,1011
6,8,10,24.6,92,1.2,218,88,326,389,1011
6,8,11,25.6,87,1.7,192,171,398,543,1012
6,8,12,26.6,88,2,227,310,416,703,1012
6,8,13,27.3,85,2.4,255,191,488,669,1012
6,8,14,27.8,83,2.8,233,267,428,670,1012
6,8,15,28.1,82,2.4,220,294,359,595,1012
6,8,16,28.1,85,2.4,223,398,245,503,1012
6,8,17,27.8,87,2,247,366,156,321,1012
6,8,18,27.1,91,1.7,249,257,83,141,1012
6,8,19,26.3,93,0.9,244,0,7,7,1012
6,8,20,25.8,96,0.5,231,0,0,0,1012
6,8,21,25.2,94,0.2,203,0,0,0,1012
6,8,22,24.7,94,0.1,201,0,0,0,1012
6,8,23,24.1,95,0.1,168,0,0,0,1012
6,8,24,23.5,95,0.2,188,0,0,0,1012
6,9,1,23.1,95,0.1,199,0,0,0,1012
6,9,2,22.7,97,0.2,137,0,0,0,1012
6,9,3,22.3,99,0.4,142,0,0,0,1012
6,9,4,22,99,0.4,181,0,0,0,1012
6,9,5,21.8,99,0.1,247,0,0,0,1012
6,9,6,21.6,100,0.2,243,0,0,0,1012
6,9,7,21.8,100,0.1,239,0,15,15,1012
6,9,8,23,99,0.3,169,208,115,178,1012
6,9,9,24.3,96,0.4,227,323,198,366,1013
6,9,10,25.6,88,0.6,221,327,299,529,1013
6,9,11,26.7,87,0.6,179,344,359,649,1013
6,9,12,27.6,85,0.7,276,380,378,730,1013
6,9,13,28.3,83,1.5,232,379,396,754,1013
6,9,14,28.6,88,1.7,203,299,418,689,1013
6,9,15,28.8,83,1.7,215,298,350,589,1013
6,9,16,28.5,91,1.7,201,292,272,461,1013
6,9,17,28.2,88,1.7,244,152,211,279,1013
6,9,18,27.4,86,2,175,119,84,111,1013
6,9,19,26.5,89,1.2,252,0,1,1,1013
6,9,20,26,92,0.9,211,0,0,0,1013
6,9,21,25.4,95,0.5,194,0,0,0,1013
6,9,22,24.8,97,0.4,235,0,0,0,1013
6,9,23,24.2,98,0.5,230,0,0,0,1013
6,9,24,23.7,99,0.5,241,0,0,0,1013
6,10,1,23.3,99,0.4,199,0,0,0,1014
6,10,2,22.8,99,0.5,267,0,0,0,1014
6,10,3,22.3,99,1.2,237,0,0,0,1014
6,10,4,22,99,1.2,249,0,0,0,1014
6,10,5,21.7,99,0.4,266,0,0,0,1014
6,10,6,21.5,99,0.4,281,0,0,0,1014
6,10,7,21.7,99,0.4,260,0,18,18,1014
6,10,8,23.1,98,0.6,244,327,112,211,1014
6,10,9,24.5,100,0.9,258,565,134,428,1014
6,10,10,25.8,96,2,271,566,212,611,1014
6,10,11,27,92,2.8,246,585,257,750,1014
6,10,12,28.1,91,2.8,247,597,312,863,1014
6,10,13,28.9,85,3.3,206,657,287,907,1014
6,10,14,29.3,79,4.3,230,543,325,816,1014
6,10,15,29.4,75,3.9,219,522,270,689,1014
6,10,16,29.2,74,3.3,211,386,253,503,1013
6,10,17,28.6,77,3.3,227,342,161,315,1013
6,10,18,27.6,77,2.4,206,177,87,128,1013
6,10,19,26.6,81,1.7,252,0,1,1,1012
6,10,20,26.3,88,1.7,237,0,0,0,1012
6,10,21,26,91,1.2,205,0,0,0,1011
6,10,22,25.7,93,0.9,238,0,0,0,1011
6,10,23,25.4,94,0.9,234,0,0,0,1011
6,10,24,24.9,94,0.9,213,0,0,0,1010
6,11,1,25,93,1.5,270,0,0,0,1010
6,11,2,24.6,94,1.2,211,0,0,0,1010
6,11,3,24.8,92,1.2,210,0,0,0,1009
6,11,4,24.8,91,0.9,202,0,0,0,1009
6,11,5,24.7,94,0.9,233,0,0,0,1009
6,11,6,23.6,99,0.9,181,0,0,0,1008
6,11,7,24.9,95,0.6,227,0,4,4,1008
6,11,8,25.5,97,0.7,212,0,85,85,1007
6,11,9,26,93,0.9,194,0,144,144,1007
6,11,10,26.4,95,0.9,205,11,251,259,1007
6,11,11,26.6,94,0.7,212,9,257,264,1006
6,11,12,25.8,96,0.7,188,5,222,227,1006
6,11,13,26.5,94,0.9,195,3,230,233,1006
6,11,14,25.6,94,0.9,202,2,199,201,1006
6,11,15,26.8,91,0.9,209,1,188,189,1006
6,11,16,27.4,88,0.7,262,0,154,154,1006
6,11,17,27.1,91,0.6,237,0,74,74,1006
6,11,18,26.9,88,0.7,209,0,12,12,1006
6,11,19,26,91,0.9,271,0,1,1,1006
6,11,20,24.3,94,1.2,215,0,0,0,1006
6,11,21,26,91,0.9,194,0,0,0,1007
6,11,22,25.4,89,1.2,230,0,0,0,1007
6,11,23,24.8,91,1.2,209,0,0,0,1007
6,11,24,22.9,96,1.5,233,0,0,0,1007
6,12,1,24.5,91,1.2,223,0,0,0,1007
6,12,2,23.9,89,1.2,195,0,0,0,1007
6,12,3,23.1,94,1.2,204,0,0,0,1007
6,12,4,21.7,99,0.7,199,0,0,0,1008
6,12,5,22.9,92,0.7,155,0,0,0,1008
6,12,6,22.7,92,0.7,148,0,0,0,1008
6,12,7,22.6,95,0.7,172,0,4,4,1008
6,12,8,23.4,94,0.7,189,0,82,82,1008
6,12,9,23.8,94,1.2,142,1,155,156,1008
6,12,10,24.6,89,0.9,169,27,301,321,1008
6,12,11,25.4,86,0.6,202,38,390,422,1009
6,12,12,26,85,0.5,182,57,430,483,1009
6,12,13,26.7,85,0.5,195,170,442,603,1009
6,12,14,27,84,0.5,238,91,421,503,1009
6,12,15,27.1,83,0.5,191,35,359,387,1009
6,12,16,26.8,91,0.5,205,14,244,254,1009
6,12,17,26.4,91,0.5,230,5,152,155,1009
6,12,18,26,90,0.4,202,72,84,101,1008
6,12,19,25.5,90,0.3,179,0,6,6,1008
6,12,20,25.4,92,0.3,236,0,0,0,1008
6,12,21,25.3,93,0.2,207,0,0,0,1008
6,12,22,25.2,93,0.2,212,0,0,0,1008
6,12,23,24.5,98,0.2,198,0,0,0,1008
6,12,24,24.8,97,0.1,209,0,0,0,1008
6,13,1,24.9,98,0.1,210,0,0,0,1008
6,13,2,25.1,99,0.2,223,0,0,0,1008
6,13,3,25,99,0.3,254,0,0,0,1008
6,13,4,23.6,99,0.3,213,0,0,0,1008
6,13,5,24.5,99,0.2,239,0,0,0,1008
6,13,6,25.6,95,0.1,225,0,0,0,1008
6,13,7,25.6,95,0.1,239,0,4,4,1008
6,13,8,26.4,94,0.1,271,0,75,75,1007
6,13,9,27.3,93,0.1,265,5,175,178,1007
6,13,10,27.8,92,0.1,232,11,245,252,1007
6,13,11,28.7,88,0.2,265,17,304,318,1007
6,13,12,29.4,88,0.2,205,15,349,363,1007
6,13,13,29.7,85,0.1,214,10,304,313,1007
6,13,14,29.9,81,0.1,254,11,305,316,1007
6,13,15,30,88,0.2,204,15,301,313,1007
6,13,16,30.2,77,0.1,197,10,231,237,1007
6,13,17,30,75,0.1,190,12,171,176,1007
6,13,18,29.7,87,0.1,186,23,80,85,1007
6,13,19,29.1,88,0.1,204,0,3,3,1007
6,13,20,28.1,91,0.2,190,0,0,0,1007
6,13,21,27.3,91,0.2,152,0,0,0,1007
6,13,22,27.6,91,0.2,156,0,0,0,1007
6,13,23,27,90,0.3,153,0,0,0,1007
6,13,24,26.4,93,0.3,89,0,0,0,1007
6,14,1,25.1,95,0.3,352,0,0,0,1007
6,14,2,24.7,94,0.3,352,0,0,0,1007
6,14,3,24.2,92,0.1,26,0,0,0,1007
6,14,4,23.8,95,0.1,31,0,0,0,1007
6,14,5,22.5,99,0.1,130,0,0,0,1007
6,14,6,23,98,0.1,17,0,0,0,1007
6,14,7,23.2,99,0.2,29,0,4,4,1007
6,14,8,23.2,99,0.3,154,0,20,20,1007
6,14,9,23.3,98,0.3,196,0,81,81,1007
6,14,10,23.1,99,0.3,165,0,95,95,1007
6,14,11,24,97,0.3,254,11,261,270,1007
6,14,12,24.6,95,0.3,211,26,363,387,1007
6,14,13,25,96,0.3,244,29,385,413,1007
6,14,14,25.2,94,0.4,204,11,294,304,1007
6,14,15,25.3,92,0.4,223,16,300,312,1007
6,14,16,25.3,91,0.4,269,19,257,269,1007
6,14,17,25.2,91,0.4,236,30,196,209,1008
6,14,18,23,99,0.3,240,51,84,96,1008
6,14,19,23.2,99,0.3,240,0,9,9,1008
6,14,20,23.8,99,0.4,262,0,0,0,1008
6,14,21,23.8,97,0.4,215,0,0,0,1009
6,14,22,23.4,98,0.4,243,0,0,0,1009
6,14,23,22.9,99,0.4,193,0,0,0,1009
6,14,24,22.4,99,0.3,255,0,0,0,1009
6,15,1,22.2,99,0.2,244,0,0,0,1009
6,15,2,22.4,98,0.3,186,0,0,0,1010
6,15,3,22.4,99,0.6,140,0,0,0,1010
6,15,4,22.3,98,0.6,195,0,0,0,1010
6,15,5,22.3,99,0.3,206,0,0,0,1010
6,15,6,22.2,99,0.3,191,0,0,0,1010
6,15,7,22.3,99,0.3,194,0,4,4,1011
6,15,8,23,99,0.3,198,0,88,88,1011
6,15,9,24.2,97,0.5,149,75,224,263,1011
6,15,10,24.9,92,0.6,160,19,262,275,1011
6,15,11,25.6,92,0.9,142,40,374,407,1012
6,15,12,26.9,84,1.2,166,249,414,643,1012
6,15,13,27.9,79,1.7,119,310,423,716,1012
6,15,14,28.6,76,2,34,305,420,696,1012
6,15,15,29.4,73,2.8,154,762,196,808,1012
6,15,16,29.7,72,2.8,161,696,152,605,1012
6,15,17,29.5,70,3.3,141,398,164,345,1012
6,15,18,28.7,72,3.3,189,82,86,104,1012
6,15,19,27.8,75,2.8,191,0,5,5,1011
6,15,20,27.5,78,1.7,179,0,0,0,1011
6,15,21,27.1,80,0.9,220,0,0,0,1011
6,15,22,26.7,83,0.9,218,0,0,0,1011
6,15,23,26.4,84,0.7,235,0,0,0,1011
6,15,24,25.9,91,0.7,277,0,0,0,1011
6,16,1,25.5,92,1.5,240,0,0,0,1011
6,16,2,24.9,91,1.2,200,0,0,0,1011
6,16,3,24.6,91,0.7,240,0,0,0,1011
6,16,4,24.3,91,0.6,273,0,0,0,1011
6,16,5,24,91,0.7,234,0,0,0,1011
6,16,6,24,95,0.7,212,0,0,0,1011
6,16,7,23.6,96,0.7,176,0,10,10,1011
6,16,8,24.6,95,0.9,181,41,109,121,1010
6,16,9,24.6,98,0.9,195,60,228,259,1010
6,16,10,26.7,88,0.9,174,115,327,408,1010
6,16,11,27.6,88,0.9,196,119,394,494,1010
6,16,12,28.1,88,1.2,201,76,444,514,1010
6,16,13,28.6,88,0.9,176,110,435,539,1010
6,16,14,28.9,88,0.9,190,86,437,514,1010
6,16,15,29.1,77,0.7,194,122,375,472,1010
6,16,16,29,75,0.9,169,90,294,352,1011
6,16,17,28.7,73,0.7,195,58,200,227,1011
6,16,18,28.1,76,0.7,158,45,84,94,1011
6,16,19,27.5,79,0.6,186,0,1,1,1011
6,16,20,26.8,83,0.6,145,0,0,0,1012
6,16,21,26.2,86,0.5,168,0,0,0,1012
6,16,22,25.6,88,0.6,202,0,0,0,1012
6,16,23,25,90,0.5,251,0,0,0,1012
6,16,24,24.4,93,0.6,221,0,0,0,1013
6,17,1,23.9,92,0.3,258,0,0,0,1013
6,17,2,23.3,92,0.1,259,0,0,0,1013
6,17,3,22.8,93,0.3,185,0,0,0,1013
6,17,4,22.5,94,0.3,235,0,0,0,1013
6,17,5,22.2,94,0.1,258,0,0,0,1014
6,17,6,22,97,0.1,227,0,0,0,1014
6,17,7,22.2,93,0.1,247,0,18,18,1014
6,17,8,23.8,90,0.1,210,408,114,235,1014
6,17,9,25.5,88,0.1,182,771,73,470,1015
6,17,10,27,79,0.3,226,798,112,670,1015
6,17,11,28.4,73,0.5,243,782,164,818,1015
6,17,12,29.5,72,0.7,285,747,214,901,1015
6,17,13,30.3,71,0.9,258,683,263,907,1015
6,17,14,30.7,67,0.9,248,666,256,857,1015
6,17,15,30.9,66,0.9,252,682,203,751,1015
6,17,16,30.8,67,1.2,320,613,173,572,1015
6,17,17,30.1,68,1.2,268,526,123,363,1015
6,17,18,29.1,72,0.9,259,224,97,149,1014
6,17,19,28,74,0.7,257,0,1,1,1014
6,17,20,27.5,76,0.5,195,0,0,0,1014
6,17,21,26.9,78,0.3,204,0,0,0,1014
6,17,22,26.4,81,0.3,264,0,0,0,1014
6,17,23,25.8,84,0.3,239,0,0,0,1014
6,17,24,25.3,87,0.3,192,0,0,0,1013
6,18,1,24.9,88,0.3,223,0,0,0,1013
6,18,2,24.5,90,0.3,204,0,0,0,1013
6,18,3,24.1,90,0.6,220,0,0,0,1013
6,18,4,23.9,92,0.5,239,0,0,0,1013
6,18,5,23.7,93,0.2,207,0,0,0,1012
6,18,6,23.5,97,0.2,244,0,0,0,1012
6,18,7,23.7,96,0.3,252,0,10,10,1012
6,18,8,24.6,92,0.3,196,106,115,146,1012
6,18,9,25.5,95,0.5,204,60,231,261,1012
6,18,10,26.3,93,0.7,220,89,322,384,1011
6,18,11,27.4,85,1.2,146,209,389,564,1011
6,18,12,28.2,84,2,175,200,422,607,1011
6,18,13,28.8,82,2,146,208,435,631,1011
6,18,14,29.2,79,2.4,157,160,438,582,1011
6,18,15,29.3,78,3.3,198,133,376,483,1011
6,18,16,29.3,76,3.3,229,152,305,404,1010
6,18,17,28.8,79,3.3,237,79,204,240,1010
6,18,18,28.2,82,2.8,190,42,83,93,1010
6,18,19,27.4,89,2,155,0,1,1,1010
6,18,20,27.2,93,1.5,154,0,0,0,1010
6,18,21,26.8,98,0.7,169,0,0,0,1010
6,18,22,26.4,99,0.7,192,0,0,0,1010
6,18,23,25.7,99,0.6,269,0,0,0,1010
6,18,24,26.2,98,0.7,181,0,0,0,1009
6,19,1,25.8,99,1.5,274,0,0,0,1009
6,19,2,26.3,99,1.5,197,0,0,0,1009
6,19,3,26.2,98,1.7,237,0,0,0,1009
6,19,4,26.2,98,1.5,200,0,0,0,1009
6,19,5,26.3,99,1.2,242,0,0,0,1009
6,19,6,26.2,99,1.5,214,0,0,0,1009
6,19,7,26.3,98,1.2,240,0,7,7,1009
6,19,8,27.1,98,1.2,249,1,98,99,1009
6,19,9,27.6,99,1.2,178,8,178,182,1008
6,19,10,28.4,98,1.2,204,13,259,268,1008
6,19,11,29.3,96,1.2,227,21,341,358,1008
6,19,12,29.8,93,1.2,201,37,371,405,1008
6,19,13,30.4,90,1.2,274,44,395,436,1008
6,19,14,30.7,83,0.9,265,28,378,404,1008
6,19,15,30.8,88,0.9,306,31,336,361,1008
6,19,16,30.5,89,1.2,251,21,267,281,1008
6,19,17,29.8,91,1.2,255,9,167,171,1008
6,19,18,28.2,96,1.5,235,0,72,72,1009
6,19,19,29.4,91,1.5,237,0,1,1,1009
6,19,20,29.3,91,1.2,318,0,0,0,1009
6,19,21,28.8,91,1.2,274,0,0,0,1009
6,19,22,28.4,91,1.2,249,0,0,0,1009
6,19,23,28,91,1.2,284,0,0,0,1009
6,19,24,27.6,94,1.2,220,0,0,0,1009
6,20,1,27.1,95,1.2,237,0,0,0,1009
6,20,2,26.6,97,1.2,212,0,0,0,1009
6,20,3,26.1,99,0.7,274,0,0,0,1010
6,20,4,25.9,99,0.9,231,0,0,0,1010
6,20,5,25.7,99,1.2,192,0,0,0,1010
6,20,6,25.5,95,0.9,147,0,0,0,1010
6,20,7,25.9,96,1.2,189,0,35,35,1010
6,20,8,27.2,93,0.9,165,456,115,250,1010
6,20,9,28.7,93,0.9,137,749,129,512,1010
6,20,10,29.6,86,0.7,156,368,291,547,1010
6,20,11,30.2,83,0.9,123,253,380,591,1010
6,20,12,30.7,80,1.2,171,236,419,637,1011
6,20,13,31.3,76,0.9,152,431,386,793,1011
6,20,14,31,87,0.9,129,50,364,409,1011
6,20,15,30.3,88,0.9,31,0,118,118,1011
6,20,16,29.8,88,0.9,29,16,211,221,1011
6,20,17,29.5,81,0.7,348,115,194,247,1011
6,20,18,28.9,82,0.7,3,0,52,52,1011
6,20,19,28.3,88,0.7,353,0,1,1,1011
6,20,20,27.9,88,0.9,348,0,0,0,1011
6,20,21,26.5,97,1.2,348,0,0,0,1011
6,20,22,26.8,93,1.5,353,0,0,0,1011
6,20,23,26.3,95,1.7,100,0,0,0,1011
6,20,24,26.1,95,1.7,147,0,0,0,1011
6,21,1,25.9,97,0.9,194,0,0,0,1011
6,21,2,25.4,96,0.9,188,0,0,0,1011
6,21,3,25.1,99,1.5,249,0,0,0,1011
6,21,4,24.9,99,1.2,215,0,0,0,1011
6,21,5,24.6,99,0.4,203,0,0,0,1011
6,21,6,24.4,98,0.5,221,0,0,0,1011
6,21,7,24.6,96,0.4,239,0,11,11,1011
6,21,8,25.6,93,0.5,185,134,113,153,1011
6,21,9,26.7,90,0.9,196,125,248,312,1011
6,21,10,27.8,88,1.5,261,197,328,465,1011
6,21,11,28.9,75,2,153,213,409,587,1011
6,21,12,29.7,77,2.4,208,253,410,643,1011
6,21,13,30.2,73,2.4,214,163,485,639,1011
6,21,14,30.5,73,2.4,234,152,438,575,1011
6,21,15,30.7,74,2,255,161,393,523,1011
6,21,16,30.6,72,2,220,179,303,420,1011
6,21,17,30.1,73,2,172,105,210,258,1011
6,21,18,29.4,77,1.7,154,53,86,99,1010
6,21,19,28.7,80,1.2,171,0,1,1,1010
6,21,20,28.3,82,0.9,169,0,0,0,1010
6,21,21,27.9,86,0.7,174,0,0,0,1010
6,21,22,27.1,93,0.6,146,0,0,0,1009
6,21,23,27,90,0.3,204,0,0,0,1009
6,21,24,26.9,94,0.4,246,0,0,0,1009
6,22,1,26,98,0.6,230,0,0,0,1009
6,22,2,24.5,99,0.7,180,0,0,0,1009
6,22,3,26.1,96,0.9,234,0,0,0,1008
6,22,4,25.7,97,0.9,228,0,0,0,1008
6,22,5,24.9,99,1.2,273,0,0,0,1008
6,22,6,25.9,92,1.2,205,0,0,0,1008
6,22,7,26,91,1.2,146,0,5,5,1008
6,22,8,26,95,1.5,173,0,76,76,1007
6,22,9,27.2,90,1.2,350,2,157,158,1007
6,22,10,27.5,92,0.9,28,6,214,218,1007
6,22,11,28.1,89,0.7,68,11,259,268,1007
6,22,12,28.4,88,0.9,171,17,279,294,1007
6,22,13,28.8,88,1.2,29,17,284,300,1006
6,22,14,29,88,0.9,42,12,289,300,1007
6,22,15,29.1,88,0.7,147,10,245,252,1007
6,22,16,29,88,0.9,198,5,197,200,1008
6,22,17,28.9,88,0.9,127,0,131,131,1008
6,22,18,28.3,91,0.9,197,0,57,57,1008
6,22,19,27.9,94,0.9,182,0,1,1,1009
6,22,20,26,99,0.6,186,0,0,0,1009
6,22,21,26.3,97,0.6,211,0,0,0,1010
6,22,22,26.7,94,0.5,210,0,0,0,1010
6,22,23,26.2,96,0.7,130,0,0,0,1010
6,22,24,25.7,95,0.7,174,0,0,0,1011
6,23,1,25.1,97,0.2,171,0,0,0,1011
6,23,2,24.4,98,0.1,169,0,0,0,1012
6,23,3,23.7,99,0.3,140,0,0,0,1012
6,23,4,23.4,99,0.3,130,0,0,0,1012
6,23,5,23,99,0.1,189,0,0,0,1013
6,23,6,22.7,99,0.1,188,0,0,0,1013
6,23,7,22.9,99,0.1,203,0,16,16,1014
6,23,8,24.5,99,0.1,232,355,116,220,1014
6,23,9,26.1,92,0.1,199,703,93,452,1014
6,23,10,27.8,86,0.3,178,799,111,666,1015
6,23,11,29.2,79,0.3,228,824,140,828,1015
6,23,12,30.5,72,0.3,243,826,165,924,1016
6,23,13,31.4,68,0.4,216,839,165,956,1016
6,23,14,31.9,68,0.5,242,814,167,903,1016
6,23,15,32.2,64,0.6,228,775,156,781,1016
6,23,16,32,63,0.6,244,712,137,604,1016
6,23,17,31.4,65,0.6,205,626,99,388,1016
6,23,18,30.3,71,0.5,205,275,97,163,1016
6,23,19,29.1,77,0.4,227,0,4,4,1016
6,23,20,28.2,84,0.3,224,0,0,0,1016
6,23,21,27.4,85,0.1,222,0,0,0,1016
6,23,22,26.5,85,0.1,182,0,0,0,1016
6,23,23,25.6,89,0.1,209,0,0,0,1016
6,23,24,24.8,91,0.1,202,0,0,0,1016
6,24,1,24.2,94,0.1,227,0,0,0,1015
6,24,2,23.5,96,0.1,236,0,0,0,1015
6,24,3,22.9,98,0.3,244,0,0,0,1015
6,24,4,22.6,100,0.3,259,0,0,0,1015
6,24,5,22.2,100,0.1,212,0,0,0,1015
6,24,6,22,100,0.1,254,0,0,0,1015
6,24,7,22.1,99,0.1,235,0,14,14,1015
6,24,8,23.5,97,0.1,244,340,106,205,1015
6,24,9,25,96,0.1,225,559,131,416,1015
6,24,10,26.4,90,0.3,198,585,200,606,1015
6,24,11,27.7,86,0.4,180,623,235,755,1015
6,24,12,28.7,81,0.4,216,584,309,846,1015
6,24,13,29.6,81,0.7,195,602,313,880,1015
6,24,14,30.1,78,0.6,225,644,269,851,1015
6,24,15,30.3,75,0.9,211,621,234,735,1015
6,24,16,30.3,76,0.9,194,656,155,584,1015
6,24,17,29.7,76,0.7,203,575,110,376,1015
6,24,18,28.8,83,0.5,242,261,98,161,1015
6,24,19,27.8,81,0.3,218,0,4,4,1015
6,24,20,27.1,87,0.1,200,0,0,0,1015
6,24,21,26.4,87,0.1,216,0,0,0,1015
6,24,22,25.8,89,0.1,265,0,0,0,1015
6,24,23,25.1,89,0.1,213,0,0,0,1015
6,24,24,24.5,90,0.1,200,0,0,0,1015
6,25,1,24,93,0.1,219,0,0,0,1015
6,25,2,23.5,92,0.1,239,0,0,0,1015
6,25,3,23.1,93,0.2,189,0,0,0,1015
6,25,4,22.8,93,0.2,266,0,0,0,1015
6,25,5,22.6,93,0,206,0,0,0,1015
6,25,6,22.4,96,0,256,0,0,0,1015
6,25,7,22.6,97,0,223,0,15,15,1015
6,25,8,24.1,94,0.1,218,314,121,212,1015
6,25,9,25.7,90,0.1,184,657,105,440,1015
6,25,10,27.3,80,0.2,190,692,155,635,1016
6,25,11,28.7,72,0.3,225,701,205,790,1016
6,25,12,29.8,69,0.4,191,706,237,886,1016
6,25,13,30.7,67,0.5,173,704,249,913,1016
6,25,14,31.3,65,0.4,233,724,220,876,1016
6,25,15,31.6,65,0.6,187,734,177,770,1016
6,25,16,31.5,65,0.6,168,691,142,595,1016
6,25,17,31,69,0.9,197,675,85,398,1016
6,25,18,30,71,0.6,186,319,96,172,1016
6,25,19,28.9,75,0.3,150,0,5,5,1016
6,25,20,28.1,81,0.1,197,0,0,0,1016
6,25,21,27.4,83,0.1,182,0,0,0,1015
6,25,22,26.6,87,0,131,0,0,0,1015
6,25,23,25.8,89,0,163,0,0,0,1015
6,25,24,25.1,89,0,148,0,0,0,1015
6,26,1,24.4,92,0,150,0,0,0,1015
6,26,2,23.7,93,0,126,0,0,0,1015
6,26,3,23,95,0.1,127,0,0,0,1015
6,26,4,22.7,96,0.1,178,0,0,0,1015
6,26,5,22.3,96,0,211,0,0,0,1015
6,26,6,22,98,0,195,0,0,0,1015
6,26,7,22.2,98,0,222,0,15,15,1015
6,26,8,23.6,94,0,278,330,120,215,1015
6,26,9,25.2,90,0.1,275,668,102,442,1015
6,26,10,26.7,83,0.1,185,725,141,644,1015
6,26,11,28,80,0.2,192,702,204,790,1015
6,26,12,29,78,0.3,218,673,258,876,1015
6,26,13,29.9,76,0.5,155,706,248,914,1015
6,26,14,30.4,74,0.6,116,723,221,876,1015
6,26,15,30.6,74,0.6,150,660,220,753,1015
6,26,16,30.5,75,0.6,187,617,173,579,1015
6,26,17,29.9,76,0.6,174,548,119,373,1015
6,26,18,28.9,79,0.4,122,229,100,155,1015
6,26,19,27.9,82,0.2,182,0,3,3,1015
6,26,20,27.1,86,0.1,163,0,0,0,1016
6,26,21,26.4,87,0.1,152,0,0,0,1016
6,26,22,25.7,89,0.1,183,0,0,0,1016
6,26,23,24.9,91,0.1,157,0,0,0,1016
6,26,24,24.2,95,0,165,0,0,0,1016
6,27,1,23.7,97,0,147,0,0,0,1016
6,27,2,23.1,97,0,138,0,0,0,1016
6,27,3,22.5,98,0.1,147,0,0,0,1016
6,27,4,22.2,100,0.1,164,0,0,0,1016
6,27,5,21.9,98,0,190,0,0,0,1016
6,27,6,21.7,97,0,196,0,0,0,1016
6,27,7,21.8,95,0,201,0,15,15,1016
6,27,8,23.3,88,0,240,373,113,221,1016
6,27,9,24.9,83,0,186,728,85,455,1016
6,27,10,26.4,79,0.1,227,808,106,666,1016
6,27,11,27.8,75,0.2,215,827,138,827,1016
6,27,12,28.9,72,0.3,267,832,161,926,1016
6,27,13,29.8,72,0.4,264,836,166,955,1016
6,27,14,30.4,72,0.4,221,831,158,911,1016
6,27,15,30.6,70,0.3,227,829,129,800,1016
6,27,16,30.5,72,0.4,199,790,103,623,1015
6,27,17,29.9,72,0.4,177,707,79,407,1015
6,27,18,28.9,73,0.5,155,327,96,175,1015
6,27,19,27.8,76,0.3,198,0,5,5,1015
6,27,20,27.1,81,0.1,178,0,0,0,1015
6,27,21,26.5,86,0,209,0,0,0,1014
6,27,22,25.9,89,0,156,0,0,0,1014
6,27,23,25.2,92,0,138,0,0,0,1014
6,27,24,24.6,93,0,205,0,0,0,1014
6,28,1,24.2,93,0,153,0,0,0,1014
6,28,2,23.8,94,0,139,0,0,0,1013
6,28,3,23.4,96,0.1,153,0,0,0,1013
6,28,4,23.2,97,0.1,239,0,0,0,1013
6,28,5,23,96,0,243,0,0,0,1013
6,28,6,22.9,100,0,208,0,0,0,1013
6,28,7,23.2,98,0,197,0,26,26,1012
6,28,8,24.7,96,0.1,234,458,117,250,1012
6,28,9,26.1,94,0.1,223,676,124,466,1012
6,28,10,26.9,90,0.4,248,259,314,493,1012
6,28,11,27.9,89,0.5,243,415,329,674,1012
6,28,12,28.7,85,0.6,178,475,328,765,1012
6,28,13,29.3,81,0.6,207,341,412,734,1011
6,28,14,29,88,0.7,262,53,374,422,1011
6,28,15,28.9,83,0.9,242,75,359,419,1012
6,28,16,28.4,83,1.5,201,16,236,246,1012
6,28,17,27.7,88,1.5,226,0,134,134,1012
6,28,18,27,87,1.5,222,0,51,51,1012
6,28,19,25.8,95,0.9,246,0,3,3,1012
6,28,20,25.7,92,0.9,266,0,0,0,1012
6,28,21,25.3,92,0.5,210,0,0,0,1012
6,28,22,24.6,96,0.4,244,0,0,0,1012
6,28,23,24.3,93,0.3,265,0,0,0,1012
6,28,24,23.9,95,0.3,262,0,0,0,1013
6,29,1,23.1,96,0.3,263,0,0,0,1013
6,29,2,22.8,95,0.4,309,0,0,0,1013
6,29,3,22.3,96,0.6,306,0,0,0,1013
6,29,4,22,98,0.6,266,0,0,0,1013
6,29,5,21.7,98,0.3,247,0,0,0,1013
6,29,6,21.4,99,0.2,234,0,0,0,1013
6,29,7,21.5,99,0.2,243,0,12,12,1013
6,29,8,22.6,98,0.3,307,294,108,192,1013
6,29,9,23.8,94,0.3,302,441,170,393,1013
6,29,10,24.9,86,0.7,247,490,233,572,1014
6,29,11,25.8,82,1.5,315,505,279,700,1014
6,29,12,26.7,79,2,307,517,315,790,1014
6,29,13,27.3,76,2.4,316,570,315,854,1014
6,29,14,27.7,76,2,302,539,302,791,1014
6,29,15,27.8,77,2,317,468,293,671,1014
6,29,16,27.7,76,2,297,397,249,511,1014
6,29,17,27.2,77,2,313,372,160,333,1014
6,29,18,26.4,81,2,321,197,88,135,1014
6,29,19,25.4,83,1.5,306,0,2,2,1014
6,29,20,24.9,86,0.7,326,0,0,0,1014
6,29,21,24.3,89,0.5,321,0,0,0,1014
6,29,22,23.8,94,0.5,301,0,0,0,1014
6,29,23,23.2,98,0.3,313,0,0,0,1014
6,29,24,22.7,100,0.4,306,0,0,0,1014
6,30,1,22.5,99,0.5,264,0,0,0,1014
6,30,2,22.3,100,0.5,282,0,0,0,1014
6,30,3,22.1,100,0.9,211,0,0,0,1013
6,30,4,22,100,1.5,186,0,0,0,1013
6,30,5,21.9,99,0.6,199,0,0,0,1013
6,30,6,21.9,100,0.6,225,0,0,0,1013
6,30,7,22,98,0.6,226,0,11,11,1013
6,30,8,23.3,97,0.6,252,212,113,174,1013
6,30,9,24.7,94,1.2,190,323,195,359,1013
6,30,10,26,87,2.4,237,357,278,525,1013
6,30,11,27.3,84,3.9,242,425,324,678,1013
6,30,12,28.3,78,4.8,216,441,340,745,1013
6,30,13,29.1,74,5.7,247,434,356,766,1013
6,30,14,29.6,72,5.7,266,413,352,727,1013
6,30,15,29.8,70,5.7,279,396,320,642,1013
6,30,16,29.8,69,7.3,248,346,264,492,1012
6,30,17,29.3,71,7.3,248,294,175,312,1012
6,30,18,28.4,73,5.7,262,184,89,133,1012
6,30,19,27.5,77,5.2,240,0,2,2,1011
6,30,20,27.2,83,4.8,208,0,0,0,1011
6,30,21,26.9,84,3.3,256,0,0,0,1011
6,30,22,26.6,86,2.8,196,0,0,0,1010
6,30,23,26.4,88,2.8,198,0,0,0,1010
6,30,24,26.1,90,2.8,196,0,0,0,1010
7,1,1,24.1,99,2.2,212,0,0,0,1011
7,1,2,25.4,99,2.6,171,0,0,0,1011
7,1,3,25,99,2.6,235,0,0,0,1011
7,1,4,23.4,99,2.6,188,0,0,0,1010
7,1,5,24.3,99,2.6,191,0,0,0,1010
7,1,6,24.9,99,2.2,205,0,0,0,1010
7,1,7,25,99,2.2,202,0,3,3,1009
7,1,8,25.5,97,2.2,220,0,60,60,1009
7,1,9,26.1,95,2.2,238,0,131,131,1009
7,1,10,26.5,94,2.2,259,5,192,195,1008
7,1,11,26.9,95,1.9,255,1,238,239,1008
7,1,12,27.2,91,2.2,278,4,250,253,1008
7,1,13,27.4,93,2.6,291,4,247,251,1008
7,1,14,27.5,91,2.6,271,4,243,246,1008
7,1,15,27.3,94,2.6,268,1,217,217,1008
7,1,16,27.1,95,2.6,219,1,167,168,1008
7,1,17,26.3,99,3.3,180,0,112,112,1008
7,1,18,26.6,97,2.6,244,0,51,51,1008
7,1,19,26.9,93,2.2,208,0,2,2,1008
7,1,20,26.6,95,1.9,167,0,0,0,1009
7,1,21,26.3,97,1.9,201,0,0,0,1009
7,1,22,26,97,1.9,196,0,0,0,1009
7,1,23,25.7,99,1.9,174,0,0,0,1009
7,1,24,25.4,99,2.2,206,0,0,0,1009
7,2,1,25.1,98,2.2,197,0,0,0,1009
7,2,2,24.8,99,2.6,222,0,0,0,1010
7,2,3,24.5,99,3.3,235,0,0,0,1010
7,2,4,24.3,99,3.3,167,0,0,0,1010
7,2,5,24.1,98,2.6,209,0,0,0,1010
7,2,6,24,98,2.6,156,0,0,0,1010
7,2,7,24.5,99,3.3,173,0,33,33,1010
7,2,8,25.7,98,3.3,185,221,112,175,1011
7,2,9,26,99,2.6,144,69,210,245,1011
7,2,10,27.7,88,3.3,2,287,316,515,1011
7,2,11,27.1,90,3.3,50,21,267,285,1011
7,2,12,28.1,86,3.3,359,26,316,340,1011
7,2,13,27.4,94,3.3,1,0,78,78,1011
7,2,14,27.6,89,2.6,167,32,265,294,1011
7,2,15,28.6,87,3.3,132,558,279,732,1011
7,2,16,28.8,83,3.3,146,304,287,487,1011
7,2,17,29,86,3.3,173,627,121,415,1011
7,2,18,28.6,86,2.6,172,404,99,198,1011
7,2,19,27.9,89,3.3,226,0,21,21,1011
7,2,20,27.7,93,4.3,173,0,0,0,1011
7,2,21,27.4,92,4.3,167,0,0,0,1011
7,2,22,27.1,95,4.3,217,0,0,0,1011
7,2,23,26.8,96,4.3,217,0,0,0,1011
7,2,24,26.6,99,3.3,181,0,0,0,1011
7,3,1,26.5,96,2.6,159,0,0,0,1011
7,3,2,26.4,100,3.3,200,0,0,0,1011
7,3,3,26.4,96,4.3,147,0,0,0,1011
7,3,4,26.4,96,4.3,210,0,0,0,1011
7,3,5,26.3,98,5.9,208,0,0,0,1011
7,3,6,26.3,99,4.3,224,0,0,0,1011
7,3,7,26.1,99,3.3,203,0,8,8,1010
7,3,8,26.7,99,3.3,194,15,99,103,1010
7,3,9,26.9,99,2.6,220,25,213,226,1010
7,3,10,28.8,96,2.6,208,38,307,333,1010
7,3,11,29.8,89,2.2,216,41,371,405,1010
7,3,12,30.5,86,1.9,216,49,391,436,1010
7,3,13,31,86,2.2,209,55,413,464,1010
7,3,14,31.3,86,2.6,203,29,410,436,1010
7,3,15,31.4,73,2.2,210,18,314,329,1011
7,3,16,31.3,72,1.9,154,20,268,281,1011
7,3,17,30.8,85,1.6,180,7,165,168,1011
7,3,18,30.5,75,1.4,157,0,60,60,1011
7,3,19,30,73,1.6,251,0,2,2,1011
7,3,20,29.2,86,1.9,193,0,0,0,1012
7,3,21,28.6,89,1.9,186,0,0,0,1012
7,3,22,27.9,86,1.6,179,0,0,0,1012
7,3,23,27.2,86,1.9,173,0,0,0,1012
7,3,24,26.6,86,1.9,187,0,0,0,1012
7,4,1,25.7,89,0.7,169,0,0,0,1012
7,4,2,24.9,95,0.7,217,0,0,0,1013
7,4,3,24.1,97,1.4,164,0,0,0,1013
7,4,4,23.6,99,1.1,151,0,0,0,1013
7,4,5,23.2,99,0.3,169,0,0,0,1013
7,4,6,22.8,97,0.2,237,0,0,0,1013
7,4,7,22.9,96,0.2,209,0,11,11,1014
7,4,8,24,90,0.4,209,222,111,175,1014
7,4,9,25.2,86,0.5,227,327,193,358,1014
7,4,10,26.3,76,0.9,196,321,287,509,1014
7,4,11,27.4,71,0.9,159,431,321,680,1014
7,4,12,28.3,69,0.9,210,458,340,761,1015
7,4,13,28.8,67,1.1,217,276,437,699,1015
7,4,14,29.1,66,1.6,169,298,409,680,1015
7,4,15,29.4,65,1.6,209,524,281,707,1015
7,4,16,29.3,66,1.9,202,355,268,504,1015
7,4,17,28.9,67,1.9,262,278,191,321,1015
7,4,18,28.1,69,1.4,242,46,90,101,1015
7,4,19,27.2,84,0.9,260,0,6,6,1015
7,4,20,26.4,86,0.7,240,0,0,0,1016
7,4,21,25.7,86,0.3,261,0,0,0,1016
7,4,22,24.9,86,0.2,237,0,0,0,1016
7,4,23,24.2,89,0.2,208,0,0,0,1016
7,4,24,23.4,89,0.2,247,0,0,0,1016
7,5,1,22.9,89,0.2,181,0,0,0,1016
7,5,2,22.4,89,0.2,192,0,0,0,1016
7,5,3,21.8,90,0.7,219,0,0,0,1016
7,5,4,21.6,90,0.7,166,0,0,0,1016
7,5,5,21.3,92,0.3,193,0,0,0,1017
7,5,6,21.1,94,0.2,249,0,0,0,1017
7,5,7,21.2,94,0.2,274,0,13,13,1017
7,5,8,22.7,91,0.2,234,325,117,209,1017
7,5,9,24.3,83,0.4,252,641,108,431,1017
7,5,10,25.9,76,0.7,272,729,143,647,1017
7,5,11,27.3,71,1.1,241,783,160,812,1017
7,5,12,28.5,68,1.6,236,780,192,910,1017
7,5,13,29.4,65,1.9,256,734,230,925,1017
7,5,14,29.9,64,1.9,246,711,230,878,1017
7,5,15,30.2,63,1.9,235,721,186,773,1017
7,5,16,30.1,64,1.9,223,706,138,607,1016
7,5,17,29.5,65,1.9,172,637,99,399,1016
7,5,18,28.5,72,1.4,271,291,101,173,1015
7,5,19,27.4,77,1.1,254,0,5,5,1015
7,5,20,26.9,87,0.7,237,0,0,0,1015
7,5,21,26.5,91,0.3,240,0,0,0,1014
7,5,22,26,92,0.3,209,0,0,0,1014
7,5,23,25.5,98,0.3,224,0,0,0,1013
7,5,24,25.1,97,0.3,192,0,0,0,1013
7,6,1,24.9,96,0.5,227,0,0,0,1013
7,6,2,24.6,98,0.5,226,0,0,0,1012
7,6,3,24.4,96,0.7,231,0,0,0,1012
7,6,4,24.2,97,0.4,220,0,0,0,1011
7,6,5,24.1,99,0.5,224,0,0,0,1011
7,6,6,24,99,0.7,255,0,0,0,1010
7,6,7,24.1,99,0.5,249,0,3,3,1010
7,6,8,24.3,98,0.7,188,0,46,46,1010
7,6,9,24.6,98,0.7,219,0,84,84,1009
7,6,10,24.9,98,1.1,215,0,153,153,1009
7,6,11,25.4,98,1.1,250,1,214,215,1008
7,6,12,25.8,98,1.1,270,3,237,240,1008
7,6,13,26,98,1.4,194,6,247,252,1008
7,6,14,26.2,98,1.4,194,13,278,290,1008
7,6,15,26.1,99,1.6,240,13,290,301,1008
7,6,16,26.3,98,1.9,244,8,218,223,1008
7,6,17,26.3,99,1.9,231,0,143,143,1008
7,6,18,25.2,99,2.6,250,0,42,42,1008
7,6,19,23.9,99,2.2,280,0,2,2,1008
7,6,20,24.9,99,2.2,270,0,0,0,1009
7,6,21,25,99,2.2,248,0,0,0,1009
7,6,22,24.9,98,2.6,268,0,0,0,1009
7,6,23,23.3,99,2.6,251,0,0,0,1009
7,6,24,23.9,99,2.6,251,0,0,0,1009
7,7,1,23.3,99,2.6,232,0,0,0,1009
7,7,2,23.8,99,2.2,215,0,0,0,1009
7,7,3,23.7,98,2.6,188,0,0,0,1010
7,7,4,23.7,99,2.6,203,0,0,0,1010
7,7,5,23.6,99,2.2,187,0,0,0,1010
7,7,6,23.6,99,2.2,203,0,0,0,1010
7,7,7,23.7,99,1.9,211,0,3,3,1010
7,7,8,23.8,98,1.4,219,0,20,20,1010
7,7,9,24.1,96,1.6,233,0,56,56,1010
7,7,10,24.2,96,1.9,214,0,61,61,1011
7,7,11,24.4,93,1.9,205,0,75,75,1011
7,7,12,25.8,88,1.9,209,186,405,577,1011
7,7,13,26.6,86,1.6,238,62,404,462,1011
7,7,14,26.7,90,1.4,210,36,300,332,1011
7,7,15,28,86,1.1,205,424,327,672,1011
7,7,16,28.6,76,1.4,220,688,169,628,1011
7,7,17,29,76,1.4,194,796,115,491,1012
7,7,18,28.7,77,1.1,174,410,101,203,1012
7,7,19,28.1,77,1.1,180,0,12,12,1012
7,7,20,27.6,82,1.1,227,0,0,0,1012
7,7,21,27.2,85,1.1,220,0,0,0,1012
7,7,22,26.7,87,0.9,207,0,0,0,1012
7,7,23,26.2,84,0.7,201,0,0,0,1012
7,7,24,25.7,85,0.7,213,0,0,0,1013
7,8,1,25,91,0.2,214,0,0,0,1013
7,8,2,24.4,92,0.2,166,0,0,0,1013
7,8,3,23.7,95,0.5,159,0,0,0,1013
7,8,4,23.3,97,0.5,156,0,0,0,1013
7,8,5,22.9,99,0.1,173,0,0,0,1013
7,8,6,22.7,100,0.1,144,0,0,0,1013
7,8,7,22.7,100,0.2,177,0,8,8,1014
7,8,8,23.8,97,0.3,176,207,104,163,1014
7,8,9,25,91,0.4,192,303,191,344,1014
7,8,10,26.2,83,0.9,153,384,269,535,1014
7,8,11,27.3,81,1.4,198,390,335,661,1014
7,8,12,28.1,80,2.2,151,379,375,724,1014
7,8,13,28.8,76,2.2,157,379,390,750,1015
7,8,14,29.2,75,2.2,170,345,391,706,1015
7,8,15,29.3,76,1.9,162,286,368,601,1015
7,8,16,29.2,78,2.6,171,245,304,467,1015
7,8,17,28.6,78,1.9,208,140,226,292,1015
7,8,18,27.8,86,1.6,200,147,93,130,1015
7,8,19,26.8,87,1.1,216,0,2,2,1015
7,8,20,26.7,90,1.1,166,0,0,0,1015
7,8,21,26.4,96,0.7,190,0,0,0,1015
7,8,22,26.1,97,0.7,222,0,0,0,1015
7,8,23,25.9,99,0.4,191,0,0,0,1015
7,8,24,25.6,98,0.5,205,0,0,0,1015
7,9,1,25.5,97,0.7,184,0,0,0,1015
7,9,2,25.8,98,0.7,248,0,0,0,1015
7,9,3,26,97,1.4,248,0,0,0,1015
7,9,4,26.2,96,1.6,253,0,0,0,1016
7,9,5,26.4,95,0.4,241,0,0,0,1016
7,9,6,26.6,99,0.4,238,0,0,0,1016
7,9,7,26.9,99,0.4,209,0,10,10,1016
7,9,8,28,94,0.4,194,284,106,186,1016
7,9,9,29.1,87,0.7,237,464,156,389,1016
7,9,10,30.3,79,1.6,270,591,190,598,1016
7,9,11,31.4,73,2.2,251,623,250,769,1016
7,9,12,31.4,74,2.6,188,632,261,843,1016
7,9,13,31.4,74,3.3,248,600,293,863,1016
7,9,14,31.4,74,4.3,283,563,285,799,1016
7,9,15,31.4,72,5.9,248,559,251,708,1016
7,9,16,31.4,71,5.9,249,546,201,565,1016
7,9,17,31.4,73,8.1,171,449,154,366,1016
7,9,18,31.4,73,5.9,248,317,89,169,1016
7,9,19,31.4,74,4.3,277,0,9,9,1015
7,9,20,31.4,76,1.9,246,0,0,0,1015
7,9,21,32.3,75,1.1,241,0,0,0,1015
7,9,22,31.8,76,0.4,215,0,0,0,1015
7,9,23,31.3,76,0.4,235,0,0,0,1015
7,9,24,30.8,80,0.5,217,0,0,0,1015
7,10,1,29.4,85,0.3,197,0,0,0,1015
7,10,2,27.8,89,0.3,213,0,0,0,1015
7,10,3,26.3,94,0.9,224,0,0,0,1015
7,10,4,25.5,96,1.1,211,0,0,0,1015
7,10,5,24.7,98,0.4,201,0,0,0,1014
7,10,6,24.1,99,0.4,199,0,0,0,1014
7,10,7,24.1,97,0.5,187,0,14,14,1014
7,10,8,25.2,91,0.5,177,458,117,246,1014
7,10,9,26.4,87,0.9,189,807,109,514,1014
7,10,10,27.5,81,1.4,151,913,127,757,1014
7,10,11,28.6,78,1.9,208,806,271,943,1014
7,10,12,28.4,86,1.9,200,96,402,491,1014
7,10,13,28.1,87,3.3,194,30,436,464,1014
7,10,14,27.8,91,4.3,157,38,438,473,1013
7,10,15,27.7,89,4.3,197,47,370,408,1013
7,10,16,27.4,90,3.3,179,36,303,327,1013
7,10,17,26.8,92,4.3,221,19,189,198,1013
7,10,18,26.2,94,3.3,199,17,87,91,1013
7,10,19,25.5,94,2.2,241,0,2,2,1012
7,10,20,25,97,1.6,219,0,0,0,1012
7,10,21,24.6,98,0.9,194,0,0,0,1012
7,10,22,24.1,98,0.7,205,0,0,0,1012
7,10,23,23.6,98,0.7,163,0,0,0,1011
7,10,24,23.1,98,0.7,184,0,0,0,1011
7,11,1,23.2,98,1.1,149,0,0,0,1011
7,11,2,23.4,97,1.1,163,0,0,0,1011
7,11,3,23.3,99,1.1,220,0,0,0,1011
7,11,4,23.6,97,1.4,190,0,0,0,1010
7,11,5,22.8,99,0.9,203,0,0,0,1010
7,11,6,23.8,95,1.1,196,0,0,0,1010
7,11,7,22,99,1.1,208,0,5,5,1010
7,11,8,24.5,95,1.4,186,0,83,83,1010
7,11,9,25.5,94,1.1,182,6,169,172,1009
7,11,10,26.2,88,0.9,200,10,237,244,1009
7,11,11,26.8,86,1.1,169,13,279,290,1009
7,11,12,27.3,86,0.9,212,21,314,333,1009
7,11,13,27.6,86,0.7,222,18,300,317,1008
7,11,14,27.9,86,0.9,200,17,282,297,1008
7,11,15,28,86,1.4,160,10,252,261,1008
7,11,16,27.9,86,0.9,210,5,203,206,1008
7,11,17,27.7,87,0.9,213,0,140,140,1008
7,11,18,27.3,90,0.7,157,0,64,64,1008
7,11,19,26.9,91,0.5,136,0,2,2,1008
7,11,20,26,99,0.5,204,0,0,0,1008
7,11,21,26.5,98,0.7,154,0,0,0,1008
7,11,22,26.1,99,0.7,176,0,0,0,1008
7,11,23,25.6,98,0.7,204,0,0,0,1008
7,11,24,25.5,99,0.7,192,0,0,0,1008
7,12,1,24.2,99,0.7,189,0,0,0,1008
7,12,2,23.2,99,1.1,141,0,0,0,1008
7,12,3,24.6,99,1.1,162,0,0,0,1008
7,12,4,23.9,99,1.1,177,0,0,0,1008
7,12,5,24.4,98,0.7,163,0,0,0,1008
7,12,6,24.4,98,0.5,207,0,0,0,1008
7,12,7,24.4,98,0.5,227,0,4,4,1008
7,12,8,24.9,99,0.5,230,0,63,63,1008
7,12,9,25.2,98,0.5,223,0,115,115,1008
7,12,10,25.5,98,0.7,202,0,156,157,1008
7,12,11,25.9,98,0.7,235,2,239,241,1008
7,12,12,26.3,96,0.9,214,6,255,261,1008
7,12,13,26.6,96,0.7,208,10,299,309,1008
7,12,14,26.8,94,0.5,191,4,283,287,1008
7,12,15,26.7,98,0.7,206,2,171,173,1008
7,12,16,26.4,99,0.5,209,6,212,217,1008
7,12,17,26.5,98,0.5,239,0,126,126,1008
7,12,18,26.2,98,0.7,222,0,58,58,1008
7,12,19,25.6,99,0.5,173,0,3,3,1008
7,12,20,25.2,99,0.9,254,0,0,0,1008
7,12,21,25.4,98,0.9,246,0,0,0,1008
7,12,22,25.2,98,0.9,270,0,0,0,1008
7,12,23,25,99,0.5,188,0,0,0,1008
7,12,24,24.4,99,0.5,172,0,0,0,1008
7,13,1,24.3,99,0.5,232,0,0,0,1008
7,13,2,23.8,99,0.5,205,0,0,0,1008
7,13,3,24.2,99,0.4,204,0,0,0,1008
7,13,4,23.9,98,0.4,212,0,0,0,1008
7,13,5,24,98,0.4,160,0,0,0,1008
7,13,6,23.8,98,0.5,152,0,0,0,1008
7,13,7,23.9,98,0.7,197,0,4,4,1008
7,13,8,24.5,96,0.9,214,0,75,75,1008
7,13,9,25.1,93,1.1,212,2,157,158,1008
7,13,10,25.7,91,1.1,208,7,216,221,1008
7,13,11,26.1,90,1.1,207,10,254,263,1008
7,13,12,26.5,90,0.9,205,17,279,294,1008
7,13,13,26.7,90,0.9,170,18,296,313,1008
7,13,14,27,85,0.5,166,16,277,292,1008
7,13,15,27.1,85,0.5,202,9,265,272,1008
7,13,16,27.1,84,0.5,140,5,196,199,1009
7,13,17,26.6,93,0.5,223,0,127,127,1009
7,13,18,25.5,96,0.7,207,0,55,55,1009
7,13,19,26.2,89,0.5,208,0,2,2,1009
7,13,20,25.8,92,0.7,210,0,0,0,1009
7,13,21,24.6,98,0.5,178,0,0,0,1009
7,13,22,22.9,99,0.5,170,0,0,0,1010
7,13,23,24.5,98,0.7,203,0,0,0,1010
7,13,24,23.6,99,0.5,201,0,0,0,1010
7,14,1,23.5,98,0.4,203,0,0,0,1010
7,14,2,23.1,98,0.4,166,0,0,0,1010
7,14,3,22.7,98,0.5,178,0,0,0,1010
7,14,4,22.5,99,0.4,181,0,0,0,1011
7,14,5,22.3,99,0.5,173,0,0,0,1011
7,14,6,22.2,99,0.5,128,0,0,0,1011
7,14,7,22.3,99,0.7,172,0,11,11,1011
7,14,8,22.9,98,0.9,214,6,94,95,1011
7,14,9,23.1,98,1.1,189,0,93,93,1011
7,14,10,23.7,96,1.4,186,23,236,252,1011
7,14,11,24.9,87,1.4,215,243,382,585,1012
7,14,12,26,87,1.1,210,280,421,680,1012
7,14,13,27.3,81,0.9,221,816,222,999,1012
7,14,14,27.8,75,0.9,227,343,355,670,1012
7,14,15,27.7,75,0.7,209,27,336,359,1012
7,14,16,27.1,86,0.9,214,8,212,217,1012
7,14,17,26.6,80,0.9,218,0,106,106,1012
7,14,18,26.1,85,1.1,245,0,79,79,1012
7,14,19,25.5,87,0.7,195,0,11,11,1011
7,14,20,25.1,94,0.5,217,0,0,0,1011
7,14,21,24.8,91,0.7,177,0,0,0,1011
7,14,22,23.9,99,0.7,164,0,0,0,1011
7,14,23,24.1,97,0.7,189,0,0,0,1011
7,14,24,23.6,97,0.5,217,0,0,0,1011
7,15,1,23.2,99,0.4,162,0,0,0,1011
7,15,2,22.6,99,0.4,214,0,0,0,1011
7,15,3,21,99,0.3,189,0,0,0,1011
7,15,4,21.8,99,0.2,168,0,0,0,1011
7,15,5,22.1,96,0.2,215,0,0,0,1011
7,15,6,21.8,99,0.2,171,0,0,0,1011
7,15,7,22.3,97,0.1,199,0,19,19,1011
7,15,8,22.2,97,0.2,204,0,19,19,1010
7,15,9,22.6,93,0.2,170,0,77,77,1010
7,15,10,24,87,0.2,152,134,313,405,1010
7,15,11,25,78,0.1,186,125,390,494,1010
7,15,12,25.4,86,0.1,199,38,357,392,1010
7,15,13,25.6,86,0.1,224,14,357,370,1010
7,15,14,25.9,78,0.1,241,36,350,384,1010
7,15,15,26.3,79,0.1,234,172,372,514,1010
7,15,16,26.1,80,0.1,209,13,231,240,1010
7,15,17,25.9,85,0.1,250,14,174,180,1010
7,15,18,25.5,85,0.1,202,141,95,131,1010
7,15,19,25,90,0.1,216,0,11,11,1010
7,15,20,24.7,95,0.1,211,0,0,0,1010
7,15,21,24.4,97,0.1,212,0,0,0,1010
7,15,22,24,97,0.1,258,0,0,0,1010
7,15,23,23.7,98,0.1,172,0,0,0,1010
7,15,24,23.4,96,0.1,223,0,0,0,1010
7,16,1,23.1,97,0.2,242,0,0,0,1010
7,16,2,22.9,99,0.1,193,0,0,0,1010
7,16,3,22.6,99,0.2,187,0,0,0,1010
7,16,4,22.2,99,0.1,203,0,0,0,1010
7,16,5,21.8,99,0.1,226,0,0,0,1010
7,16,6,22.2,98,0.2,218,0,0,0,1010
7,16,7,22.2,98,0.3,201,0,5,5,1010
7,16,8,23,98,0.3,230,33,100,109,1010
7,16,9,22.8,99,0.3,197,34,212,229,1010
7,16,10,24.5,94,0.3,220,34,301,325,1010
7,16,11,25.5,87,0.3,159,43,375,412,1010
7,16,12,26,87,0.5,201,55,403,454,1010
7,16,13,26.5,80,0.4,183,54,416,468,1010
7,16,14,26.8,82,0.5,200,33,428,458,1010
7,16,15,26.8,88,0.5,203,23,342,361,1010
7,16,16,26.8,84,0.3,217,23,271,287,1010
7,16,17,26.5,86,0.4,197,13,182,189,1010
7,16,18,26,89,0.4,214,0,72,72,1010
7,16,19,25.3,93,0.4,213,0,2,2,1010
7,16,20,25.1,95,0.4,221,0,0,0,1010
7,16,21,24.8,96,0.3,165,0,0,0,1010
7,16,22,24.4,94,0.2,219,0,0,0,1010
7,16,23,24.1,95,0.2,171,0,0,0,1010
7,16,24,23.8,98,0.2,226,0,0,0,1010
7,17,1,23.4,97,0.3,235,0,0,0,1010
7,17,2,23.2,98,0.2,198,0,0,0,1010
7,17,3,22.8,98,0.1,155,0,0,0,1010
7,17,4,22.7,98,0.1,192,0,0,0,1010
7,17,5,21.6,99,0.1,184,0,0,0,1010
7,17,6,22.5,98,0,173,0,0,0,1010
7,17,7,22.6,99,0,179,0,5,5,1010
7,17,8,23.3,99,0,160,4,93,95,1010
7,17,9,24,98,0.1,153,19,194,204,1010
7,17,10,24.8,97,0.1,175,20,282,296,1010
7,17,11,25.6,92,0.1,204,32,375,402,1011
7,17,12,26.2,87,0.1,165,57,406,459,1011
7,17,13,26.7,86,0.1,229,58,422,477,1011
7,17,14,27.1,82,0.1,229,58,403,457,1011
7,17,15,27.2,83,0.2,229,46,373,411,1011
7,17,16,27.3,81,0.1,225,60,303,343,1011
7,17,17,27,85,0.1,208,33,210,226,1011
7,17,18,26.5,86,0.1,188,0,80,80,1011
7,17,19,26,86,0,214,0,2,2,1011
7,17,20,25.6,90,0,204,0,0,0,1011
7,17,21,25.2,90,0,214,0,0,0,1011
7,17,22,24.9,91,0,229,0,0,0,1011
7,17,23,24.1,97,0,253,0,0,0,1011
7,17,24,23.9,98,0,232,0,0,0,1011
7,18,1,23.9,99,0,247,0,0,0,1011
7,18,2,23.6,97,0,251,0,0,0,1011
7,18,3,23.2,98,0.1,238,0,0,0,1011
7,18,4,23.1,98,0.1,287,0,0,0,1011
7,18,5,23,98,0.1,235,0,0,0,1011
7,18,6,22.9,99,0.2,243,0,0,0,1011
7,18,7,22.9,98,0.1,241,0,5,5,1011
7,18,8,23.8,98,0.1,256,42,101,113,1011
7,18,9,24.7,98,0.1,284,51,219,245,1011
7,18,10,25.6,90,0.1,243,39,320,347,1011
7,18,11,26.4,87,0.1,255,83,382,451,1011
7,18,12,27.1,85,0.2,253,77,448,520,1012
7,18,13,27.7,82,0.3,219,100,479,575,1012
7,18,14,28.1,82,0.3,215,88,451,533,1012
7,18,15,28.3,81,0.3,233,72,382,442,1012
7,18,16,28.2,78,0.3,211,65,307,350,1012
7,18,17,27.9,75,0.3,176,30,207,221,1012
7,18,18,27.4,76,0.3,153,34,91,100,1012
7,18,19,26.5,86,0.4,201,0,2,2,1012
7,18,20,26.3,86,0.2,214,0,0,0,1012
7,18,21,25.8,86,0.3,196,0,0,0,1012
7,18,22,25.3,86,0.3,178,0,0,0,1012
7,18,23,24.6,89,0.3,217,0,0,0,1012
7,18,24,23.7,92,0.2,161,0,0,0,1012
7,19,1,24,88,0.1,231,0,0,0,1012
7,19,2,23.6,89,0.1,213,0,0,0,1012
7,19,3,23.3,94,0.1,160,0,0,0,1012
7,19,4,23,95,0.1,210,0,0,0,1012
7,19,5,22.8,98,0.1,205,0,0,0,1012
7,19,6,22.7,99,0,200,0,0,0,1012
7,19,7,22.8,95,0.1,229,0,11,11,1012
7,19,8,23.5,94,0,183,21,102,108,1012
7,19,9,24.2,93,0.1,182,24,209,221,1012
7,19,10,24.4,90,0.1,199,18,271,283,1012
7,19,11,25.7,86,0.2,240,37,381,412,1012
7,19,12,26.8,86,0.2,218,134,434,559,1012
7,19,13,27.4,75,0.1,199,116,444,556,1012
7,19,14,27.8,72,0.1,193,109,422,523,1012
7,19,15,27.9,84,0.1,217,83,372,440,1012
7,19,16,28,74,0.1,210,141,304,400,1012
7,19,17,28.1,74,0.1,221,569,139,412,1012
7,19,18,27.7,74,0.1,215,400,98,200,1012
7,19,19,27,74,0.1,197,0,12,12,1012
7,19,20,26.4,78,0.1,219,0,0,0,1013
7,19,21,25.7,83,0.2,204,0,0,0,1013
7,19,22,25.1,85,0.2,239,0,0,0,1013
7,19,23,24.5,82,0.3,194,0,0,0,1013
7,19,24,23.9,85,0.2,191,0,0,0,1013
7,20,1,23.3,88,0,177,0,0,0,1013
7,20,2,22.8,91,0,257,0,0,0,1013
7,20,3,22.2,91,0.1,166,0,0,0,1013
7,20,4,21.9,95,0.2,244,0,0,0,1013
7,20,5,21.6,94,0,244,0,0,0,1013
7,20,6,21.3,94,0,233,0,0,0,1014
7,20,7,21.3,99,0,205,0,3,3,1014
7,20,8,22.5,99,0,213,205,119,176,1014
7,20,9,23.7,92,0.1,177,207,223,327,1014
7,20,10,25.1,86,0.4,179,464,252,573,1014
7,20,11,26.7,80,0.5,208,686,255,831,1014
7,20,12,27,86,0.9,212,161,413,563,1014
7,20,13,27.6,76,1.1,190,263,435,687,1014
7,20,14,27.6,88,1.4,237,181,431,598,1014
7,20,15,27.9,86,1.6,189,221,385,568,1014
7,20,16,27.8,86,1.4,226,201,315,451,1014
7,20,17,27.4,75,1.1,219,306,181,328,1013
7,20,18,26.7,75,0.9,176,194,99,149,1013
7,20,19,25.8,79,0.7,176,0,11,11,1013
7,20,20,25.5,80,0.4,166,0,0,0,1013
7,20,21,25.2,83,0.2,174,0,0,0,1013
7,20,22,24.9,86,0.1,188,0,0,0,1012
7,20,23,24.6,91,0.1,213,0,0,0,1012
7,20,24,24.3,94,0,177,0,0,0,1012
7,21,1,24.3,94,0.3,224,0,0,0,1012
7,21,2,24.3,94,0.3,200,0,0,0,1012
7,21,3,24.3,94,0.2,189,0,0,0,1011
7,21,4,24.3,93,0.2,199,0,0,0,1011
7,21,5,24.4,94,0.1,182,0,0,0,1011
7,21,6,22.4,99,0.1,180,0,0,0,1011
7,21,7,24.4,94,0.1,230,0,11,11,1011
7,21,8,25,89,0.1,175,0,62,62,1011
7,21,9,25.8,90,0.1,167,38,193,212,1010
7,21,10,26.2,86,0.1,163,0,144,144,1010
7,21,11,27.3,86,0.1,145,83,370,439,1010
7,21,12,27.5,86,0.1,174,5,241,246,1010
7,21,13,28,86,0.1,172,21,294,314,1010
7,21,14,28.1,89,0.1,206,61,391,447,1010
7,21,15,28.9,86,0.1,150,86,378,450,1010
7,21,16,29.1,73,0.1,217,70,302,349,1010
7,21,17,28.8,70,0.1,205,7,164,167,1010
7,21,18,28.2,84,0,160,63,95,111,1010
7,21,19,27.1,89,0,173,0,26,26,1010
7,21,20,27.6,86,0,183,0,0,0,1010
7,21,21,27.2,86,0,176,0,0,0,1011
7,21,22,26.8,86,0,197,0,0,0,1011
7,21,23,26.3,86,0,224,0,0,0,1011
7,21,24,25.3,89,0,174,0,0,0,1011
7,22,1,25.4,86,0,220,0,0,0,1011
7,22,2,24.8,89,0,196,0,0,0,1011
7,22,3,24.3,89,0,216,0,0,0,1011
7,22,4,24,91,0,202,0,0,0,1011
7,22,5,23.7,92,0,200,0,0,0,1012
7,22,6,23.5,95,0,136,0,0,0,1012
7,22,7,23.6,95,0,172,0,8,8,1012
7,22,8,24.5,91,0,236,117,106,138,1012
7,22,9,25.6,83,0,220,119,241,301,1012
7,22,10,26.7,78,0.1,193,168,343,459,1012
7,22,11,27.6,86,0.2,201,182,415,567,1012
7,22,12,28.4,74,0.5,225,231,422,637,1012
7,22,13,28.9,85,0.7,192,139,494,627,1013
7,22,14,28.8,89,1.1,199,99,459,551,1013
7,22,15,29.1,86,1.1,215,111,402,493,1013
7,22,16,29.1,86,1.6,176,103,314,384,1013
7,22,17,28.7,86,1.6,205,23,201,212,1013
7,22,18,28.1,78,1.4,171,27,90,97,1014
7,22,19,27.4,80,1.1,229,0,2,2,1014
7,22,20,26.7,83,0.7,211,0,0,0,1014
7,22,21,26,83,0.3,223,0,0,0,1014
7,22,22,25.2,84,0.4,206,0,0,0,1015
7,22,23,24.5,87,0.3,187,0,0,0,1015
7,22,24,23.8,91,0.4,128,0,0,0,1015
7,23,1,23.2,92,0.5,157,0,0,0,1015
7,23,2,22.6,96,0.5,219,0,0,0,1016
7,23,3,22,94,1.1,199,0,0,0,1016
7,23,4,21.6,94,1.4,229,0,0,0,1016
7,23,5,21.3,94,0.3,213,0,0,0,1016
7,23,6,21.1,100,0.3,202,0,0,0,1017
7,23,7,21.2,100,0.3,208,0,11,11,1017
7,23,8,22.7,96,0.3,215,390,106,214,1017
7,23,9,24.4,92,0.5,214,764,76,459,1017
7,23,10,26,83,1.1,171,851,91,681,1017
7,23,11,27.5,81,1.9,164,871,120,852,1018
7,23,12,28.8,76,2.2,166,877,141,958,1018
7,23,13,29.7,73,3.3,189,875,150,991,1018
7,23,14,30.4,68,3.3,199,875,140,950,1018
7,23,15,30.7,64,4.3,165,878,114,842,1018
7,23,16,30.6,66,3.3,164,836,92,660,1018
7,23,17,30,71,2.6,170,743,76,435,1018
7,23,18,29,75,2.6,235,364,99,193,1018
7,23,19,27.8,75,1.9,197,0,7,7,1018
7,23,20,27,83,1.1,163,0,0,0,1018
7,23,21,26.2,85,0.5,148,0,0,0,1018
7,23,22,25.4,87,0.4,252,0,0,0,1018
7,23,23,24.6,86,0.3,247,0,0,0,1018
7,23,24,23.8,88,0.4,207,0,0,0,1018
7,24,1,23.2,90,0.5,166,0,0,0,1018
7,24,2,22.6,95,0.4,210,0,0,0,1018
7,24,3,21.9,96,0.9,224,0,0,0,1018
7,24,4,21.6,98,0.9,208,0,0,0,1018
7,24,5,21.2,99,0.1,205,0,0,0,1018
7,24,6,20.9,100,0.1,207,0,0,0,1018
7,24,7,21,100,0.1,220,0,10,10,1018
7,24,8,22.3,100,0.3,216,358,109,208,1018
7,24,9,23.9,94,0.5,218,704,91,444,1018
7,24,10,25.4,84,0.9,210,784,117,661,1018
7,24,11,26.7,79,1.6,200,807,151,830,1018
7,24,12,27.8,72,2.2,196,798,186,930,1018
7,24,13,28.7,69,2.6,216,785,206,960,1018
7,24,14,29.2,67,3.3,207,771,201,916,1017
7,24,15,29.4,66,3.3,215,764,171,805,1017
7,24,16,29.4,66,2.6,196,745,129,635,1017
7,24,17,28.8,67,4.3,235,668,95,418,1017
7,24,18,27.9,70,2.6,233,305,105,184,1017
7,24,19,26.7,78,1.9,241,0,5,5,1016
7,24,20,26,82,1.4,224,0,0,0,1016
7,24,21,25.3,83,0.7,236,0,0,0,1016
7,24,22,24.6,85,0.5,205,0,0,0,1016
7,24,23,23.9,84,0.4,177,0,0,0,1015
7,24,24,23.2,84,0.5,160,0,0,0,1015
7,25,1,22.9,88,1.4,200,0,0,0,1015
7,25,2,22.5,90,1.6,135,0,0,0,1015
7,25,3,22.1,95,1.6,210,0,0,0,1015
7,25,4,21.9,94,1.6,174,0,0,0,1014
7,25,5,21.7,94,1.6,163,0,0,0,1014
7,25,6,21.5,94,1.9,205,0,0,0,1014
7,25,7,21.5,93,1.9,205,0,3,3,1014
7,25,8,22.5,88,2.2,231,95,106,132,1013
7,25,9,23.5,87,1.9,217,95,237,285,1013
7,25,10,24.5,81,1.9,177,131,327,418,1013
7,25,11,25.5,77,1.6,166,183,399,554,1013
7,25,12,26.2,86,1.4,173,112,470,575,1013
7,25,13,26.9,74,1.6,165,141,496,631,1012
7,25,14,27.3,71,1.6,165,145,474,609,1012
7,25,15,27.4,71,1.4,220,121,391,491,1012
7,25,16,27.4,71,1.4,172,124,319,403,1012
7,25,17,26.9,75,1.1,163,25,204,217,1012
7,25,18,26.3,77,1.1,140,19,89,94,1012
7,25,19,25.5,87,1.4,37,0,2,2,1012
7,25,20,24.9,90,1.1,134,0,0,0,1012
7,25,21,24.2,93,0.9,153,0,0,0,1011
7,25,22,24.1,89,0.9,131,0,0,0,1011
7,25,23,23.7,90,0.9,355,0,0,0,1011
7,25,24,23.3,91,0.9,41,0,0,0,1011
7,26,1,22.9,92,0.7,158,0,0,0,1011
7,26,2,22.3,99,0.7,169,0,0,0,1011
7,26,3,21.8,99,0.7,157,0,0,0,1011
7,26,4,22.1,99,1.1,179,0,0,0,1011
7,26,5,21.9,99,0.9,152,0,0,0,1010
7,26,6,21.7,98,0.9,147,0,0,0,1010
7,26,7,21.8,99,0.9,157,0,5,5,1010
7,26,8,22.1,99,0.9,198,0,91,91,1010
7,26,9,22.8,99,0.9,160,12,183,189,1010
7,26,10,21.9,99,0.9,217,19,271,284,1010
7,26,11,23.5,96,0.9,138,16,320,334,1010
7,26,12,24.7,87,0.7,40,18,379,396,1010
7,26,13,25.1,86,0.9,348,23,419,441,1010
7,26,14,25.5,88,1.1,348,22,394,415,1010
7,26,15,25.5,88,0.9,164,16,319,333,1010
7,26,16,25.5,86,0.9,182,14,249,258,1010
7,26,17,25.2,89,0.9,159,8,174,178,1010
7,26,18,24.8,89,0.7,225,0,73,73,1010
7,26,19,24.3,86,0.9,170,0,2,2,1010
7,26,20,24,91,1.1,170,0,0,0,1010
7,26,21,23.7,91,0.9,174,0,0,0,1010
7,26,22,23.4,89,0.9,243,0,0,0,1010
7,26,23,23,95,0.9,196,0,0,0,1010
7,26,24,22.7,98,0.5,209,0,0,0,1010
7,27,1,22.5,98,0.7,208,0,0,0,1010
7,27,2,22.3,98,0.9,219,0,0,0,1010
7,27,3,22.2,98,1.4,197,0,0,0,1010
7,27,4,22.2,99,1.4,168,0,0,0,1010
7,27,5,22.1,99,1.4,188,0,0,0,1010
7,27,6,22,98,1.1,197,0,0,0,1010
7,27,7,21.9,99,1.4,223,0,7,7,1010
7,27,8,22.8,98,1.4,196,0,90,90,1010
7,27,9,23.5,95,1.4,236,11,186,192,1010
7,27,10,24.3,93,1.4,213,31,309,330,1010
7,27,11,25.1,91,1.6,198,38,371,403,1010
7,27,12,25.8,87,1.6,218,52,404,452,1010
7,27,13,26.3,84,1.6,206,36,462,496,1010
7,27,14,26.6,84,1.9,166,26,413,437,1010
7,27,15,26.8,82,1.9,176,23,348,367,1010
7,27,16,26.2,89,1.9,153,13,255,264,1011
7,27,17,26.1,90,1.6,213,11,180,186,1011
7,27,18,25.8,87,1.6,206,0,72,72,1011
7,27,19,23.9,98,1.9,248,0,2,2,1011
7,27,20,24.3,95,2.2,202,0,0,0,1011
7,27,21,24.5,91,2.6,218,0,0,0,1012
7,27,22,24,91,2.2,192,0,0,0,1012
7,27,23,23.6,92,2.2,215,0,0,0,1012
7,27,24,23.2,93,2.6,223,0,0,0,1012
7,28,1,22.7,94,1.1,203,0,0,0,1012
7,28,2,22.3,96,0.9,201,0,0,0,1012
7,28,3,21.8,95,1.6,225,0,0,0,1013
7,28,4,21.6,96,1.4,277,0,0,0,1013
7,28,5,21.3,96,0.5,205,0,0,0,1013
7,28,6,21.1,98,0.5,211,0,0,0,1013
7,28,7,21.2,98,0.5,244,0,8,8,1013
7,28,8,22.2,95,0.5,237,175,104,153,1013
7,28,9,23.5,90,0.9,244,183,241,333,1014
7,28,10,24.8,84,1.6,208,344,285,525,1014
7,28,11,25.9,79,1.9,197,375,348,665,1014
7,28,12,26.9,75,2.2,224,365,391,732,1014
7,28,13,27.6,72,3.3,250,334,420,742,1014
7,28,14,28,71,4.3,220,336,399,712,1014
7,28,15,28.2,72,4.3,214,278,382,613,1014
7,28,16,28.1,72,5.9,254,204,321,460,1013
7,28,17,27.5,77,4.3,182,109,230,283,1013
7,28,18,26.8,81,4.3,241,103,97,124,1012
7,28,19,25.8,83,2.2,254,0,2,2,1012
7,28,20,25.6,85,1.9,279,0,0,0,1012
7,28,21,25.3,88,1.1,257,0,0,0,1011
7,28,22,24.9,88,0.7,239,0,0,0,1011
7,28,23,24.8,88,0.7,257,0,0,0,1011
7,28,24,24.6,92,0.5,273,0,0,0,1010
7,29,1,24.5,92,0.9,241,0,0,0,1010
7,29,2,24.5,95,0.9,241,0,0,0,1010
7,29,3,24.4,94,0.7,241,0,0,0,1009
7,29,4,24.3,96,0.5,284,0,0,0,1009
7,29,5,24.4,96,0.7,248,0,0,0,1009
7,29,6,24.2,98,0.7,210,0,0,0,1008
7,29,7,24.2,99,0.7,191,0,3,3,1008
7,29,8,24.6,98,0.9,254,0,30,30,1008
7,29,9,24.5,99,0.7,230,0,66,66,1007
7,29,10,24.6,99,0.7,221,0,108,108,1007
7,29,11,25,99,0.7,220,0,130,130,1006
7,29,12,25.7,98,0.7,242,0,136,136,1006
7,29,13,25.8,98,0.9,202,0,141,141,1006
7,29,14,25.9,98,0.7,197,1,155,156,1006
7,29,15,25.9,98,0.7,163,0,139,139,1006
7,29,16,25.7,99,0.5,212,0,106,106,1006
7,29,17,25.1,99,1.1,218,0,64,64,1006
7,29,18,23.9,99,0.9,223,0,28,28,1006
7,29,19,24.2,99,0.7,225,0,2,2,1006
7,29,20,23.4,99,0.7,235,0,0,0,1006
7,29,21,23.2,99,0.7,239,0,0,0,1006
7,29,22,23.9,99,0.7,217,0,0,0,1006
7,29,23,24.1,99,0.5,209,0,0,0,1006
7,29,24,24.3,99,0.9,159,0,0,0,1006
7,30,1,22.3,99,0.9,167,0,0,0,1005
7,30,2,22.1,99,0.7,201,0,0,0,1005
7,30,3,22.6,99,0.7,228,0,0,0,1005
7,30,4,23.7,98,0.5,201,0,0,0,1005
7,30,5,23.5,98,0.5,178,0,0,0,1005
7,30,6,23.5,99,0.7,166,0,0,0,1005
7,30,7,23.5,99,0.5,210,0,3,3,1005
7,30,8,23.6,99,0.5,189,0,25,25,1005
7,30,9,23.2,99,1.1,201,0,54,54,1005
7,30,10,23.4,99,0.9,156,0,78,78,1005
7,30,11,23.8,99,0.7,217,0,106,106,1005
7,30,12,24,98,0.7,203,0,118,118,1005
7,30,13,24.1,98,0.7,222,0,114,114,1005
7,30,14,24,98,1.1,223,0,102,102,1005
7,30,15,23.9,99,1.1,183,0,97,97,1005
7,30,16,22.2,99,1.4,253,0,76,76,1005
7,30,17,23.3,99,1.4,229,0,53,53,1005
7,30,18,23.6,99,1.1,241,0,20,20,1005
7,30,19,23.7,97,1.4,207,0,2,2,1006
7,30,20,22.8,99,1.4,191,0,0,0,1006
7,30,21,21.8,99,1.1,188,0,0,0,1006
7,30,22,21.7,99,0.7,220,0,0,0,1006
7,30,23,22.1,99,0.7,202,0,0,0,1006
7,30,24,22.9,99,0.7,210,0,0,0,1006
7,31,1,23.5,98,0.4,221,0,0,0,1006
7,31,2,23.5,98,0.5,195,0,0,0,1006
7,31,3,23.7,99,0.4,232,0,0,0,1006
7,31,4,23.7,98,0.3,247,0,0,0,1006
7,31,5,23.6,98,0.3,262,0,0,0,1006
7,31,6,23.6,99,0.4,248,0,0,0,1006
7,31,7,23.7,98,0.3,254,0,2,2,1006
7,31,8,24.1,98,0.3,241,0,36,36,1006
7,31,9,24.6,98,0.4,245,0,94,94,1006
7,31,10,25,96,0.4,258,0,126,126,1006
7,31,11,25.2,96,0.7,285,0,115,115,1006
7,31,12,25.4,95,0.9,277,2,164,166,1006
7,31,13,25.6,95,0.9,306,5,202,207,1007
7,31,14,25.8,97,0.9,300,3,229,232,1007
7,31,15,26.2,91,1.1,288,1,206,207,1007
7,31,16,25.9,91,1.1,291,1,160,160,1007
7,31,17,25.6,94,0.9,316,0,109,109,1007
7,31,18,25,99,1.1,288,0,43,43,1007
7,31,19,23.8,99,1.1,290,0,2,2,1007
7,31,20,23.6,99,1.6,278,0,0,0,1007
7,31,21,23.9,99,1.4,251,0,0,0,1007
7,31,22,24.3,97,1.1,200,0,0,0,1007
7,31,23,24.5,99,1.6,205,0,0,0,1007
7,31,24,24.2,99,1.4,222,0,0,0,1007
8,1,1,22.5,99,1.6,223,0,0,0,1007
8,1,2,22.2,99,1.6,223,0,0,0,1007
8,1,3,22.4,99,1.4,248,0,0,0,1008
8,1,4,21.8,99,1.4,229,0,0,0,1008
8,1,5,23.4,99,1.1,205,0,0,0,1008
8,1,6,22.4,99,1.4,257,0,0,0,1008
8,1,7,23.5,98,1.1,223,0,2,2,1008
8,1,8,23.6,99,1.1,196,0,53,53,1008
8,1,9,24,98,1,180,0,114,114,1008
8,1,10,24.4,98,1.1,220,2,169,170,1008
8,1,11,24.6,98,1.6,189,1,218,219,1008
8,1,12,24.1,99,1.6,198,4,246,250,1008
8,1,13,24.6,99,1.4,226,4,250,254,1008
8,1,14,24.8,99,1.1,224,4,238,241,1008
8,1,15,25.3,98,1.4,130,1,209,210,1008
8,1,16,25.3,98,1.6,174,1,163,163,1008
8,1,17,25.2,98,1.6,197,0,111,111,1008
8,1,18,25,98,1.6,235,0,46,46,1008
8,1,19,24.8,98,1.1,190,0,2,2,1008
8,1,20,24.5,98,1.1,232,0,0,0,1008
8,1,21,23.9,99,1.4,209,0,0,0,1008
8,1,22,24.1,98,1.4,235,0,0,0,1008
8,1,23,23.1,99,1.6,214,0,0,0,1008
8,1,24,23.4,99,1.1,223,0,0,0,1008
8,2,1,21.6,99,1,237,0,0,0,1008
8,2,2,23.1,99,1.1,276,0,0,0,1008
8,2,3,21.8,99,1.4,261,0,0,0,1008
8,2,4,23,99,1.4,258,0,0,0,1008
8,2,5,22.7,99,1.4,253,0,0,0,1008
8,2,6,22.1,99,1.4,258,0,0,0,1008
8,2,7,23,99,1.1,265,0,4,4,1008
8,2,8,23.4,96,1.4,234,0,51,51,1008
8,2,9,23.7,95,1.6,232,0,94,94,1008
8,2,10,24.2,94,1.4,221,0,155,156,1008
8,2,11,24.6,94,2,209,1,203,204,1008
8,2,12,24.9,93,2,261,3,217,220,1008
8,2,13,25.1,89,2.5,171,5,210,214,1008
8,2,14,25,93,3.1,200,5,228,233,1008
8,2,15,25.3,92,3.7,222,3,241,243,1009
8,2,16,25.4,91,4.7,255,7,226,231,1009
8,2,17,24.8,93,4.7,207,3,160,161,1009
8,2,18,24.8,94,3.7,222,0,84,84,1010
8,2,19,23,99,3.7,236,0,7,7,1010
8,2,20,23.9,99,3.1,214,0,0,0,1010
8,2,21,24.4,94,2.5,210,0,0,0,1010
8,2,22,24.2,97,3.1,240,0,0,0,1011
8,2,23,23.9,98,3.1,228,0,0,0,1011
8,2,24,23.5,95,3.1,228,0,0,0,1011
8,3,1,23.2,96,2,233,0,0,0,1012
8,3,2,22.9,98,2,261,0,0,0,1012
8,3,3,22.5,98,4.7,276,0,0,0,1012
8,3,4,22.3,98,3.7,303,0,0,0,1013
8,3,5,22.1,99,1.1,262,0,0,0,1013
8,3,6,21.9,99,1.1,256,0,0,0,1013
8,3,7,21.8,99,1,294,0,6,6,1014
8,3,8,22.5,95,1,279,206,110,167,1014
8,3,9,23.3,93,1,285,355,184,364,1014
8,3,10,24.1,90,2,229,402,271,553,1015
8,3,11,24.8,86,3.1,237,426,335,696,1015
8,3,12,25.5,81,3.7,271,523,332,824,1015
8,3,13,25.9,80,3.7,254,458,367,812,1016
8,3,14,26.1,80,3.7,227,354,404,735,1015
8,3,15,26.1,79,4.7,211,302,379,632,1015
8,3,16,26,81,4.7,266,247,316,485,1015
8,3,17,25.5,81,4.7,224,168,237,319,1015
8,3,18,24.9,87,4.7,233,130,97,130,1015
8,3,19,24.2,88,3.7,229,0,2,2,1015
8,3,20,23.8,95,3.1,270,0,0,0,1015
8,3,21,23.3,95,1.4,308,0,0,0,1015
8,3,22,22.9,99,1.4,263,0,0,0,1014
8,3,23,22.4,99,1.1,289,0,0,0,1014
8,3,24,21.9,98,1.1,254,0,0,0,1014
8,4,1,21.9,98,2,255,0,0,0,1014
8,4,2,21.9,99,1.6,296,0,0,0,1014
8,4,3,21.8,99,1.6,311,0,0,0,1014
8,4,4,21.7,99,2,279,0,0,0,1014
8,4,5,21.7,99,1.4,269,0,0,0,1014
8,4,6,21.6,99,1.4,257,0,0,0,1013
8,4,7,21.7,99,1.4,272,0,8,8,1013
8,4,8,22.5,97,1.4,282,196,111,165,1013
8,4,9,23.5,94,1.6,298,289,201,348,1013
8,4,10,24,91,1.4,250,101,321,392,1013
8,4,11,24.4,93,1.4,293,83,388,458,1013
8,4,12,24.4,91,1.4,290,27,328,353,1013
8,4,13,24.5,92,1.4,298,57,458,513,1013
8,4,14,25,90,1.4,235,69,407,472,1013
8,4,15,25.3,89,1.1,239,195,394,558,1013
8,4,16,25.4,82,1,240,216,321,469,1013
8,4,17,25.2,82,1,210,185,217,307,1013
8,4,18,24.9,83,1,236,408,99,203,1013
8,4,19,24.3,85,1.1,212,0,18,18,1013
8,4,20,23.9,86,1,223,0,0,0,1014
8,4,21,23.6,86,1,241,0,0,0,1014
8,4,22,23.2,89,1,226,0,0,0,1014
8,4,23,22.9,91,1,191,0,0,0,1014
8,4,24,22.5,91,0.8,223,0,0,0,1014
8,5,1,22.4,92,0.2,174,0,0,0,1014
8,5,2,22.2,92,0.1,157,0,0,0,1014
8,5,3,22.1,90,0.6,198,0,0,0,1014
8,5,4,21.9,91,0.5,179,0,0,0,1015
8,5,5,21.8,91,0.1,268,0,0,0,1015
8,5,6,21.7,91,0.1,219,0,0,0,1015
8,5,7,21.8,91,0.1,286,0,9,9,1015
8,5,8,22.6,89,0.2,267,177,121,170,1015
8,5,9,23.7,86,0.3,308,531,155,424,1015
8,5,10,24.9,83,0.8,298,702,180,674,1015
8,5,11,25.7,81,1.1,342,494,306,727,1015
8,5,12,26.4,79,1.1,302,545,333,848,1016
8,5,13,26.8,78,1.6,257,293,452,737,1016
8,5,14,27,77,2,254,349,410,738,1015
8,5,15,27,77,2,284,252,384,596,1015
8,5,16,26.7,78,1.4,269,130,325,414,1015
8,5,17,26.2,79,1.4,266,134,235,300,1015
8,5,18,25.6,81,1,300,150,96,135,1014
8,5,19,24.9,83,0.8,278,0,2,2,1014
8,5,20,24.5,84,0.3,279,0,0,0,1014
8,5,21,24,85,0.3,311,0,0,0,1014
8,5,22,23.6,86,0.2,246,0,0,0,1013
8,5,23,23.2,90,0.1,223,0,0,0,1013
8,5,24,22.8,95,0.1,306,0,0,0,1013
8,6,1,22.7,95,0.3,269,0,0,0,1013
8,6,2,22.6,96,0.3,271,0,0,0,1012
8,6,3,22.4,98,0.3,254,0,0,0,1012
8,6,4,22.4,97,0.3,219,0,0,0,1012
8,6,5,22.3,94,0.3,216,0,0,0,1012
8,6,6,21.9,98,0.2,217,0,0,0,1011
8,6,7,22.1,98,0.3,223,0,4,4,1011
8,6,8,22.8,94,0.3,191,0,85,85,1011
8,6,9,23.5,92,0.2,217,10,183,188,1011
8,6,10,24.1,89,0.2,121,17,269,281,1011
8,6,11,24.7,83,0.2,149,20,326,343,1010
8,6,12,24.9,92,0.1,156,30,363,391,1010
8,6,13,25.5,81,0.1,179,31,378,408,1010
8,6,14,25.6,89,0,217,27,348,374,1010
8,6,15,25.7,89,0.1,225,16,300,313,1010
8,6,16,25.6,89,0,245,9,233,239,1010
8,6,17,24.6,92,0,242,1,152,153,1010
8,6,18,23.2,94,0,251,0,65,65,1010
8,6,19,24.3,92,0,313,0,2,2,1010
8,6,20,23.9,92,0,238,0,0,0,1010
8,6,21,24.2,89,0,230,0,0,0,1010
8,6,22,24,92,0,249,0,0,0,1010
8,6,23,23.7,92,0,245,0,0,0,1010
8,6,24,23.4,94,0.1,232,0,0,0,1009
8,7,1,23.1,92,0.1,259,0,0,0,1009
8,7,2,22.9,95,0.1,254,0,0,0,1009
8,7,3,22.6,95,0,220,0,0,0,1009
8,7,4,22.5,95,0,220,0,0,0,1009
8,7,5,22.3,96,0.1,224,0,0,0,1009
8,7,6,22.2,99,0,219,0,0,0,1009
8,7,7,22.2,99,0.1,183,0,3,3,1009
8,7,8,22.6,97,0.2,198,0,70,70,1009
8,7,9,23.1,97,0.1,172,3,166,168,1009
8,7,10,23.3,96,0.1,168,11,247,254,1009
8,7,11,23.6,96,0.2,132,15,300,313,1009
8,7,12,24.2,95,0.1,156,23,332,354,1009
8,7,13,24.5,96,0.1,181,21,329,350,1009
8,7,14,24.8,93,0.1,164,21,319,339,1009
8,7,15,24.8,92,0.2,161,12,276,287,1009
8,7,16,24.7,93,0.1,151,5,214,218,1009
8,7,17,24.6,93,0.2,159,0,126,126,1009
8,7,18,23.7,98,0.2,75,0,48,48,1009
8,7,19,22.7,99,0.1,336,0,2,2,1009
8,7,20,23,98,0.1,348,0,0,0,1009
8,7,21,21.7,99,0.1,341,0,0,0,1009
8,7,22,23.3,98,0.1,342,0,0,0,1009
8,7,23,23.3,97,0.3,340,0,0,0,1009
8,7,24,23.2,99,0.3,348,0,0,0,1009
8,8,1,21.2,99,0.5,74,0,0,0,1008
8,8,2,21.2,99,0.5,164,0,0,0,1008
8,8,3,22.1,99,0.3,156,0,0,0,1008
8,8,4,21.8,99,0.3,155,0,0,0,1008
8,8,5,22.7,99,0.2,122,0,0,0,1008
8,8,6,23.1,99,0.2,146,0,0,0,1008
8,8,7,23,98,0.2,204,0,2,2,1008
8,8,8,23.4,95,0.2,150,0,53,53,1008
8,8,9,23.9,93,0.5,168,0,117,117,1008
8,8,10,24.3,93,0.5,235,3,175,177,1008
8,8,11,24.7,92,0.6,215,1,222,223,1008
8,8,12,24.9,92,0.5,214,4,244,248,1008
8,8,13,24.4,97,0.6,206,4,252,256,1008
8,8,14,25.1,97,0.8,234,4,241,244,1008
8,8,15,25.3,94,0.8,236,1,211,212,1008
8,8,16,25.4,94,1,220,1,162,163,1008
8,8,17,25.1,97,1,232,0,105,105,1008
8,8,18,24.5,97,1.1,198,0,46,46,1009
8,8,19,24.4,98,1.1,264,0,2,2,1009
8,8,20,23.9,99,1.1,207,0,0,0,1009
8,8,21,22.3,99,1.1,257,0,0,0,1009
8,8,22,22.1,99,1.1,261,0,0,0,1009
8,8,23,21.8,99,1.1,237,0,0,0,1009
8,8,24,22,99,1.1,249,0,0,0,1009
8,9,1,23.3,98,1.4,264,0,0,0,1010
8,9,2,22.1,99,1.6,231,0,0,0,1010
8,9,3,22.3,99,2,242,0,0,0,1010
8,9,4,22.4,97,2.5,203,0,0,0,1010
8,9,5,22.3,99,2.5,213,0,0,0,1010
8,9,6,22.2,99,2,192,0,0,0,1010
8,9,7,22.2,99,2,256,0,7,7,1010
8,9,8,22.8,99,2.5,237,27,100,108,1011
8,9,9,23.4,98,2.5,240,30,213,228,1011
8,9,10,23.9,98,2,233,23,297,313,1011
8,9,11,24.5,96,2,182,32,388,415,1011
8,9,12,25,93,2.5,217,38,460,496,1011
8,9,13,25.4,93,2.5,240,81,444,524,1011
8,9,14,25.6,90,3.1,205,38,455,490,1011
8,9,15,25.7,91,2.5,250,27,360,383,1011
8,9,16,25.7,90,2,266,65,306,351,1011
8,9,17,25.4,92,2,227,19,197,206,1011
8,9,18,24.9,96,1.6,219,0,80,80,1011
8,9,19,24.4,97,1.4,208,0,2,2,1011
8,9,20,24.1,98,1.6,210,0,0,0,1011
8,9,21,23.9,99,1.6,184,0,0,0,1011
8,9,22,23.5,98,1.1,222,0,0,0,1011
8,9,23,23,99,0.8,160,0,0,0,1011
8,9,24,22.8,98,1,172,0,0,0,1011
8,10,1,22.7,98,0.8,197,0,0,0,1011
8,10,2,22.6,98,0.6,137,0,0,0,1011
8,10,3,22.5,99,0.8,116,0,0,0,1011
8,10,4,22.5,99,0.8,217,0,0,0,1011
8,10,5,22.4,99,1.1,138,0,0,0,1011
8,10,6,22.3,99,1.1,202,0,0,0,1011
8,10,7,22.4,99,1,188,0,2,2,1011
8,10,8,23.1,99,1.1,199,19,99,104,1011
8,10,9,23.8,98,1,140,21,211,222,1011
8,10,10,24.6,94,1.1,223,33,320,344,1011
8,10,11,25.2,88,0.8,212,25,368,389,1011
8,10,12,25.8,87,0.8,255,47,431,476,1011
8,10,13,26.5,86,0.8,215,129,467,593,1011
8,10,14,26.8,86,0.8,204,55,440,492,1011
8,10,15,27,86,1,230,74,395,457,1011
8,10,16,27,85,1,206,74,309,360,1011
8,10,17,26.7,91,1,181,20,199,209,1011
8,10,18,26.2,94,1.1,200,48,94,106,1011
8,10,19,25.6,94,1.6,213,0,2,2,1011
8,10,20,25.4,95,1.6,257,0,0,0,1011
8,10,21,24.4,97,1.6,189,0,0,0,1011
8,10,22,24.6,98,1.6,142,0,0,0,1011
8,10,23,24.6,96,1.6,194,0,0,0,1011
8,10,24,24.1,98,1.6,225,0,0,0,1011
8,11,1,22.7,99,2,205,0,0,0,1011
8,11,2,23.5,98,2,210,0,0,0,1011
8,11,3,23.4,97,2.5,221,0,0,0,1011
8,11,4,23.2,98,2.5,223,0,0,0,1011
8,11,5,22.6,99,3.7,238,0,0,0,1011
8,11,6,22.8,99,3.1,204,0,0,0,1011
8,11,7,23.2,98,3.1,264,0,4,4,1011
8,11,8,23.8,99,2.5,156,3,95,96,1011
8,11,9,24.4,98,2.5,253,17,197,206,1011
8,11,10,25,96,2.5,251,22,286,302,1011
8,11,11,25.6,93,2.5,240,25,369,391,1011
8,11,12,26.2,88,2.5,153,29,435,463,1011
8,11,13,26.5,87,2.5,203,42,413,454,1011
8,11,14,26.8,85,2.5,202,40,389,427,1011
8,11,15,26.9,84,2.5,164,25,362,383,1011
8,11,16,26.8,82,2,176,15,267,278,1011
8,11,17,26.5,83,3.1,196,4,162,164,1011
8,11,18,26.1,89,2,232,0,65,65,1011
8,11,19,25.6,89,2.5,208,0,1,1,1011
8,11,20,25.3,89,2.5,174,0,0,0,1011
8,11,21,24.8,92,2.5,159,0,0,0,1011
8,11,22,24.6,89,4.7,156,0,0,0,1011
8,11,23,24.3,93,5.7,175,0,0,0,1012
8,11,24,24,93,4.7,331,0,0,0,1012
8,12,1,23.7,95,3.1,326,0,0,0,1012
8,12,2,23.4,94,3.1,345,0,0,0,1012
8,12,3,23.1,94,3.1,193,0,0,0,1012
8,12,4,22.9,95,2.5,127,0,0,0,1012
8,12,5,22.8,96,3.1,192,0,0,0,1012
8,12,6,22.6,95,2.5,143,0,0,0,1012
8,12,7,22.7,94,3.1,149,0,9,9,1012
8,12,8,23.6,90,3.7,162,103,109,138,1012
8,12,9,24.6,86,2.5,212,129,250,317,1013
8,12,10,25.5,81,3.1,189,146,354,458,1013
8,12,11,26.4,79,3.7,183,176,413,565,1013
8,12,12,26.9,77,3.7,140,131,451,576,1013
8,12,13,27.5,76,3.7,210,127,508,633,1013
8,12,14,27.8,77,3.1,143,120,482,596,1013
8,12,15,27.8,88,3.1,193,88,391,465,1013
8,12,16,27.7,79,3.7,175,62,314,356,1013
8,12,17,27.3,84,3.7,194,50,213,237,1013
8,12,18,26.8,92,3.7,226,35,91,99,1013
8,12,19,25.9,95,3.7,151,0,1,1,1013
8,12,20,25.7,93,4.7,119,0,0,0,1013
8,12,21,25.2,96,4.7,149,0,0,0,1013
8,12,22,24.9,98,4.7,171,0,0,0,1013
8,12,23,24.5,99,3.7,206,0,0,0,1013
8,12,24,24.1,99,4.7,192,0,0,0,1013
8,13,1,23.2,99,4.7,212,0,0,0,1013
8,13,2,23.2,99,3.7,197,0,0,0,1012
8,13,3,23,98,3.7,233,0,0,0,1012
8,13,4,22.9,99,3.1,214,0,0,0,1012
8,13,5,22.7,98,3.1,227,0,0,0,1012
8,13,6,22.6,99,2.5,234,0,0,0,1012
8,13,7,22.6,98,2,244,0,2,2,1012
8,13,8,23.1,98,2,251,39,103,115,1012
8,13,9,24.1,98,2.5,227,97,241,291,1012
8,13,10,25.1,95,2.5,186,169,340,460,1012
8,13,11,25.9,93,2.5,201,194,408,575,1012
8,13,12,26.4,90,2.5,217,104,446,545,1012
8,13,13,26.7,91,2.5,170,103,458,559,1012
8,13,14,27,92,1.6,199,125,446,564,1012
8,13,15,27.2,89,1.6,185,185,399,556,1012
8,13,16,26.9,90,2,215,20,230,244,1012
8,13,17,26.2,91,1.4,184,0,33,33,1012
8,13,18,25.6,96,1.4,163,0,24,24,1013
8,13,19,25.2,95,1.1,203,0,1,1,1013
8,13,20,24.9,95,1,147,0,0,0,1013
8,13,21,24.6,93,0.8,152,0,0,0,1013
8,13,22,24.3,94,0.8,163,0,0,0,1013
8,13,23,24,95,1,125,0,0,0,1013
8,13,24,23.6,94,1.1,139,0,0,0,1013
8,14,1,23.4,97,0.6,182,0,0,0,1013
8,14,2,23,98,1,153,0,0,0,1013
8,14,3,22.7,97,1.6,136,0,0,0,1014
8,14,4,22.6,98,1.6,129,0,0,0,1014
8,14,5,22.4,98,1,225,0,0,0,1014
8,14,6,22.3,97,1.1,133,0,0,0,1014
8,14,7,22.4,97,1,149,0,10,10,1014
8,14,8,23.3,93,1,154,164,124,170,1014
8,14,9,24.7,91,1.4,168,528,159,431,1014
8,14,10,26.1,85,2,165,737,179,704,1014
8,14,11,27.4,78,3.7,232,699,243,846,1014
8,14,12,28.1,79,5.7,235,464,358,801,1015
8,14,13,28.4,77,6.2,234,277,445,717,1015
8,14,14,28.5,78,6.9,181,108,443,545,1015
8,14,15,28.3,78,8.8,220,98,395,478,1014
8,14,16,27.9,76,6.9,179,33,306,329,1014
8,14,17,27.4,80,6.9,227,75,209,245,1014
8,14,18,26.7,83,5.7,208,0,71,71,1014
8,14,19,25.9,89,4.7,185,0,3,3,1014
8,14,20,25.6,89,3.1,216,0,0,0,1014
8,14,21,25.2,94,1.6,231,0,0,0,1013
8,14,22,24.8,94,1.1,184,0,0,0,1013
8,14,23,24.5,96,0.8,213,0,0,0,1013
8,14,24,24.1,97,0.8,262,0,0,0,1013
8,15,1,23.6,97,1,254,0,0,0,1013
8,15,2,23.5,98,1.1,213,0,0,0,1013
8,15,3,22.8,99,1.4,224,0,0,0,1012
8,15,4,22,99,1.4,225,0,0,0,1012
8,15,5,23,99,1.6,192,0,0,0,1012
8,15,6,22.8,98,1.6,243,0,0,0,1012
8,15,7,22.8,98,2,183,0,6,6,1012
8,15,8,23.5,99,1.6,220,11,98,102,1012
8,15,9,24.2,98,1.4,226,25,211,224,1011
8,15,10,24.9,94,1.1,211,29,304,325,1011
8,15,11,25.4,92,1.6,166,36,401,432,1011
8,15,12,26,89,1.4,221,28,435,462,1011
8,15,13,26.4,92,1.6,170,35,473,508,1011
8,15,14,26.6,91,1.6,242,24,413,436,1011
8,15,15,26.6,93,2,165,19,338,354,1011
8,15,16,26.6,90,2,231,20,282,296,1010
8,15,17,26.3,91,2,254,7,172,175,1010
8,15,18,25.9,94,2.5,152,0,72,72,1010
8,15,19,25.3,96,3.1,219,0,1,1,1010
8,15,20,24.9,99,3.7,187,0,0,0,1010
8,15,21,24.9,98,3.1,213,0,0,0,1010
8,15,22,24.7,99,3.1,215,0,0,0,1010
8,15,23,24.5,99,2.5,229,0,0,0,1010
8,15,24,24.3,99,2,180,0,0,0,1010
8,16,1,22.9,99,2,174,0,0,0,1010
8,16,2,23.5,99,2,255,0,0,0,1009
8,16,3,23.5,99,2.5,252,0,0,0,1009
8,16,4,23.7,98,2.5,208,0,0,0,1009
8,16,5,23.7,98,2.5,252,0,0,0,1009
8,16,6,23.7,99,2.5,255,0,0,0,1009
8,16,7,23.7,98,2.5,206,0,2,2,1009
8,16,8,24.1,99,2,209,0,60,60,1009
8,16,9,24.5,97,2,224,0,137,137,1009
8,16,10,24.9,96,2,216,5,192,196,1009
8,16,11,25.1,95,1.4,247,1,237,238,1008
8,16,12,25.6,90,1.4,181,4,275,279,1008
8,16,13,25.6,94,1.6,197,4,265,270,1008
8,16,14,25.9,89,1.6,224,4,254,258,1008
8,16,15,25.9,89,1.6,222,1,227,228,1008
8,16,16,25.4,92,1.6,233,2,170,171,1008
8,16,17,23.9,97,1.4,227,0,128,128,1009
8,16,18,24.7,94,1.4,240,0,61,61,1009
8,16,19,23.5,97,1.4,247,0,3,3,1009
8,16,20,24.8,93,1.4,144,0,0,0,1009
8,16,21,24.3,95,1.4,169,0,0,0,1009
8,16,22,24.5,96,1.6,191,0,0,0,1009
8,16,23,24.5,92,1.4,231,0,0,0,1009
8,16,24,24.3,92,1.4,183,0,0,0,1009
8,17,1,24.3,93,2,185,0,0,0,1009
8,17,2,24.1,91,2,261,0,0,0,1009
8,17,3,24,92,2.5,205,0,0,0,1009
8,17,4,23.9,93,3.1,140,0,0,0,1009
8,17,5,23.9,94,3.1,192,0,0,0,1010
8,17,6,23.8,96,3.1,164,0,0,0,1010
8,17,7,23.8,95,2.5,178,0,4,4,1010
8,17,8,24.2,95,2,169,0,85,85,1010
8,17,9,24.9,96,2,211,13,200,206,1010
8,17,10,25.3,93,2,139,18,280,294,1010
8,17,11,26.2,90,2,143,21,336,354,1010
8,17,12,26.8,89,2,170,17,381,397,1010
8,17,13,27.2,87,1.6,147,24,436,459,1010
8,17,14,27.5,90,1.1,128,39,391,428,1010
8,17,15,27.6,86,1,152,25,341,362,1010
8,17,16,27.6,87,1,180,15,268,278,1011
8,17,17,27.3,90,1,142,5,167,170,1011
8,17,18,27,88,0.8,229,0,69,69,1011
8,17,19,24.8,99,0.6,179,0,1,1,1011
8,17,20,25.4,97,0.6,155,0,0,0,1011
8,17,21,25.7,97,0.6,140,0,0,0,1011
8,17,22,25.5,94,0.6,143,0,0,0,1011
8,17,23,25,97,0.6,197,0,0,0,1011
8,17,24,25,96,0.5,172,0,0,0,1011
8,18,1,24.7,96,0.5,149,0,0,0,1011
8,18,2,24.4,98,0.5,170,0,0,0,1012
8,18,3,24.2,98,0.5,148,0,0,0,1012
8,18,4,24,98,0.3,137,0,0,0,1012
8,18,5,23.9,99,0.3,160,0,0,0,1012
8,18,6,23.8,99,0.5,336,0,0,0,1012
8,18,7,23.9,99,0.3,132,0,5,5,1012
8,18,8,24.7,96,0.5,136,67,110,129,1012
8,18,9,25.5,95,0.5,162,57,234,264,1012
8,18,10,26.3,89,0.5,173,87,332,394,1012
8,18,11,27.2,88,0.3,145,138,418,537,1012
8,18,12,27.8,86,0.2,155,96,483,575,1013
8,18,13,28.4,84,0.3,165,131,514,644,1013
8,18,14,28.8,83,0.3,147,142,490,625,1013
8,18,15,29,80,0.5,150,127,400,508,1013
8,18,16,28.6,92,0.5,175,69,309,356,1013
8,18,17,28.5,82,0.3,190,26,206,218,1013
8,18,18,27.9,89,0.3,138,29,88,95,1013
8,18,19,27.3,86,0.5,155,0,1,1,1013
8,18,20,26.9,89,0.5,189,0,0,0,1013
8,18,21,26.5,92,0.5,189,0,0,0,1013
8,18,22,26.1,95,0.3,227,0,0,0,1013
8,18,23,25.7,93,0.5,218,0,0,0,1013
8,18,24,25.3,92,0.5,189,0,0,0,1013
8,19,1,25,93,0.2,253,0,0,0,1013
8,19,2,24.6,97,0.2,224,0,0,0,1013
8,19,3,24.2,97,0.6,229,0,0,0,1013
8,19,4,24,97,0.8,270,0,0,0,1013
8,19,5,23.8,97,0.2,271,0,0,0,1013
8,19,6,23.6,100,0.2,259,0,0,0,1014
8,19,7,23.8,97,0.2,290,0,13,13,1014
8,19,8,25,98,0.3,268,394,112,226,1014
8,19,9,26.5,94,0.5,288,670,141,490,1014
8,19,10,27.9,88,1,277,792,153,722,1014
8,19,11,29.1,82,1,302,760,242,902,1014
8,19,12,29.2,81,1.1,256,119,433,547,1014
8,19,13,29.3,81,1.4,302,37,481,518,1014
8,19,14,29.3,83,2,319,68,433,497,1014
8,19,15,29,89,2.5,305,42,405,441,1014
8,19,16,28.7,83,2,277,25,295,312,1014
8,19,17,28.2,89,2.5,253,17,192,201,1014
8,19,18,27.6,85,2,253,0,81,81,1013
8,19,19,26.8,90,1.1,265,0,1,1,1013
8,19,20,26.5,92,0.6,273,0,0,0,1013
8,19,21,26.1,93,0.2,290,0,0,0,1013
8,19,22,25.7,96,0.1,224,0,0,0,1013
8,19,23,25.3,98,0.1,240,0,0,0,1013
8,19,24,24.9,98,0,146,0,0,0,1013
8,20,1,24.7,97,0.2,134,0,0,0,1013
8,20,2,24.4,97,0.2,154,0,0,0,1013
8,20,3,23.5,99,0.2,189,0,0,0,1013
8,20,4,23.9,95,0.2,236,0,0,0,1013
8,20,5,23.8,93,0.3,177,0,0,0,1012
8,20,6,23.8,96,0.3,187,0,0,0,1012
8,20,7,23.7,94,0.3,136,0,6,6,1012
8,20,8,24.6,92,0.6,209,61,110,128,1012
8,20,9,25.2,93,0.5,256,65,240,274,1012
8,20,10,26.3,89,0.5,244,79,343,400,1012
8,20,11,27,89,0.5,260,69,408,468,1012
8,20,12,27.6,81,0.6,255,92,442,531,1012
8,20,13,28,79,0.8,224,63,475,537,1012
8,20,14,28.2,80,0.8,218,30,439,467,1012
8,20,15,28.3,82,0.6,234,73,384,446,1012
8,20,16,28.3,82,0.6,244,39,308,334,1012
8,20,17,28,80,0.6,283,27,206,218,1012
8,20,18,27.5,81,0.6,284,1,82,82,1011
8,20,19,26.9,85,0.5,285,0,1,1,1011
8,20,20,26.5,88,0.5,277,0,0,0,1011
8,20,21,26.1,85,0.5,273,0,0,0,1011
8,20,22,25.7,89,0.5,260,0,0,0,1011
8,20,23,25.4,92,0.5,264,0,0,0,1011
8,20,24,24.9,93,0.8,281,0,0,0,1011
8,21,1,24.6,96,0.6,305,0,0,0,1011
8,21,2,24.3,96,0.5,262,0,0,0,1011
8,21,3,23.9,96,0.5,289,0,0,0,1011
8,21,4,23.7,94,0.5,276,0,0,0,1011
8,21,5,23.6,93,0.5,256,0,0,0,1011
8,21,6,23.5,99,0.5,282,0,0,0,1011
8,21,7,23.5,97,0.5,267,0,3,3,1011
8,21,8,23.9,96,0.5,285,0,73,73,1011
8,21,9,24.6,96,0.6,224,14,204,211,1010
8,21,10,25.3,93,0.5,295,21,300,315,1010
8,21,11,25.8,92,0.6,221,16,336,350,1010
8,21,12,26.2,90,0.8,248,19,399,417,1010
8,21,13,26.6,87,1,232,38,434,472,1010
8,21,14,26.8,86,1,210,16,376,392,1010
8,21,15,26.8,90,0.8,154,14,310,322,1010
8,21,16,26.4,95,0.8,151,17,272,284,1010
8,21,17,26.4,95,0.6,154,13,178,184,1011
8,21,18,25.4,97,0.5,161,0,74,74,1011
8,21,19,25.3,98,0.3,137,0,3,3,1011
8,21,20,25.1,97,0.2,167,0,0,0,1011
8,21,21,24.9,95,0.5,183,0,0,0,1011
8,21,22,22.7,99,0.6,72,0,0,0,1011
8,21,23,24,96,0.6,156,0,0,0,1011
8,21,24,23.7,96,0.5,352,0,0,0,1011
8,22,1,23.4,98,0.5,351,0,0,0,1011
8,22,2,23.1,98,0.3,17,0,0,0,1011
8,22,3,22.6,98,0.5,32,0,0,0,1012
8,22,4,22.5,98,0.2,336,0,0,0,1012
8,22,5,21.9,99,0.2,157,0,0,0,1012
8,22,6,22.3,99,0.2,60,0,0,0,1012
8,22,7,22.3,99,0.2,139,0,4,4,1012
8,22,8,23,99,0.2,134,45,108,121,1012
8,22,9,23.7,97,0.1,144,53,234,262,1012
8,22,10,24.4,94,0.1,215,70,327,377,1012
8,22,11,25.2,92,0.1,171,128,416,528,1012
8,22,12,25.7,88,0.2,203,82,442,522,1012
8,22,13,26.2,89,0.1,159,86,497,582,1012
8,22,14,26.5,86,0.2,139,102,481,578,1012
8,22,15,26.7,87,0.2,194,142,406,526,1012
8,22,16,26.6,88,0.2,144,93,319,383,1012
8,22,17,26.3,87,0.2,24,29,208,222,1012
8,22,18,25.8,87,0.2,156,16,85,88,1012
8,22,19,25.2,91,0.5,172,0,1,1,1012
8,22,20,24.8,94,0.6,18,0,0,0,1012
8,22,21,24.5,97,0.8,159,0,0,0,1012
8,22,22,24.1,100,0.8,166,0,0,0,1012
8,22,23,23.7,98,0.8,150,0,0,0,1012
8,22,24,23.4,98,0.8,27,0,0,0,1012
8,23,1,22.9,99,0.8,163,0,0,0,1012
8,23,2,22,99,0.8,168,0,0,0,1012
8,23,3,22.6,98,0.6,203,0,0,0,1012
8,23,4,22.2,99,0.5,188,0,0,0,1012
8,23,5,22.4,98,0.6,200,0,0,0,1011
8,23,6,22.4,98,0.5,161,0,0,0,1011
8,23,7,22.5,99,0.6,140,0,5,5,1011
8,23,8,23.1,99,0.8,24,0,93,93,1011
8,23,9,23.8,98,0.6,125,16,208,217,1011
8,23,10,24.5,98,0.5,171,26,315,334,1011
8,23,11,25.3,98,0.5,150,42,420,457,1011
8,23,12,25.9,91,0.5,159,29,445,473,1011
8,23,13,26.3,92,0.6,131,54,440,493,1011
8,23,14,26.5,92,0.6,137,51,414,463,1011
8,23,15,26.7,91,0.6,146,33,387,415,1011
8,23,16,26.6,92,0.6,135,21,284,298,1011
8,23,17,26.3,91,0.6,122,22,200,210,1011
8,23,18,25.8,92,0.5,149,0,78,78,1011
8,23,19,25.4,90,0.5,195,0,1,1,1011
8,23,20,25.1,92,0.6,192,0,0,0,1011
8,23,21,24.8,90,0.6,131,0,0,0,1011
8,23,22,24.5,89,0.6,123,0,0,0,1011
8,23,23,24.3,91,0.5,194,0,0,0,1011
8,23,24,24,91,0.3,190,0,0,0,1011
8,24,1,23.7,93,0.3,198,0,0,0,1011
8,24,2,23.5,93,0.3,235,0,0,0,1011
8,24,3,23.3,93,0.3,204,0,0,0,1011
8,24,4,23.1,92,0.5,164,0,0,0,1011
8,24,5,23,90,0.2,128,0,0,0,1011
8,24,6,22.9,93,0.3,189,0,0,0,1011
8,24,7,23,94,0.3,157,0,10,10,1011
8,24,8,24.3,91,0.5,191,415,113,234,1011
8,24,9,25.1,91,0.5,156,232,228,350,1011
8,24,10,26.4,85,0.5,167,517,267,642,1011
8,24,11,26.4,89,0.3,141,52,356,401,1011
8,24,12,26.8,89,0.2,160,54,453,505,1011
8,24,13,27.3,83,0.3,202,175,454,627,1011
8,24,14,26.9,85,0.2,226,10,206,216,1011
8,24,15,26.3,88,0.2,240,0,70,70,1011
8,24,16,26.2,90,0.2,225,76,301,353,1011
8,24,17,26,91,0.3,222,17,181,189,1011
8,24,18,25.6,89,0.3,224,48,89,100,1011
8,24,19,25.2,90,0.3,241,0,1,1,1011
8,24,20,25,93,0.3,205,0,0,0,1011
8,24,21,24.9,93,0.5,223,0,0,0,1010
8,24,22,24.5,96,0.3,195,0,0,0,1010
8,24,23,23.9,96,0.5,175,0,0,0,1010
8,24,24,24.4,95,0.5,226,0,0,0,1010
8,25,1,24.2,95,0.6,191,0,0,0,1010
8,25,2,24.5,93,0.2,132,0,0,0,1010
8,25,3,24.4,94,0.2,163,0,0,0,1010
8,25,4,24.2,92,0.2,124,0,0,0,1010
8,25,5,24.1,94,0.2,156,0,0,0,1010
8,25,6,23.9,93,0.2,151,0,0,0,1009
8,25,7,24.3,89,0.2,137,0,3,3,1009
8,25,8,23.2,96,0.1,207,0,66,66,1009
8,25,9,23.3,97,0.1,138,0,150,150,1009
8,25,10,25.4,92,0,161,7,226,231,1009
8,25,11,26.2,89,0.1,137,12,282,293,1009
8,25,12,26.7,89,0.1,212,19,305,322,1009
8,25,13,27,89,0,196,19,313,331,1009
8,25,14,27.2,89,0,168,18,293,310,1009
8,25,15,27.3,89,0,131,2,262,263,1009
8,25,16,27.2,89,0,156,6,205,209,1009
8,25,17,27,89,0,161,0,128,128,1009
8,25,18,26.6,92,0,158,0,52,52,1009
8,25,19,25.7,93,0.1,206,0,1,1,1009
8,25,20,25.6,96,0.1,24,0,0,0,1009
8,25,21,24.8,99,0.1,116,0,0,0,1009
8,25,22,25.4,94,0.1,70,0,0,0,1009
8,25,23,25.3,93,0.1,346,0,0,0,1010
8,25,24,25,96,0,159,0,0,0,1010
8,26,1,24.4,98,0,130,0,0,0,1010
8,26,2,24.3,97,0.1,188,0,0,0,1010
8,26,3,23.9,97,0,159,0,0,0,1010
8,26,4,23.7,98,0,185,0,0,0,1010
8,26,5,23.1,99,0.1,151,0,0,0,1010
8,26,6,23.4,98,0.1,127,0,0,0,1010
8,26,7,22.3,99,0,335,0,5,5,1010
8,26,8,24.2,99,0.1,190,10,102,105,1010
8,26,9,24.9,98,0.1,187,24,226,239,1010
8,26,10,25.4,94,0.1,183,18,295,308,1010
8,26,11,26.1,92,0.1,135,27,388,412,1010
8,26,12,26.5,92,0.1,206,22,418,439,1011
8,26,13,26.9,87,0.1,153,47,430,476,1011
8,26,14,27.1,84,0.1,151,25,425,449,1011
8,26,15,27.2,85,0.1,223,18,339,355,1011
8,26,16,27,84,0.2,221,15,259,269,1011
8,26,17,26.8,87,0.1,202,12,180,186,1011
8,26,18,26.4,89,0.1,221,0,73,73,1011
8,26,19,25.9,93,0.1,230,0,1,1,1011
8,26,20,25.7,96,0.2,224,0,0,0,1011
8,26,21,25.4,98,0.2,213,0,0,0,1011
8,26,22,24.8,99,0.2,251,0,0,0,1010
8,26,23,24.8,98,0.1,223,0,0,0,1010
8,26,24,24.6,98,0.2,244,0,0,0,1010
8,27,1,24.4,98,0.2,234,0,0,0,1010
8,27,2,24.2,98,0.2,231,0,0,0,1010
8,27,3,24,98,0.3,250,0,0,0,1010
8,27,4,24.1,99,0.5,219,0,0,0,1010
8,27,5,24,98,0.5,197,0,0,0,1010
8,27,6,23.9,95,0.5,140,0,0,0,1010
8,27,7,23.4,99,0.6,122,0,5,5,1010
8,27,8,24.4,97,0.5,144,0,93,93,1010
8,27,9,23.7,99,0.5,195,8,191,195,1010
8,27,10,25.6,92,0.3,181,19,299,313,1010
8,27,11,26.7,89,0.3,144,34,384,414,1010
8,27,12,27.3,89,0.6,163,47,417,462,1010
8,27,13,27.7,89,0.6,120,41,418,459,1010
8,27,14,27.8,89,0.5,190,39,393,430,1011
8,27,15,28,78,0.6,166,26,347,369,1011
8,27,16,28,79,0.8,219,15,265,275,1011
8,27,17,27.7,81,0.8,224,3,158,159,1012
8,27,18,27.2,89,0.8,199,0,62,62,1012
8,27,19,26.5,92,1,211,0,1,1,1012
8,27,20,26.4,92,0.8,209,0,0,0,1013
8,27,21,26,92,1.1,132,0,0,0,1013
8,27,22,25.5,92,1.1,158,0,0,0,1013
8,27,23,25.1,92,1.1,210,0,0,0,1014
8,27,24,24.7,92,1.1,175,0,0,0,1014
8,28,1,24.2,92,0.6,227,0,0,0,1014
8,28,2,23.6,92,0.5,191,0,0,0,1015
8,28,3,23.1,94,1.1,224,0,0,0,1015
8,28,4,22.8,95,1.4,215,0,0,0,1015
8,28,5,22.5,95,0.6,243,0,0,0,1016
8,28,6,22.2,90,0.5,173,0,0,0,1016
8,28,7,22.3,91,0.3,177,0,12,12,1016
8,28,8,23.4,87,0.3,258,335,125,225,1017
8,28,9,24.7,87,0.6,196,705,103,477,1017
8,28,10,25.9,82,1.1,193,781,134,704,1017
8,28,11,27,77,2,271,797,176,877,1018
8,28,12,27.9,75,2.5,215,812,200,987,1018
8,28,13,28.6,75,2,217,821,205,1021,1018
8,28,14,29,76,2.5,217,840,176,976,1018
8,28,15,29.2,73,2.5,211,823,152,848,1018
8,28,16,29,72,2,254,802,112,660,1017
8,28,17,28.5,75,2,228,716,83,424,1017
8,28,18,27.6,80,2,217,321,96,172,1016
8,28,19,26.7,84,1.1,183,0,4,4,1016
8,28,20,26.2,87,1,122,0,0,0,1016
8,28,21,25.7,89,0.8,204,0,0,0,1015
8,28,22,25.2,92,0.6,176,0,0,0,1015
8,28,23,24.7,95,0.2,140,0,0,0,1014
8,28,24,24.2,96,0.2,162,0,0,0,1014
8,29,1,24.2,96,1,185,0,0,0,1014
8,29,2,24.1,97,0.8,178,0,0,0,1013
8,29,3,24,98,0.6,225,0,0,0,1013
8,29,4,24,99,0.5,227,0,0,0,1012
8,29,5,23.9,98,0.5,252,0,0,0,1012
8,29,6,23.9,98,0.6,195,0,0,0,1012
8,29,7,24,99,0.5,217,0,3,3,1011
8,29,8,24.2,98,0.3,253,0,55,55,1011
8,29,9,24.4,99,0.5,215,15,199,207,1010
8,29,10,25.4,99,0.6,243,17,292,305,1010
8,29,11,26.3,97,0.6,215,32,403,431,1010
8,29,12,25.7,99,0.8,295,53,410,461,1009
8,29,13,25.1,99,0.8,290,6,248,254,1009
8,29,14,26.7,98,0.8,266,5,206,211,1009
8,29,15,26.9,95,0.6,281,2,220,222,1009
8,29,16,26.2,98,0.6,218,0,119,119,1009
8,29,17,26.3,97,0.6,261,0,112,112,1010
8,29,18,25.3,98,0.6,262,0,31,31,1010
8,29,19,25.9,95,1,300,0,1,1,1010
8,29,20,25.6,97,0.8,218,0,0,0,1010
8,29,21,25.3,98,0.6,209,0,0,0,1010
8,29,22,25,96,0.6,272,0,0,0,1011
8,29,23,24.8,98,0.6,213,0,0,0,1011
8,29,24,24.5,99,0.6,229,0,0,0,1011
8,30,1,24.1,99,0.2,217,0,0,0,1011
8,30,2,23.7,99,0.2,204,0,0,0,1011
8,30,3,23.4,99,0.6,205,0,0,0,1012
8,30,4,23.1,99,0.8,147,0,0,0,1012
8,30,5,22.9,99,0.2,151,0,0,0,1012
8,30,6,22.8,99,0.2,144,0,0,0,1012
8,30,7,22.9,99,0.2,166,0,12,12,1012
8,30,8,24.3,97,0.2,154,447,116,250,1012
8,30,9,25.3,91,0.3,144,368,212,408,1013
8,30,10,26.6,84,0.6,210,651,215,692,1013
8,30,11,28.1,78,0.8,253,827,243,972,1013
8,30,12,28.2,80,1,227,98,435,530,1013
8,30,13,28.2,89,1.1,234,51,467,518,1013
8,30,14,28,81,1.4,223,43,384,425,1013
8,30,15,28.1,83,1.4,254,118,400,500,1013
8,30,16,27.6,83,1.4,293,21,261,275,1013
8,30,17,27,86,1.6,235,3,154,155,1013
8,30,18,26.3,90,1.4,250,0,13,13,1013
8,30,19,25.7,94,0.8,272,0,1,1,1013
8,30,20,25.5,96,0.3,268,0,0,0,1012
8,30,21,25.2,98,0.1,255,0,0,0,1012
8,30,22,24.8,98,0.1,335,0,0,0,1012
8,30,23,24.8,98,0.1,330,0,0,0,1012
8,30,24,24.5,98,0,331,0,0,0,1012
8,31,1,24,99,0.1,320,0,0,0,1012
8,31,2,24.1,99,0.2,330,0,0,0,1011
8,31,3,22.4,99,0.1,306,0,0,0,1011
8,31,4,24.2,98,0.2,285,0,0,0,1011
8,31,5,24.4,98,0.2,295,0,0,0,1011
8,31,6,24.3,98,0.3,194,0,0,0,1011
8,31,7,24.5,98,0.2,247,0,8,8,1011
8,31,8,24.7,98,0.3,219,0,59,59,1011
8,31,9,25.3,99,0.6,231,18,193,202,1010
8,31,10,26.8,90,0.5,239,187,341,478,1010
8,31,11,26.7,92,0.8,285,35,391,423,1010
8,31,12,26.8,94,1,279,32,459,490,1010
8,31,13,28,92,1.1,219,29,414,443,1010
8,31,14,28.3,89,1.1,259,15,365,380,1010
8,31,15,28.4,89,1.1,200,16,304,317,1010
8,31,16,27.9,89,1.1,227,0,52,52,1011
8,31,17,27.5,89,1.1,252,0,40,40,1011
8,31,18,27.2,89,1.4,213,0,55,55,1011
8,31,19,26.8,90,1.1,228,0,2,2,1012
8,31,20,26.4,92,1.4,211,0,0,0,1012
8,31,21,26,95,1.6,289,0,0,0,1012
8,31,22,25.6,97,2,235,0,0,0,1013
8,31,23,25.2,97,1.6,261,0,0,0,1013
8,31,24,24.8,98,1.6,275,0,0,0,1013
9,1,1,24.2,99,1.5,217,0,0,0,1012
9,1,2,23.6,99,1.5,169,0,0,0,1013
9,1,3,23,99,2.4,145,0,0,0,1013
9,1,4,22.7,99,2.1,175,0,0,0,1013
9,1,5,22.3,99,0.7,8,0,0,0,1014
9,1,6,22.1,99,0.5,54,0,0,0,1014
9,1,7,22.2,99,0.7,181,0,13,13,1014
9,1,8,23.6,100,0.5,8,305,130,222,1015
9,1,9,25.2,96,0.7,347,628,123,460,1015
9,1,10,26.7,89,1.5,331,667,188,678,1015
9,1,11,28,87,2.1,347,658,260,841,1015
9,1,12,29.1,84,2.4,3,624,326,933,1016
9,1,13,30,83,2.7,12,626,339,963,1016
9,1,14,30.5,83,2.7,1,613,322,906,1016
9,1,15,30.7,82,3.1,13,624,260,787,1016
9,1,16,30.5,83,2.7,180,599,189,597,1015
9,1,17,29.9,86,2.4,168,480,147,373,1015
9,1,18,28.9,91,2.4,167,198,97,142,1015
9,1,19,27.8,93,1.8,178,0,1,1,1015
9,1,20,27.3,97,1.5,195,0,0,0,1014
9,1,21,26.8,98,0.9,184,0,0,0,1014
9,1,22,26.3,99,0.9,206,0,0,0,1014
9,1,23,25.8,99,0.5,172,0,0,0,1014
9,1,24,25.2,98,0.5,185,0,0,0,1013
9,2,1,25,99,0.9,159,0,0,0,1013
9,2,2,24.8,99,0.9,179,0,0,0,1013
9,2,3,24.5,99,1.2,136,0,0,0,1013
9,2,4,24.3,99,1.2,164,0,0,0,1012
9,2,5,24.2,99,1.2,146,0,0,0,1012
9,2,6,24.1,99,1.2,217,0,0,0,1012
9,2,7,24.3,99,1.5,213,0,15,15,1012
9,2,8,25.2,96,1.2,221,123,120,157,1012
9,2,9,25.9,93,1.2,208,79,255,297,1011
9,2,10,27,87,1.2,165,144,359,465,1011
9,2,11,27.8,82,1.5,168,122,428,537,1011
9,2,12,28.5,80,1.2,160,160,465,621,1011
9,2,13,29,79,0.9,160,164,484,647,1010
9,2,14,29.2,89,0.7,178,82,435,513,1010
9,2,15,29,79,0.9,201,15,301,314,1010
9,2,16,28.4,90,0.9,172,7,220,225,1010
9,2,17,28.1,90,0.7,214,0,117,117,1010
9,2,18,27.4,90,0.7,163,0,14,14,1010
9,2,19,26.6,96,0.9,186,0,1,1,1010
9,2,20,26.7,96,0.9,283,0,0,0,1010
9,2,21,26.4,97,0.9,255,0,0,0,1010
9,2,22,25.7,99,1.2,182,0,0,0,1009
9,2,23,24.6,99,0.7,193,0,0,0,1009
9,2,24,25.6,98,0.5,205,0,0,0,1009
9,3,1,24.4,99,0.4,181,0,0,0,1009
9,3,2,25,99,0.3,114,0,0,0,1009
9,3,3,25,98,0.3,4,0,0,0,1009
9,3,4,24.8,99,0.3,67,0,0,0,1009
9,3,5,24.9,98,0.3,6,0,0,0,1009
9,3,6,24.4,99,0.3,346,0,0,0,1009
9,3,7,24.8,98,0.2,56,0,3,3,1009
9,3,8,25.5,99,0.1,181,0,74,74,1009
9,3,9,26.1,98,0.1,18,3,174,175,1008
9,3,10,26.7,96,0.1,50,9,242,249,1008
9,3,11,27.3,93,0.1,356,15,310,324,1008
9,3,12,27.8,88,0.1,350,23,344,366,1008
9,3,13,28.1,85,0.1,348,22,342,364,1008
9,3,14,28.3,90,0.1,356,22,332,353,1008
9,3,15,28.4,90,0.1,348,17,312,326,1008
9,3,16,28.4,90,0.1,4,15,256,266,1009
9,3,17,28.3,88,0,124,8,167,171,1009
9,3,18,27.9,90,0,135,0,67,67,1009
9,3,19,27.5,90,0,208,0,1,1,1009
9,3,20,26.8,99,0,225,0,0,0,1009
9,3,21,26.6,98,0,235,0,0,0,1009
9,3,22,25.6,99,0,189,0,0,0,1009
9,3,23,26,96,0,180,0,0,0,1010
9,3,24,23.7,99,0,200,0,0,0,1010
9,4,1,25.3,98,0,189,0,0,0,1010
9,4,2,24.7,99,0,192,0,0,0,1010
9,4,3,24.5,98,0,255,0,0,0,1010
9,4,4,24.5,98,0,258,0,0,0,1010
9,4,5,24.3,99,0,196,0,0,0,1011
9,4,6,24.2,98,0,260,0,0,0,1011
9,4,7,24.2,98,0,179,0,4,4,1011
9,4,8,25,98,0,160,0,100,100,1011
9,4,9,25,99,0,207,9,191,196,1011
9,4,10,26.4,95,0,204,20,282,297,1011
9,4,11,27.8,88,0,256,202,414,593,1011
9,4,12,29.4,81,0,206,495,408,891,1012
9,4,13,30,83,0,268,185,458,643,1012
9,4,14,30.1,80,0.1,181,40,377,415,1012
9,4,15,30.1,85,0.1,244,88,391,465,1012
9,4,16,30.3,78,0.1,238,251,301,471,1012
9,4,17,30.3,76,0.1,268,684,115,435,1013
9,4,18,29.8,77,0.1,238,316,93,164,1013
9,4,19,29,78,0.1,230,0,6,6,1013
9,4,20,28.3,85,0.1,282,0,0,0,1013
9,4,21,27.6,86,0.2,284,0,0,0,1013
9,4,22,26.9,87,0.2,252,0,0,0,1014
9,4,23,26.2,87,0.2,255,0,0,0,1014
9,4,24,25.5,89,0.1,265,0,0,0,1014
9,5,1,24.8,91,0,175,0,0,0,1014
9,5,2,24.1,91,0,183,0,0,0,1014
9,5,3,23.4,94,0.1,179,0,0,0,1015
9,5,4,23.1,95,0.1,189,0,0,0,1015
9,5,5,22.7,95,0,196,0,0,0,1015
9,5,6,22.4,96,0,191,0,0,0,1015
9,5,7,22.6,94,0,175,0,14,14,1015
9,5,8,24,91,0,185,314,132,228,1015
9,5,9,25.6,88,0,229,625,131,469,1016
9,5,10,27.1,82,0.2,181,689,186,695,1016
9,5,11,28.5,76,0.2,219,733,219,869,1016
9,5,12,29.7,75,0.4,233,722,265,969,1016
9,5,13,30.5,71,0.4,221,720,277,996,1016
9,5,14,31.1,69,0.5,236,781,215,960,1016
9,5,15,31.3,68,0.5,249,809,160,842,1016
9,5,16,31.2,68,0.4,216,762,128,644,1015
9,5,17,30.6,70,0.5,169,699,86,411,1015
9,5,18,29.6,73,0.3,202,289,93,157,1014
9,5,19,28.4,76,0.2,221,0,3,3,1014
9,5,20,27.9,81,0.1,208,0,0,0,1013
9,5,21,27.4,82,0,172,0,0,0,1013
9,5,22,26.9,84,0,185,0,0,0,1013
9,5,23,26.4,84,0,175,0,0,0,1012
9,5,24,25.9,87,0,117,0,0,0,1012
9,6,1,25.2,94,0.1,207,0,0,0,1011
9,6,2,25.5,93,0.1,186,0,0,0,1011
9,6,3,25.3,95,0.1,153,0,0,0,1010
9,6,4,25.1,95,0.1,228,0,0,0,1010
9,6,5,25,96,0.1,151,0,0,0,1010
9,6,6,24.9,99,0.1,183,0,0,0,1009
9,6,7,24.9,98,0.1,159,0,5,5,1009
9,6,8,25.2,97,0.1,206,0,52,52,1008
9,6,9,25.4,99,0.1,233,0,109,109,1008
9,6,10,26,96,0.1,173,2,165,166,1007
9,6,11,26.3,95,0.1,166,1,201,202,1007
9,6,12,26.5,93,0.1,157,4,231,235,1007
9,6,13,26.8,93,0.1,193,4,247,251,1006
9,6,14,26.7,97,0.1,188,6,247,253,1006
9,6,15,25.7,99,0.1,203,1,187,188,1006
9,6,16,26.1,99,0.1,179,0,142,142,1006
9,6,17,24.8,99,0.1,175,0,95,95,1007
9,6,18,26.4,97,0.1,211,0,36,36,1007
9,6,19,26.3,94,0.1,167,0,1,1,1007
9,6,20,25.9,94,0.1,190,0,0,0,1007
9,6,21,25.5,95,0.1,201,0,0,0,1007
9,6,22,25.1,95,0,224,0,0,0,1007
9,6,23,24.2,99,0.1,137,0,0,0,1007
9,6,24,24.1,99,0.1,184,0,0,0,1007
9,7,1,23.8,99,0.1,215,0,0,0,1007
9,7,2,23.8,97,0.1,120,0,0,0,1007
9,7,3,23.3,97,0.1,168,0,0,0,1008
9,7,4,23.3,98,0.1,164,0,0,0,1008
9,7,5,23.1,98,0.1,208,0,0,0,1008
9,7,6,22.9,98,0.2,201,0,0,0,1008
9,7,7,23,98,0.2,225,0,3,3,1008
9,7,8,23.6,98,0.1,149,0,87,87,1008
9,7,9,24.2,97,0.2,195,5,186,189,1008
9,7,10,24.7,96,0.2,192,16,295,307,1008
9,7,11,25.4,89,0.2,194,19,340,357,1008
9,7,12,25.9,86,0.2,204,27,367,393,1008
9,7,13,26.2,86,0.1,191,31,392,423,1008
9,7,14,26.5,85,0.1,174,33,379,411,1009
9,7,15,26.6,86,0.2,149,20,345,362,1009
9,7,16,26.5,89,0.2,61,9,238,245,1009
9,7,17,26.2,89,0.3,332,0,144,144,1009
9,7,18,25.8,92,0.3,17,0,55,55,1009
9,7,19,25.2,95,0.2,164,0,1,1,1009
9,7,20,24.7,99,0.3,157,0,0,0,1009
9,7,21,24,99,0.2,211,0,0,0,1009
9,7,22,22.3,99,0.2,193,0,0,0,1009
9,7,23,23.5,99,0.2,245,0,0,0,1009
9,7,24,22.6,99,0.3,191,0,0,0,1009
9,8,1,23.3,98,0.3,147,0,0,0,1009
9,8,2,23,98,0.2,170,0,0,0,1010
9,8,3,22.6,99,0.3,173,0,0,0,1010
9,8,4,22.5,98,0.3,231,0,0,0,1010
9,8,5,22.5,98,0.4,165,0,0,0,1010
9,8,6,22.4,99,0.3,198,0,0,0,1010
9,8,7,22.5,99,0.3,231,0,4,4,1010
9,8,8,23.2,97,0.3,200,9,108,110,1010
9,8,9,23.9,98,0.4,214,34,250,268,1010
9,8,10,25.2,95,0.5,172,69,340,391,1010
9,8,11,25.9,93,0.5,193,34,416,446,1010
9,8,12,26.5,89,0.9,148,59,443,501,1010
9,8,13,27,90,0.7,189,78,463,541,1010
9,8,14,27.5,89,0.9,167,134,456,584,1010
9,8,15,27.6,87,1.5,180,98,397,479,1010
9,8,16,27.6,87,1.2,133,72,315,363,1010
9,8,17,27.3,90,1.5,175,65,208,238,1009
9,8,18,26.7,93,1.5,70,65,80,94,1009
9,8,19,26.1,94,1.5,180,0,2,2,1009
9,8,20,25.8,96,1.2,161,0,0,0,1009
9,8,21,25.5,99,0.9,271,0,0,0,1008
9,8,22,25.2,98,1.5,218,0,0,0,1008
9,8,23,24.5,99,0.9,196,0,0,0,1008
9,8,24,23.5,99,0.9,242,0,0,0,1008
9,9,1,23.6,99,0.7,184,0,0,0,1007
9,9,2,22.3,99,0.7,257,0,0,0,1007
9,9,3,23.7,99,0.5,276,0,0,0,1007
9,9,4,24.1,99,0.7,249,0,0,0,1007
9,9,5,24,99,0.7,191,0,0,0,1006
9,9,6,23.9,99,0.7,195,0,0,0,1006
9,9,7,23.7,99,0.5,211,0,4,4,1006
9,9,8,22.9,99,0.7,215,0,25,25,1006
9,9,9,23.4,99,0.9,190,0,51,51,1005
9,9,10,23.7,99,0.7,290,0,77,77,1005
9,9,11,24.3,98,0.7,295,0,90,90,1005
9,9,12,24.4,98,0.9,282,0,104,104,1005
9,9,13,24.6,98,0.7,275,0,113,113,1004
9,9,14,24.4,99,0.9,166,0,109,109,1005
9,9,15,24.3,99,0.9,291,0,92,92,1005
9,9,16,24.6,96,0.9,247,0,71,71,1006
9,9,17,24.2,99,0.7,284,0,46,46,1006
9,9,18,24.3,98,0.7,261,0,15,15,1007
9,9,19,23,99,0.7,265,0,1,1,1007
9,9,20,22.5,99,0.5,197,0,0,0,1007
9,9,21,22,99,0.5,216,0,0,0,1008
9,9,22,21.8,99,0.7,267,0,0,0,1008
9,9,23,21.6,99,0.7,157,0,0,0,1009
9,9,24,23.3,97,0.7,173,0,0,0,1009
9,10,1,22.4,99,0.4,172,0,0,0,1010
9,10,2,22.2,98,0.3,196,0,0,0,1010
9,10,3,21.6,99,0.9,192,0,0,0,1010
9,10,4,21.3,99,0.9,152,0,0,0,1011
9,10,5,21,99,0.3,210,0,0,0,1011
9,10,6,20.8,99,0.3,228,0,0,0,1012
9,10,7,20.9,99,0.2,162,0,14,14,1012
9,10,8,22.2,99,0.3,172,309,121,218,1013
9,10,9,23.6,94,0.3,247,429,198,433,1013
9,10,10,24.9,90,0.5,268,482,269,628,1014
9,10,11,26.1,90,0.9,247,510,319,773,1014
9,10,12,27,90,0.9,182,524,347,860,1014
9,10,13,27.7,78,1.5,228,513,364,876,1015
9,10,14,28.1,77,1.8,187,496,338,810,1015
9,10,15,28.2,76,2.1,185,480,303,706,1014
9,10,16,28.1,77,2.1,210,418,263,543,1014
9,10,17,27.5,78,2.1,164,398,156,338,1013
9,10,18,26.6,81,1.8,207,265,70,126,1013
9,10,19,25.6,83,1.5,197,0,1,1,1013
9,10,20,25.2,88,0.9,164,0,0,0,1012
9,10,21,24.8,86,0.4,228,0,0,0,1012
9,10,22,24.3,90,0.3,226,0,0,0,1012
9,10,23,23.9,91,0.2,250,0,0,0,1011
9,10,24,23.5,91,0.2,190,0,0,0,1011
9,11,1,23.3,90,0.4,177,0,0,0,1010
9,11,2,23.2,91,0.5,195,0,0,0,1010
9,11,3,22.9,94,0.5,244,0,0,0,1010
9,11,4,22.9,96,0.3,159,0,0,0,1009
9,11,5,22.8,98,0.2,185,0,0,0,1009
9,11,6,22.8,96,0.3,213,0,0,0,1009
9,11,7,22.8,97,0.3,162,0,5,5,1008
9,11,8,23.3,95,0.4,193,0,70,70,1008
9,11,9,23.6,97,0.4,213,0,122,122,1008
9,11,10,23.1,99,0.4,197,3,187,189,1007
9,11,11,22.8,99,0.4,224,1,182,183,1007
9,11,12,22.6,99,0.5,228,3,216,219,1006
9,11,13,24.5,98,0.7,225,5,204,208,1006
9,11,14,24.7,93,0.7,263,6,234,239,1006
9,11,15,24.6,98,0.9,219,1,217,218,1006
9,11,16,24.8,95,1.2,157,0,157,157,1007
9,11,17,24.3,98,1.2,119,0,86,86,1007
9,11,18,24.5,95,1.5,160,0,32,32,1007
9,11,19,24.1,97,1.5,178,0,1,1,1007
9,11,20,24,99,1.2,229,0,0,0,1007
9,11,21,23.5,99,1.5,156,0,0,0,1007
9,11,22,22.9,99,1.5,207,0,0,0,1008
9,11,23,22.8,99,1.5,188,0,0,0,1008
9,11,24,22.2,99,1.5,128,0,0,0,1008
9,12,1,22.6,98,1.8,241,0,0,0,1008
9,12,2,22.5,98,1.5,135,0,0,0,1008
9,12,3,22.3,99,1.8,222,0,0,0,1008
9,12,4,22.1,99,2.1,152,0,0,0,1009
9,12,5,22,99,2.1,224,0,0,0,1009
9,12,6,21.9,99,1.8,212,0,0,0,1009
9,12,7,22,99,1.8,183,0,4,4,1009
9,12,8,22.8,99,1.8,206,11,110,114,1009
9,12,9,23,98,1.2,287,0,109,109,1009
9,12,10,23.5,98,1.2,298,8,211,217,1010
9,12,11,24.6,95,1.2,239,85,419,494,1010
9,12,12,25.8,91,0.7,203,135,474,607,1010
9,12,13,26.1,92,0.5,192,67,444,511,1010
9,12,14,26.7,90,0.4,252,117,453,565,1010
9,12,15,26.7,92,0.5,133,79,387,452,1010
9,12,16,26.4,93,0.4,180,92,310,371,1010
9,12,17,26.4,94,0.5,201,91,199,240,1010
9,12,18,24.9,99,0.5,236,332,74,143,1010
9,12,19,25.8,94,0.7,197,0,9,9,1010
9,12,20,25.4,97,0.5,203,0,0,0,1011
9,12,21,24.9,98,0.5,203,0,0,0,1011
9,12,22,24.5,98,0.5,215,0,0,0,1011
9,12,23,24.1,98,0.7,176,0,0,0,1011
9,12,24,23.7,98,0.5,209,0,0,0,1011
9,13,1,23.2,98,0.5,207,0,0,0,1011
9,13,2,22.8,99,0.7,240,0,0,0,1011
9,13,3,22.3,98,0.7,155,0,0,0,1011
9,13,4,22.2,99,0.7,239,0,0,0,1011
9,13,5,21.9,99,0.7,235,0,0,0,1011
9,13,6,21.8,99,0.5,156,0,0,0,1011
9,13,7,21.9,99,0.7,201,0,9,9,1011
9,13,8,23,98,0.7,227,149,126,173,1011
9,13,9,24.1,96,0.7,197,138,278,354,1011
9,13,10,25.2,89,0.5,232,140,382,487,1012
9,13,11,26.1,86,0.4,214,188,435,604,1012
9,13,12,26.6,90,0.4,146,112,470,579,1012
9,13,13,26.9,92,0.4,153,106,519,625,1012
9,13,14,27.5,82,0.5,149,147,498,638,1012
9,13,15,27.6,80,0.5,220,140,404,522,1012
9,13,16,27.4,90,0.4,182,105,325,396,1012
9,13,17,27,84,0.5,191,77,205,240,1012
9,13,18,26.2,90,0.4,215,10,75,77,1012
9,13,19,25,94,0.5,202,0,1,1,1012
9,13,20,25.1,94,0.5,217,0,0,0,1012
9,13,21,24.7,94,0.7,209,0,0,0,1012
9,13,22,24.2,95,0.7,257,0,0,0,1012
9,13,23,23.7,94,0.7,194,0,0,0,1012
9,13,24,23.3,97,0.7,167,0,0,0,1012
9,14,1,22.9,94,0.3,138,0,0,0,1012
9,14,2,22.7,98,0.3,174,0,0,0,1012
9,14,3,22.3,99,0.5,243,0,0,0,1012
9,14,4,22.1,99,0.4,170,0,0,0,1012
9,14,5,22,99,0.2,254,0,0,0,1012
9,14,6,21.9,99,0.2,296,0,0,0,1012
9,14,7,22,99,0.2,266,0,13,13,1012
9,14,8,23.3,96,0.3,271,235,122,196,1012
9,14,9,24.6,88,0.4,273,167,282,374,1013
9,14,10,25.7,84,0.5,258,187,386,526,1013
9,14,11,26.7,90,1.2,276,183,459,623,1013
9,14,12,27.5,78,1.8,272,227,463,686,1013
9,14,13,28.1,77,2.4,301,244,471,715,1013
9,14,14,28.5,75,3.1,285,208,498,696,1013
9,14,15,28.6,86,3.8,271,210,401,577,1013
9,14,16,28.5,78,3.8,240,157,318,422,1013
9,14,17,27.8,90,3.8,163,89,210,250,1013
9,14,18,26.7,92,3.1,160,56,83,95,1013
9,14,19,26.4,90,2.4,181,0,1,1,1013
9,14,20,25.8,92,1.8,178,0,0,0,1013
9,14,21,25.2,92,0.9,223,0,0,0,1013
9,14,22,24.6,93,1.2,226,0,0,0,1013
9,14,23,24,94,0.9,261,0,0,0,1013
9,14,24,23.3,96,1.2,175,0,0,0,1013
9,15,1,22.5,99,1.2,181,0,0,0,1013
9,15,2,22.1,98,0.9,144,0,0,0,1013
9,15,3,21.6,99,1.8,164,0,0,0,1013
9,15,4,21.3,99,1.8,43,0,0,0,1013
9,15,5,21,99,0.7,142,0,0,0,1013
9,15,6,20.7,99,0.7,150,0,0,0,1013
9,15,7,20.8,99,0.9,229,0,14,14,1013
9,15,8,21.9,99,0.9,210,225,131,203,1013
9,15,9,23.1,97,1.8,192,318,227,403,1014
9,15,10,24.2,88,2.4,209,313,336,570,1014
9,15,11,25.1,85,3.1,210,324,406,696,1014
9,15,12,25.9,83,4.6,199,342,436,772,1014
9,15,13,26.4,84,4.6,226,336,450,785,1014
9,15,14,26.7,82,5.4,187,336,420,739,1014
9,15,15,26.8,81,4.6,262,318,372,637,1014
9,15,16,26.7,81,3.8,258,298,290,488,1014
9,15,17,26.1,82,4.6,273,182,219,301,1014
9,15,18,25.4,84,3.8,184,96,83,102,1014
9,15,19,24.5,88,2.4,267,0,1,1,1014
9,15,20,23.9,93,1.8,273,0,0,0,1014
9,15,21,23.3,95,1.2,265,0,0,0,1014
9,15,22,22.7,96,0.9,281,0,0,0,1014
9,15,23,22.2,98,0.5,250,0,0,0,1014
9,15,24,21.7,99,0.7,284,0,0,0,1014
9,16,1,20.9,99,0.7,280,0,0,0,1014
9,16,2,21.1,99,0.7,319,0,0,0,1015
9,16,3,20.7,99,1.5,294,0,0,0,1015
9,16,4,20.5,99,1.5,277,0,0,0,1015
9,16,5,20.3,99,0.7,291,0,0,0,1015
9,16,6,20.2,99,0.9,297,0,0,0,1015
9,16,7,20.3,99,0.9,297,0,17,17,1015
9,16,8,21.5,96,1.2,226,329,123,228,1015
9,16,9,22.7,95,1.5,282,457,196,448,1015
9,16,10,23.9,88,2.4,265,515,261,647,1015
9,16,11,25,86,3.8,203,529,318,791,1015
9,16,12,25.8,85,4.6,155,542,348,879,1015
9,16,13,26.4,82,5.4,198,535,364,898,1015
9,16,14,26.8,81,6.3,197,551,322,844,1015
9,16,15,26.9,81,7.3,208,534,279,725,1015
9,16,16,26.7,81,7.3,116,493,228,555,1015
9,16,17,26.1,82,5.9,164,433,145,339,1015
9,16,18,25.2,84,4.6,137,285,64,122,1015
9,16,19,24.3,87,3.8,203,0,1,1,1015
9,16,20,23.7,92,3.1,159,0,0,0,1015
9,16,21,23.1,92,2.4,184,0,0,0,1016
9,16,22,22.6,93,1.8,153,0,0,0,1016
9,16,23,22,94,1.8,156,0,0,0,1016
9,16,24,21.4,95,1.8,122,0,0,0,1016
9,17,1,21.2,95,1.8,202,0,0,0,1016
9,17,2,20.9,95,1.8,207,0,0,0,1016
9,17,3,20.6,96,2.7,207,0,0,0,1016
9,17,4,20.4,97,2.1,259,0,0,0,1016
9,17,5,20.3,96,0.9,267,0,0,0,1016
9,17,6,20.1,99,1.2,249,0,0,0,1016
9,17,7,20.3,99,1.2,233,0,19,19,1016
9,17,8,21.7,98,0.9,180,408,115,246,1016
9,17,9,23.2,96,1.5,225,575,158,476,1016
9,17,10,24.6,91,2.1,191,600,232,682,1016
9,17,11,25.7,86,3.1,175,605,291,833,1016
9,17,12,26.7,82,3.8,219,614,321,922,1016
9,17,13,27.4,80,3.8,182,613,332,944,1016
9,17,14,27.9,77,4.6,240,589,338,895,1016
9,17,15,28,78,5.4,174,627,245,767,1015
9,17,16,27.8,82,4.6,207,622,181,593,1015
9,17,17,27.2,86,3.8,191,629,99,379,1014
9,17,18,26.3,89,3.1,178,439,52,140,1014
9,17,19,25.2,93,2.1,202,0,1,1,1013
9,17,20,24.9,96,1.8,215,0,0,0,1013
9,17,21,24.6,99,1.2,169,0,0,0,1013
9,17,22,24.3,99,0.9,211,0,0,0,1012
9,17,23,24,100,0.7,171,0,0,0,1012
9,17,24,23.7,100,0.9,159,0,0,0,1011
9,18,1,23.7,97,1.8,201,0,0,0,1011
9,18,2,23.8,96,1.8,176,0,0,0,1010
9,18,3,23.9,97,1.2,164,0,0,0,1010
9,18,4,23.9,95,1.2,155,0,0,0,1010
9,18,5,22.6,99,1.2,198,0,0,0,1009
9,18,6,23.5,99,0.9,129,0,0,0,1009
9,18,7,23.9,98,0.9,136,0,5,5,1008
9,18,8,24.1,99,0.9,161,0,60,60,1008
9,18,9,23,99,0.7,205,0,127,127,1008
9,18,10,25.4,97,0.7,210,4,185,188,1007
9,18,11,25.9,98,0.9,141,1,213,214,1007
9,18,12,26,97,0.9,186,3,222,225,1006
9,18,13,25.8,98,0.7,157,3,216,219,1006
9,18,14,26.2,97,0.7,175,4,198,202,1006
9,18,15,26.3,95,0.9,285,0,127,127,1006
9,18,16,26.2,94,0.7,237,0,118,118,1006
9,18,17,25.2,99,0.4,263,0,74,74,1007
9,18,18,24,99,0.5,281,0,24,24,1007
9,18,19,25.5,98,0.4,260,0,0,0,1007
9,18,20,25.4,99,0.4,170,0,0,0,1007
9,18,21,25.2,99,0.7,202,0,0,0,1007
9,18,22,24.2,99,0.5,163,0,0,0,1008
9,18,23,24.6,96,0.7,189,0,0,0,1008
9,18,24,24.3,97,0.7,196,0,0,0,1008
9,19,1,23.9,98,0.5,226,0,0,0,1008
9,19,2,23.6,99,0.7,188,0,0,0,1008
9,19,3,23.2,99,0.7,200,0,0,0,1009
9,19,4,23,99,0.9,214,0,0,0,1009
9,19,5,22.8,99,0.7,184,0,0,0,1009
9,19,6,22.6,99,0.7,177,0,0,0,1009
9,19,7,23.2,99,0.9,194,0,47,47,1009
9,19,8,24.5,95,0.7,163,286,129,222,1010
9,19,9,25.8,93,0.7,157,328,236,419,1010
9,19,10,26.2,92,0.5,162,108,358,439,1010
9,19,11,26.8,84,0.3,355,27,394,418,1010
9,19,12,27,90,0.3,150,31,416,447,1010
9,19,13,26.7,92,0.3,150,17,337,354,1011
9,19,14,26,96,0.4,167,28,339,366,1010
9,19,15,27.4,90,0.7,183,147,399,521,1010
9,19,16,27.1,90,0.5,230,51,296,329,1010
9,19,17,27.1,90,0.9,189,275,188,310,1010
9,19,18,26.6,90,0.7,209,422,80,163,1010
9,19,19,26,90,0.7,221,0,2,2,1010
9,19,20,25.5,90,0.9,218,0,0,0,1010
9,19,21,25,90,0.7,220,0,0,0,1010
9,19,22,24.5,90,0.5,224,0,0,0,1010
9,19,23,24.1,93,0.5,219,0,0,0,1010
9,19,24,23.6,92,0.5,175,0,0,0,1010
9,20,1,23.3,96,0.9,206,0,0,0,1010
9,20,2,22.7,99,0.7,182,0,0,0,1010
9,20,3,22.8,98,0.7,185,0,0,0,1010
9,20,4,22.8,98,0.5,190,0,0,0,1010
9,20,5,22.7,99,0.7,206,0,0,0,1010
9,20,6,22.6,99,0.7,202,0,0,0,1010
9,20,7,22.8,99,0.5,230,0,9,9,1010
9,20,8,24,97,0.5,229,194,132,195,1010
9,20,9,24.1,99,0.5,207,78,252,295,1010
9,20,10,25.9,91,0.5,205,127,369,465,1010
9,20,11,26.9,90,0.5,214,156,441,581,1010
9,20,12,27,92,0.3,175,48,410,457,1010
9,20,13,27.1,92,0.3,209,31,371,402,1010
9,20,14,26.6,90,0.3,194,0,84,84,1010
9,20,15,26.5,91,0.3,212,22,275,293,1010
9,20,16,26.7,88,0.3,222,136,306,395,1010
9,20,17,26.6,88,0.2,262,119,195,247,1011
9,20,18,26.1,90,0.2,244,251,72,120,1011
9,20,19,25.6,91,0.2,205,0,5,5,1011
9,20,20,24.8,96,0.3,136,0,0,0,1011
9,20,21,22.8,99,0.3,184,0,0,0,1012
9,20,22,24.2,99,0.2,205,0,0,0,1012
9,20,23,23.8,98,0.3,181,0,0,0,1012
9,20,24,23.3,99,0.4,175,0,0,0,1012
9,21,1,22.5,99,0.2,204,0,0,0,1013
9,21,2,22.4,99,0.1,140,0,0,0,1013
9,21,3,21.9,99,0.3,146,0,0,0,1013
9,21,4,21.6,99,0.2,282,0,0,0,1013
9,21,5,21.4,99,0,199,0,0,0,1014
9,21,6,21.2,99,0,155,0,0,0,1014
9,21,7,21.5,99,0,131,0,19,19,1014
9,21,8,23,98,0.1,197,367,122,242,1014
9,21,9,24.6,96,0.2,221,548,168,475,1015
9,21,10,26.1,90,0.3,194,571,245,676,1015
9,21,11,27.4,90,0.5,218,571,308,821,1015
9,21,12,28.5,76,0.9,175,572,342,902,1015
9,21,13,29.2,74,0.9,192,564,357,919,1016
9,21,14,29.7,72,0.9,202,596,307,870,1016
9,21,15,29.9,72,1.2,185,592,258,748,1016
9,21,16,29.7,73,1.5,201,565,199,569,1016
9,21,17,29.1,76,1.5,148,494,128,345,1016
9,21,18,28.1,81,0.9,204,315,59,119,1016
9,21,19,27.1,86,0.7,204,0,0,0,1016
9,21,20,26.4,93,0.5,222,0,0,0,1016
9,21,21,25.7,93,0.2,161,0,0,0,1016
9,21,22,25,97,0.3,180,0,0,0,1016
9,21,23,24.3,98,0.2,201,0,0,0,1016
9,21,24,23.6,100,0.3,237,0,0,0,1016
9,22,1,23,100,0.2,210,0,0,0,1016
9,22,2,22.4,100,0.2,186,0,0,0,1016
9,22,3,21.8,100,0.7,189,0,0,0,1016
9,22,4,21.4,100,0.7,212,0,0,0,1016
9,22,5,21.1,100,0.2,245,0,0,0,1016
9,22,6,20.8,100,0.2,172,0,0,0,1016
9,22,7,21.1,100,0.2,222,0,20,20,1016
9,22,8,22.6,100,0.3,219,337,142,252,1016
9,22,9,24.3,97,0.3,222,703,117,510,1016
9,22,10,25.8,86,0.4,259,663,209,709,1016
9,22,11,27,83,0.7,244,558,328,829,1016
9,22,12,27.8,80,1.2,285,500,372,862,1016
9,22,13,28.5,79,0.9,175,533,382,912,1016
9,22,14,29,78,1.2,230,614,299,878,1016
9,22,15,29.1,76,1.5,182,636,239,765,1016
9,22,16,29,76,1.8,194,662,162,595,1016
9,22,17,28.4,78,1.8,280,615,101,369,1016
9,22,18,27.4,79,1.2,312,327,56,118,1015
9,22,19,26.3,81,1.5,258,0,0,0,1015
9,22,20,25.7,86,0.9,281,0,0,0,1015
9,22,21,25.1,87,0.3,240,0,0,0,1015
9,22,22,24.4,92,0.3,282,0,0,0,1015
9,22,23,23.8,93,0.3,188,0,0,0,1015
9,22,24,23.2,93,0.3,183,0,0,0,1015
9,23,1,22.8,94,0.3,176,0,0,0,1015
9,23,2,22.4,95,0.3,212,0,0,0,1014
9,23,3,21.9,95,0.5,232,0,0,0,1014
9,23,4,21.7,95,0.7,217,0,0,0,1014
9,23,5,21.4,96,0.2,150,0,0,0,1014
9,23,6,21.3,98,0.2,176,0,0,0,1014
9,23,7,21.7,95,0.2,172,0,29,29,1014
9,23,8,23.5,92,0.3,166,455,127,277,1014
9,23,9,24.2,92,0.5,197,158,266,354,1014
9,23,10,25.4,84,0.9,194,157,377,495,1013
9,23,11,25.8,90,1.5,73,52,435,482,1013
9,23,12,25.4,92,2.1,26,38,332,369,1013
9,23,13,26.6,90,2.1,356,190,483,672,1013
9,23,14,27.2,81,2.7,336,288,427,699,1013
9,23,15,27.6,80,3.1,335,481,314,711,1013
9,23,16,28,77,3.1,68,819,180,714,1013
9,23,17,27.8,77,3.1,115,834,67,429,1013
9,23,18,27.1,79,2.4,63,546,53,155,1013
9,23,19,26.2,84,1.5,124,0,3,3,1013
9,23,20,25.8,87,1.2,67,0,0,0,1013
9,23,21,25.4,90,0.9,197,0,0,0,1012
9,23,22,25,92,0.7,182,0,0,0,1012
9,23,23,24.6,93,0.5,164,0,0,0,1012
9,23,24,24.2,92,0.5,185,0,0,0,1012
9,24,1,24,92,1.5,223,0,0,0,1012
9,24,2,23.9,95,1.8,167,0,0,0,1012
9,24,3,23.7,96,1.5,119,0,0,0,1012
9,24,4,23.6,96,1.5,54,0,0,0,1012
9,24,5,23.6,97,1.8,12,0,0,0,1012
9,24,6,23.5,100,1.8,183,0,0,0,1012
9,24,7,23.6,98,1.8,167,0,5,5,1012
9,24,8,24.7,96,1.5,189,97,133,165,1012
9,24,9,25.6,96,1.8,185,61,248,282,1011
9,24,10,25.7,90,1.5,150,9,181,188,1011
9,24,11,27.2,88,1.2,182,261,450,685,1011
9,24,12,28.4,83,0.9,175,378,435,805,1011
9,24,13,29,81,1.2,153,196,482,677,1011
9,24,14,29.3,79,1.5,212,122,449,564,1011
9,24,15,29.7,76,1.5,187,330,385,657,1011
9,24,16,29.3,88,1.8,201,29,237,256,1011
9,24,17,28.5,90,2.1,176,0,35,35,1011
9,24,18,27.7,90,2.1,189,0,42,42,1011
9,24,19,27,92,2.4,144,0,0,0,1011
9,24,20,26.5,93,3.1,158,0,0,0,1011
9,24,21,25.6,95,3.1,24,0,0,0,1011
9,24,22,26,91,2.7,119,0,0,0,1011
9,24,23,25.6,92,2.7,154,0,0,0,1011
9,24,24,25.3,96,2.4,141,0,0,0,1011
9,25,1,24.7,97,2.4,227,0,0,0,1011
9,25,2,24.1,98,2.1,132,0,0,0,1011
9,25,3,23.4,98,2.1,198,0,0,0,1012
9,25,4,23.3,98,2.1,175,0,0,0,1012
9,25,5,22.8,99,1.8,274,0,0,0,1012
9,25,6,22.1,99,1.5,259,0,0,0,1012
9,25,7,22.8,98,1.8,286,0,5,5,1012
9,25,8,23.6,98,1.5,199,1,112,112,1012
9,25,9,24.3,96,1.2,199,10,213,219,1012
9,25,10,25.1,94,1.2,191,21,317,332,1012
9,25,11,26,91,1.5,272,94,429,513,1012
9,25,12,26.6,87,1.2,255,36,482,517,1012
9,25,13,27.1,84,0.9,254,74,451,524,1012
9,25,14,27.7,82,0.9,277,287,427,697,1012
9,25,15,28.2,80,0.9,266,523,290,721,1012
9,25,16,28.4,80,0.5,188,510,225,557,1011
9,25,17,28,80,0.5,288,213,182,274,1011
9,25,18,27.5,85,0.5,247,388,76,147,1011
9,25,19,26.8,86,0.9,209,0,3,3,1011
9,25,20,26.4,88,0.7,239,0,0,0,1011
9,25,21,25.9,91,0.9,258,0,0,0,1011
9,25,22,25.5,94,1.2,193,0,0,0,1011
9,25,23,25.1,95,1.2,190,0,0,0,1011
9,25,24,24.5,98,1.8,191,0,0,0,1011
9,26,1,24.3,99,1.5,160,0,0,0,1011
9,26,2,24,99,1.8,162,0,0,0,1011
9,26,3,23.7,99,1.8,258,0,0,0,1010
9,26,4,23.6,99,1.8,257,0,0,0,1010
9,26,5,23.2,99,2.1,266,0,0,0,1010
9,26,6,23.2,98,2.4,203,0,0,0,1010
9,26,7,23.5,99,1.5,186,0,14,14,1010
9,26,8,24.3,98,1.5,209,63,131,152,1010
9,26,9,24.8,98,1.5,175,5,186,189,1010
9,26,10,25,93,1.8,146,7,172,178,1010
9,26,11,25.5,96,1.5,172,80,422,493,1010
9,26,12,26.2,90,2.1,218,67,388,453,1010
9,26,13,27.4,84,1.8,173,389,450,836,1010
9,26,14,27.9,83,2.1,202,208,425,621,1009
9,26,15,27.2,90,2.4,260,3,163,166,1009
9,26,16,26.9,90,2.4,287,0,151,151,1009
9,26,17,26.7,90,2.1,248,35,178,193,1009
9,26,18,26.3,90,2.4,261,40,68,76,1009
9,26,19,25.8,95,2.7,318,0,1,1,1008
9,26,20,25.7,94,3.1,293,0,0,0,1008
9,26,21,23.9,99,3.1,313,0,0,0,1008
9,26,22,25,94,3.1,311,0,0,0,1008
9,26,23,24.6,95,2.7,264,0,0,0,1008
9,26,24,25.1,92,3.1,196,0,0,0,1008
9,27,1,23.3,99,3.8,256,0,0,0,1007
9,27,2,24.3,99,3.1,190,0,0,0,1007
9,27,3,24.4,99,3.8,191,0,0,0,1007
9,27,4,24.4,98,3.1,209,0,0,0,1007
9,27,5,24.2,99,3.1,203,0,0,0,1007
9,27,6,24.1,98,3.8,220,0,0,0,1007
9,27,7,24.4,94,3.8,221,0,5,5,1006
9,27,8,24.8,95,3.8,207,0,53,53,1006
9,27,9,25.1,96,3.8,197,0,92,92,1006
9,27,10,25.5,96,3.1,237,0,142,142,1006
9,27,11,25.6,97,2.7,200,0,160,160,1006
9,27,12,25.8,98,2.7,181,2,185,187,1006
9,27,13,26.1,95,3.1,178,3,193,195,1005
9,27,14,26.1,95,2.7,192,2,173,174,1006
9,27,15,26.2,93,3.1,179,0,146,147,1006
9,27,16,26.2,94,3.8,233,0,112,112,1006
9,27,17,26,94,2.7,208,0,59,59,1006
9,27,18,25.6,98,2.7,219,0,18,18,1007
9,27,19,24.8,98,2.1,210,0,0,0,1007
9,27,20,24.7,99,2.1,247,0,0,0,1007
9,27,21,23.1,99,2.1,196,0,0,0,1007
9,27,22,23.5,99,1.5,292,0,0,0,1007
9,27,23,22.5,99,1.5,278,0,0,0,1008
9,27,24,23.3,99,1.8,191,0,0,0,1008
9,28,1,23.7,96,2.1,196,0,0,0,1008
9,28,2,23.3,98,2.1,186,0,0,0,1008
9,28,3,22.8,98,1.8,208,0,0,0,1009
9,28,4,22.7,99,1.5,199,0,0,0,1009
9,28,5,22.4,99,1.5,272,0,0,0,1009
9,28,6,22.3,99,1.5,265,0,0,0,1009
9,28,7,22.1,98,1.5,196,0,5,5,1010
9,28,8,23.1,98,1.2,243,27,123,132,1010
9,28,9,24,98,0.9,184,29,254,271,1010
9,28,10,24.8,94,0.7,184,36,330,357,1010
9,28,11,25.8,90,0.7,211,154,444,582,1010
9,28,12,26.5,89,0.7,252,70,485,554,1011
9,28,13,26.8,90,0.7,236,71,494,564,1011
9,28,14,27.3,82,0.9,157,101,480,574,1011
9,28,15,27.5,84,1.2,227,153,397,522,1011
9,28,16,27.4,86,1.5,192,103,300,367,1011
9,28,17,27,90,1.5,207,115,188,237,1011
9,28,18,26.4,90,1.5,148,228,62,102,1010
9,28,19,25.8,90,1.5,193,0,1,1,1010
9,28,20,25.4,90,1.5,140,0,0,0,1010
9,28,21,24.9,92,1.5,65,0,0,0,1010
9,28,22,24.1,99,1.5,120,0,0,0,1010
9,28,23,23.1,99,1.2,179,0,0,0,1010
9,28,24,23.5,99,0.9,183,0,0,0,1010
9,29,1,23,99,1.2,139,0,0,0,1010
9,29,2,23.2,98,1.2,16,0,0,0,1010
9,29,3,22.9,99,0.9,15,0,0,0,1010
9,29,4,22.8,99,0.5,121,0,0,0,1010
9,29,5,22.5,98,0.4,180,0,0,0,1010
9,29,6,22.5,98,0.5,187,0,0,0,1009
9,29,7,22.8,98,0.4,162,0,20,20,1009
9,29,8,23.2,99,0.4,151,31,125,135,1009
9,29,9,24.2,99,0.4,135,79,270,315,1009
9,29,10,25.1,94,0.4,214,85,361,426,1009
9,29,11,26,91,0.4,249,140,447,572,1009
9,29,12,26.7,84,0.7,186,189,474,659,1009
9,29,13,26.8,90,0.7,192,56,430,485,1009
9,29,14,26.6,90,0.9,230,6,253,259,1009
9,29,15,25.6,92,0.9,229,1,161,162,1010
9,29,16,23.8,98,0.9,272,0,81,81,1010
9,29,17,25.2,90,0.9,198,0,32,32,1010
9,29,18,24,95,1.2,203,0,24,24,1011
9,29,19,24.6,96,1.2,184,0,0,0,1011
9,29,20,24.2,95,1.2,186,0,0,0,1011
9,29,21,23.9,93,1.5,199,0,0,0,1012
9,29,22,23.5,94,0.9,248,0,0,0,1012
9,29,23,23.2,91,0.9,267,0,0,0,1012
9,29,24,22.8,91,0.9,264,0,0,0,1013
9,30,1,22.4,94,0.4,266,0,0,0,1013
9,30,2,21.8,94,0.3,222,0,0,0,1013
9,30,3,21.3,94,0.7,184,0,0,0,1014
9,30,4,21,95,1.5,246,0,0,0,1014
9,30,5,20.7,96,0.3,184,0,0,0,1014
9,30,6,20.4,96,0.3,281,0,0,0,1015
9,30,7,20.6,96,0.3,262,0,25,25,1015
9,30,8,22.1,92,0.3,282,463,130,285,1015
9,30,9,23.6,89,0.5,307,832,77,547,1016
9,30,10,24.9,85,0.7,310,872,112,772,1016
9,30,11,26.1,82,1.8,287,854,162,929,1016
9,30,12,27,80,2.1,297,842,198,1020,1017
9,30,13,27.7,78,2.4,298,842,202,1036,1017
9,30,14,28.1,77,2.7,287,842,180,967,1017
9,30,15,28.1,77,2.4,288,793,173,819,1017
9,30,16,27.8,77,2.4,195,725,139,603,1017
9,30,17,27.1,79,2.1,199,570,114,354,1017
9,30,18,26.1,82,2.1,250,328,51,108,1017
9,30,19,25,85,1.2,177,0,0,0,1017
9,30,20,24.3,87,0.7,198,0,0,0,1017
9,30,21,23.6,89,0.4,253,0,0,0,1017
9,30,22,23,90,0.3,175,0,0,0,1017
9,30,23,22.3,92,0.3,173,0,0,0,1017
9,30,24,21.6,94,0.2,193,0,0,0,1016
10,1,1,21.3,91,0.1,226,0,0,0,1016
10,1,2,21.1,93,0.1,227,0,0,0,1016
10,1,3,20.8,93,0.2,158,0,0,0,1015
10,1,4,20.7,94,0.2,174,0,0,0,1015
10,1,5,20.5,93,0,220,0,0,0,1015
10,1,6,20.4,93,0,186,0,0,0,1015
10,1,7,20.8,95,0.1,185,0,22,22,1015
10,1,8,22.6,88,0.1,202,366,128,250,1015
10,1,9,24.3,83,0.2,153,512,186,476,1015
10,1,10,25.9,74,0.4,185,516,269,660,1015
10,1,11,27.4,70,0.8,145,547,319,811,1015
10,1,12,28.6,67,0.8,177,561,346,894,1015
10,1,13,29.5,65,0.9,193,606,336,935,1015
10,1,14,30.1,63,0.8,218,632,286,876,1015
10,1,15,30.3,63,0.9,149,626,257,765,1015
10,1,16,30.2,63,0.7,93,752,129,609,1015
10,1,17,29.6,64,0.7,176,664,85,363,1015
10,1,18,28.5,67,0.4,222,454,44,121,1015
10,1,19,27.3,70,0.2,252,0,1,1,1015
10,1,20,26.6,73,0.1,230,0,0,0,1015
10,1,21,25.9,76,0.1,205,0,0,0,1015
10,1,22,25.2,78,0,223,0,0,0,1015
10,1,23,24.5,81,0,197,0,0,0,1015
10,1,24,23.7,83,0,230,0,0,0,1015
10,2,1,23.1,86,0,201,0,0,0,1015
10,2,2,22.3,88,0,188,0,0,0,1015
10,2,3,21.6,92,0.1,198,0,0,0,1015
10,2,4,21.2,93,0.1,166,0,0,0,1015
10,2,5,20.8,96,0,225,0,0,0,1015
10,2,6,20.5,95,0,202,0,0,0,1015
10,2,7,20.7,95,0,213,0,22,22,1015
10,2,8,22.4,92,0.1,219,391,125,257,1015
10,2,9,24.1,86,0.2,228,628,145,501,1015
10,2,10,25.6,76,0.4,194,609,236,698,1015
10,2,11,26.9,73,0.7,219,611,295,843,1015
10,2,12,28,73,0.9,225,580,367,934,1015
10,2,13,28.8,70,1.2,179,594,367,954,1015
10,2,14,29.2,71,1.4,195,614,321,892,1015
10,2,15,29.4,71,1.4,165,632,236,749,1015
10,2,16,29.1,74,1.6,242,649,162,575,1015
10,2,17,28.4,76,1.9,229,595,101,349,1014
10,2,18,27.3,80,1.9,203,383,48,113,1014
10,2,19,26.2,83,1,205,0,0,0,1014
10,2,20,25.7,90,0.9,193,0,0,0,1014
10,2,21,25.1,90,0.2,224,0,0,0,1013
10,2,22,24.6,91,0.2,191,0,0,0,1013
10,2,23,24.1,93,0.2,168,0,0,0,1013
10,2,24,23.6,96,0.2,241,0,0,0,1013
10,3,1,23.4,94,0.7,167,0,0,0,1012
10,3,2,23.2,96,0.8,217,0,0,0,1012
10,3,3,23,97,0.7,179,0,0,0,1012
10,3,4,22.8,97,0.8,161,0,0,0,1012
10,3,5,22.7,98,0.8,8,0,0,0,1012
10,3,6,22.7,95,0.7,142,0,0,0,1011
10,3,7,22.7,96,0.6,182,0,5,5,1011
10,3,8,22.1,99,0.6,192,0,69,69,1011
10,3,9,24.1,93,0.6,186,18,220,230,1011
10,3,10,24.4,92,0.4,159,4,182,185,1010
10,3,11,25.1,92,0.4,171,27,382,406,1010
10,3,12,26.3,89,0.4,223,57,425,481,1010
10,3,13,27.3,89,0.4,214,172,483,652,1010
10,3,14,28.2,89,0.4,218,332,425,734,1010
10,3,15,28.4,89,0.4,224,104,382,466,1010
10,3,16,28.5,78,0.4,272,152,304,400,1010
10,3,17,28.3,75,0.3,217,250,178,282,1011
10,3,18,27.8,76,0.2,247,344,72,130,1011
10,3,19,27.1,77,0.2,204,0,1,1,1011
10,3,20,26.6,82,0.2,225,0,0,0,1011
10,3,21,26,89,0.3,284,0,0,0,1011
10,3,22,25.6,94,0.6,224,0,0,0,1011
10,3,23,25,95,0.7,229,0,0,0,1012
10,3,24,24.5,96,0.8,238,0,0,0,1012
10,4,1,23.9,93,0.3,274,0,0,0,1012
10,4,2,23.2,93,0.3,222,0,0,0,1012
10,4,3,22.7,94,0.8,257,0,0,0,1012
10,4,4,22.1,97,0.8,211,0,0,0,1013
10,4,5,22.1,96,0.4,280,0,0,0,1013
10,4,6,21.9,97,0.6,291,0,0,0,1013
10,4,7,22.1,97,0.4,223,0,19,19,1013
10,4,8,23.6,94,0.7,196,225,142,218,1013
10,4,9,24.9,93,0.8,217,297,236,404,1013
10,4,10,26.4,84,1,207,411,313,625,1014
10,4,11,27.6,80,1.9,276,411,378,746,1014
10,4,12,28.6,81,2.9,265,442,388,819,1014
10,4,13,29.3,78,3.7,262,360,454,809,1014
10,4,14,29.8,74,4.9,302,494,348,808,1014
10,4,15,30,75,6.6,271,577,269,735,1014
10,4,16,30,75,6.6,258,629,171,570,1014
10,4,17,29.3,76,8.1,340,462,130,321,1014
10,4,18,28.4,78,4.9,325,309,62,113,1014
10,4,19,27.3,81,3.7,291,0,0,0,1014
10,4,20,26.8,86,2.3,283,0,0,0,1013
10,4,21,26.2,89,1.2,225,0,0,0,1013
10,4,22,25.7,91,0.8,233,0,0,0,1013
10,4,23,25.1,93,0.6,212,0,0,0,1013
10,4,24,24.5,98,0.4,289,0,0,0,1013
10,5,1,24.2,96,0.3,253,0,0,0,1013
10,5,2,23.8,98,0.2,263,0,0,0,1013
10,5,3,23.5,98,0.6,279,0,0,0,1013
10,5,4,23.3,100,0.7,284,0,0,0,1013
10,5,5,23.1,100,0.2,263,0,0,0,1012
10,5,6,23,100,0.2,255,0,0,0,1012
10,5,7,23.4,100,0.3,299,0,27,27,1012
10,5,8,24.5,100,0.3,301,121,138,179,1012
10,5,9,25.4,98,0.6,251,55,260,291,1012
10,5,10,26.4,94,0.9,273,91,368,437,1012
10,5,11,27.5,88,1.2,270,192,443,616,1012
10,5,12,28.3,85,1.6,306,180,453,629,1012
10,5,13,29.7,80,1.6,249,803,262,1053,1012
10,5,14,30,79,1.9,272,270,405,655,1012
10,5,15,29.8,78,2.3,217,67,343,397,1012
10,5,16,29.7,79,2.9,188,241,287,439,1012
10,5,17,29.1,80,3.7,266,147,176,236,1012
10,5,18,28.2,89,2.9,262,0,9,9,1012
10,5,19,27.4,89,1.9,230,0,0,0,1012
10,5,20,26.9,93,1,187,0,0,0,1012
10,5,21,26.3,89,0.7,215,0,0,0,1012
10,5,22,25.8,91,0.6,194,0,0,0,1012
10,5,23,24.7,95,0.4,272,0,0,0,1012
10,5,24,24.6,96,0.4,203,0,0,0,1012
10,6,1,24.3,98,0.3,240,0,0,0,1012
10,6,2,23.8,97,0.6,199,0,0,0,1013
10,6,3,23.3,99,0.9,335,0,0,0,1013
10,6,4,23,98,0.9,348,0,0,0,1013
10,6,5,22.6,98,0.3,4,0,0,0,1013
10,6,6,22.1,99,0.2,177,0,0,0,1013
10,6,7,22.8,99,0.2,358,0,19,19,1013
10,6,8,24,97,0.3,324,157,138,192,1013
10,6,9,25.4,94,0.6,75,287,242,405,1013
10,6,10,26.9,83,0.9,149,399,316,619,1013
10,6,11,28.2,77,1.2,201,394,388,742,1013
10,6,12,29.1,72,1.9,222,397,418,805,1013
10,6,13,29.9,71,2.3,213,456,392,841,1013
10,6,14,30.3,69,2.9,196,391,392,754,1013
10,6,15,30.4,71,3.7,216,361,355,645,1013
10,6,16,30.1,83,2.9,203,233,297,443,1013
10,6,17,29.5,73,2.3,205,375,145,298,1013
10,6,18,28.6,72,2.9,197,202,54,87,1013
10,6,19,27.6,74,1.9,216,0,0,0,1013
10,6,20,27.1,80,1.4,255,0,0,0,1013
10,6,21,26.5,81,0.9,238,0,0,0,1013
10,6,22,25.9,83,0.8,229,0,0,0,1013
10,6,23,25.4,83,0.8,203,0,0,0,1013
10,6,24,24.8,85,0.8,225,0,0,0,1013
10,7,1,24.4,89,0.8,158,0,0,0,1013
10,7,2,23.9,86,0.8,199,0,0,0,1013
10,7,3,23.5,87,1,216,0,0,0,1013
10,7,4,23.2,87,0.9,213,0,0,0,1013
10,7,5,23,90,0.3,201,0,0,0,1013
10,7,6,22.9,91,0.3,245,0,0,0,1013
10,7,7,23.1,90,0.4,222,0,21,21,1013
10,7,8,24.3,91,0.6,181,176,138,197,1013
10,7,9,25.9,85,0.8,186,338,243,435,1013
10,7,10,27.5,79,1.2,197,541,264,674,1013
10,7,11,28.7,73,1.9,192,422,378,755,1013
10,7,12,29.5,72,2.3,184,289,469,750,1013
10,7,13,30.2,70,2.9,203,428,408,828,1013
10,7,14,30.6,71,3.7,189,410,391,770,1013
10,7,15,30.5,72,3.7,172,197,384,542,1013
10,7,16,29.5,86,4.9,171,98,293,354,1013
10,7,17,29.2,89,4.9,194,117,189,237,1012
10,7,18,28.4,89,4.9,177,95,67,82,1012
10,7,19,27.6,89,2.3,166,0,0,0,1012
10,7,20,27.1,97,1.9,221,0,0,0,1012
10,7,21,26.7,96,1.2,229,0,0,0,1012
10,7,22,26.2,97,1,182,0,0,0,1012
10,7,23,25.8,96,1,189,0,0,0,1011
10,7,24,25.3,96,0.9,192,0,0,0,1011
10,8,1,25,94,1.4,208,0,0,0,1011
10,8,2,24.6,94,1.6,222,0,0,0,1011
10,8,3,24.3,96,1.6,246,0,0,0,1011
10,8,4,24.1,98,1.6,183,0,0,0,1011
10,8,5,24,98,1.6,227,0,0,0,1011
10,8,6,23.9,99,1.9,220,0,0,0,1010
10,8,7,24.3,99,1.9,193,0,42,42,1010
10,8,8,25.3,98,1.9,203,213,139,212,1010
10,8,9,27.2,88,1.6,232,756,214,643,1010
10,8,10,28.3,81,1.9,189,561,269,694,1010
10,8,11,29.1,77,1.9,217,401,401,760,1010
10,8,12,28.7,79,1.9,179,34,314,347,1009
10,8,13,28.5,80,1.6,245,16,330,346,1009
10,8,14,28.6,80,1.6,191,116,387,494,1009
10,8,15,27.9,82,2.3,205,0,111,111,1009
10,8,16,27.3,89,1.9,166,0,55,55,1009
10,8,17,26.4,92,1.9,217,0,33,33,1010
10,8,18,24.9,99,2.3,208,0,10,10,1010
10,8,19,25.6,94,2.3,246,0,0,0,1010
10,8,20,25.5,96,1.9,215,0,0,0,1010
10,8,21,25.4,96,1.6,227,0,0,0,1010
10,8,22,25.1,96,1.6,229,0,0,0,1010
10,8,23,24.8,98,1.6,198,0,0,0,1010
10,8,24,24.3,99,1.6,89,0,0,0,1010
10,9,1,24.3,98,1.6,347,0,0,0,1010
10,9,2,24.3,98,1.4,108,0,0,0,1010
10,9,3,24,98,1.4,187,0,0,0,1010
10,9,4,23.9,98,1.6,175,0,0,0,1010
10,9,5,23,99,1.9,183,0,0,0,1010
10,9,6,23.5,98,1.9,191,0,0,0,1010
10,9,7,23.8,99,1.6,173,0,10,10,1010
10,9,8,25,97,1.4,189,96,139,172,1010
10,9,9,26.4,94,1.2,211,120,285,354,1010
10,9,10,27.3,89,1.2,144,74,351,407,1010
10,9,11,27.5,89,1.2,219,15,334,347,1010
10,9,12,28,82,1.4,207,16,389,405,1011
10,9,13,28.4,83,1.4,218,37,437,474,1011
10,9,14,28.9,81,1.4,226,124,441,555,1011
10,9,15,29.4,78,1.2,225,315,371,623,1010
10,9,16,29.6,79,1.4,214,622,171,559,1010
10,9,17,29.5,81,1.2,202,569,109,339,1010
10,9,18,28.9,83,1.4,201,417,57,123,1010
10,9,19,28.1,89,1.4,202,0,1,1,1010
10,9,20,27.7,93,1.4,200,0,0,0,1010
10,9,21,27.3,95,1.4,180,0,0,0,1010
10,9,22,27,94,1.4,194,0,0,0,1010
10,9,23,26.6,98,1.4,191,0,0,0,1010
10,9,24,26.3,99,1.6,178,0,0,0,1010
10,10,1,26,100,1.6,209,0,0,0,1010
10,10,2,25.8,100,1.9,230,0,0,0,1010
10,10,3,25.5,100,1.6,204,0,0,0,1010
10,10,4,25.4,100,1.4,257,0,0,0,1010
10,10,5,25.3,100,1.6,255,0,0,0,1010
10,10,6,25.1,98,1.9,293,0,0,0,1009
10,10,7,25.4,99,2.3,281,0,17,17,1009
10,10,8,25.7,99,2.3,259,0,94,94,1009
10,10,9,26.2,99,1.9,270,14,215,223,1009
10,10,10,28.1,98,2.3,269,221,368,536,1009
10,10,11,29.4,92,2.9,240,345,414,722,1009
10,10,12,30.3,89,2.9,239,287,425,703,1009
10,10,13,30.2,89,2.9,183,23,324,347,1009
10,10,14,30.1,89,2.9,152,13,345,358,1009
10,10,15,30,90,2.9,207,20,313,329,1009
10,10,16,29.7,92,2.9,210,20,239,251,1009
10,10,17,29,96,2.9,223,0,30,30,1009
10,10,18,28.2,99,4.9,227,0,10,10,1009
10,10,19,27.8,97,4.9,205,0,0,0,1009
10,10,20,27.7,98,4.9,210,0,0,0,1009
10,10,21,27.4,97,4.9,276,0,0,0,1009
10,10,22,27,98,3.7,204,0,0,0,1009
10,10,23,25.2,99,3.7,218,0,0,0,1009
10,10,24,25.9,99,3.7,234,0,0,0,1009
10,11,1,26,99,2.9,223,0,0,0,1009
10,11,2,25.4,99,2.3,228,0,0,0,1009
10,11,3,24.3,99,2.3,230,0,0,0,1009
10,11,4,25.4,99,1.6,249,0,0,0,1009
10,11,5,25.4,98,1.4,220,0,0,0,1009
10,11,6,25.4,99,1.6,224,0,0,0,1009
10,11,7,25.5,99,1.6,221,0,6,6,1009
10,11,8,26.2,99,1.4,82,0,106,106,1009
10,11,9,27.1,96,1.4,196,12,222,228,1009
10,11,10,27.8,91,1.2,349,21,320,336,1009
10,11,11,28.6,89,1.4,16,40,437,473,1009
10,11,12,29.5,81,1.6,347,62,473,533,1009
10,11,13,30,79,1.9,192,48,461,508,1009
10,11,14,30.4,81,1.6,160,122,442,554,1009
10,11,15,30.5,82,1.9,197,82,367,433,1009
10,11,16,30.4,82,2.3,196,31,277,296,1009
10,11,17,30,83,2.3,93,29,172,184,1009
10,11,18,29.4,86,1.9,189,0,50,50,1009
10,11,19,28.8,89,1.9,89,0,0,0,1009
10,11,20,28.4,92,1.9,81,0,0,0,1009
10,11,21,28.1,97,1.9,214,0,0,0,1009
10,11,22,27.5,97,1.9,222,0,0,0,1009
10,11,23,27.2,97,1.9,224,0,0,0,1009
10,11,24,26.9,98,1.6,216,0,0,0,1009
10,12,1,26.6,99,1.6,196,0,0,0,1009
10,12,2,26,98,1.4,237,0,0,0,1009
10,12,3,25.8,98,1.6,267,0,0,0,1009
10,12,4,25.5,98,1.6,266,0,0,0,1008
10,12,5,24.9,99,1.4,282,0,0,0,1008
10,12,6,24.4,99,1.4,286,0,0,0,1008
10,12,7,25.1,99,1.6,244,0,5,5,1008
10,12,8,26.3,98,1.9,265,29,128,138,1008
10,12,9,27,96,1.4,263,7,207,211,1008
10,12,10,27.8,91,1.6,259,21,323,339,1008
10,12,11,28.4,89,1.6,224,20,373,391,1008
10,12,12,28.3,92,1.4,258,15,374,388,1008
10,12,13,27,98,1.4,250,12,347,359,1008
10,12,14,29.1,89,1.4,280,25,365,388,1008
10,12,15,29.4,89,1.2,251,35,365,393,1009
10,12,16,29.2,92,1.4,235,15,243,253,1009
10,12,17,28.9,94,1.2,225,10,151,155,1009
10,12,18,28.2,96,1.2,194,1,51,51,1009
10,12,19,28,92,1,355,0,0,0,1009
10,12,20,27.5,96,1.2,203,0,0,0,1010
10,12,21,26.9,95,1.2,197,0,0,0,1010
10,12,22,26.4,93,1,181,0,0,0,1010
10,12,23,25.9,92,1,188,0,0,0,1010
10,12,24,25.3,91,0.8,185,0,0,0,1011
10,13,1,24.9,93,0.4,169,0,0,0,1011
10,13,2,24.3,94,0.3,247,0,0,0,1011
10,13,3,23.8,96,0.7,201,0,0,0,1011
10,13,4,23.6,96,0.6,228,0,0,0,1012
10,13,5,23.3,96,0.2,222,0,0,0,1012
10,13,6,23.1,96,0.1,184,0,0,0,1012
10,13,7,23.5,98,0.1,184,0,30,30,1012
10,13,8,25.2,93,0.1,177,431,124,271,1013
10,13,9,26.8,90,0.2,167,540,177,484,1013
10,13,10,27.9,89,0.6,199,283,355,570,1013
10,13,11,29,81,0.7,218,304,426,698,1013
10,13,12,30.1,79,0.9,198,521,372,875,1013
10,13,13,30.7,78,1.2,241,383,437,810,1014
10,13,14,30.8,86,1.2,202,220,482,684,1014
10,13,15,30.5,88,1.2,242,289,362,591,1013
10,13,16,30.8,82,1.2,216,462,227,512,1013
10,13,17,30.2,84,1.2,250,504,125,325,1013
10,13,18,29.3,88,0.9,190,346,57,108,1013
10,13,19,28.3,88,0.6,235,0,0,0,1013
10,13,20,27.8,91,0.4,197,0,0,0,1013
10,13,21,27.2,94,0.2,197,0,0,0,1012
10,13,22,26.7,94,0.2,212,0,0,0,1012
10,13,23,26.2,96,0,199,0,0,0,1012
10,13,24,25.7,98,0.1,203,0,0,0,1012
10,14,1,25.4,100,0.2,250,0,0,0,1012
10,14,2,25.1,100,0.2,241,0,0,0,1012
10,14,3,24.8,100,0.2,304,0,0,0,1011
10,14,4,24.6,100,0.2,300,0,0,0,1011
10,14,5,24.4,98,0.2,304,0,0,0,1011
10,14,6,24.4,99,0.2,301,0,0,0,1011
10,14,7,24.4,98,0.2,311,0,6,6,1011
10,14,8,26,98,0.2,253,183,143,205,1011
10,14,9,26.6,98,0.2,262,57,263,295,1010
10,14,10,26.4,99,0.2,243,38,361,389,1010
10,14,11,28.1,91,0.2,242,17,349,364,1010
10,14,12,28.8,89,0.2,272,38,432,468,1010
10,14,13,28.9,89,0.2,234,20,363,383,1010
10,14,14,28.9,89,0.2,235,35,354,386,1010
10,14,15,29,92,0.2,235,228,374,554,1010
10,14,16,29.7,84,0.2,206,343,254,464,1010
10,14,17,29.5,85,0.2,220,283,160,271,1011
10,14,18,28.9,83,0.2,224,276,67,107,1011
10,14,19,28.3,83,0.3,172,0,0,0,1011
10,14,20,27.6,89,0.2,176,0,0,0,1011
10,14,21,27,92,0.2,212,0,0,0,1011
10,14,22,26.4,94,0.3,167,0,0,0,1012
10,14,23,25.8,97,0.2,182,0,0,0,1012
10,14,24,25.1,95,0.2,174,0,0,0,1012
10,15,1,24.6,98,0,217,0,0,0,1012
10,15,2,24,97,0.1,199,0,0,0,1012
10,15,3,23.4,96,0.3,211,0,0,0,1013
10,15,4,23.1,98,0.2,220,0,0,0,1013
10,15,5,22.7,98,0.1,172,0,0,0,1013
10,15,6,22.5,98,0.1,202,0,0,0,1013
10,15,7,22.8,98,0,226,0,25,25,1014
10,15,8,24.5,97,0.1,138,347,134,253,1014
10,15,9,26.1,94,0.2,183,576,160,488,1014
10,15,10,27.6,86,0.4,220,548,260,674,1014
10,15,11,28.8,81,0.8,198,513,327,784,1014
10,15,12,29.8,77,1,238,540,343,864,1015
10,15,13,30.5,75,1,208,543,348,876,1015
10,15,14,30.9,72,1,268,559,303,813,1015
10,15,15,31.1,73,1.2,270,567,264,712,1014
10,15,16,30.8,73,1.2,333,601,173,542,1014
10,15,17,30.2,74,1.2,303,542,110,323,1014
10,15,18,29.1,77,1.2,308,282,51,93,1014
10,15,19,28.1,78,0.9,261,0,0,0,1014
10,15,20,27.5,81,0.6,329,0,0,0,1013
10,15,21,26.9,84,0.3,279,0,0,0,1013
10,15,22,26.3,89,0.2,293,0,0,0,1013
10,15,23,25.7,91,0.1,295,0,0,0,1013
10,15,24,25.1,91,0.2,298,0,0,0,1013
10,16,1,24.7,92,0.4,312,0,0,0,1012
10,16,2,24.4,91,0.3,259,0,0,0,1012
10,16,3,24,93,0.4,221,0,0,0,1012
10,16,4,23.8,95,0.3,297,0,0,0,1012
10,16,5,23.6,96,0.4,263,0,0,0,1012
10,16,6,23.4,98,0.6,247,0,0,0,1011
10,16,7,24.1,95,0.7,208,0,43,43,1011
10,16,8,24,97,0.7,197,0,53,53,1011
10,16,9,23.3,99,0.6,187,0,103,103,1011
10,16,10,24.8,94,0.4,194,9,223,229,1011
10,16,11,25.9,90,0.4,143,35,404,435,1010
10,16,12,27,89,0.6,167,233,439,664,1010
10,16,13,28.6,78,0.4,174,690,324,994,1010
10,16,14,28.8,81,0.4,163,122,382,493,1010
10,16,15,29.1,80,0.3,200,244,357,549,1010
10,16,16,28.4,92,0.4,151,26,222,237,1010
10,16,17,28.3,82,0.3,222,191,165,240,1009
10,16,18,27.8,84,0.2,192,246,57,92,1009
10,16,19,27.1,87,0.3,227,0,0,0,1009
10,16,20,26.8,89,0.4,221,0,0,0,1009
10,16,21,26.2,93,0.6,231,0,0,0,1009
10,16,22,26.4,94,0.6,228,0,0,0,1009
10,16,23,26.1,95,0.4,233,0,0,0,1008
10,16,24,25.8,93,0.4,295,0,0,0,1008
10,17,1,25.6,94,0.6,255,0,0,0,1008
10,17,2,25.4,94,0.3,217,0,0,0,1008
10,17,3,25.2,93,0.6,254,0,0,0,1008
10,17,4,24.6,98,0.6,229,0,0,0,1008
10,17,5,24.7,99,0.6,207,0,0,0,1007
10,17,6,23.7,99,0.4,201,0,0,0,1007
10,17,7,25,93,0.6,213,0,6,6,1007
10,17,8,25.3,93,0.6,236,0,73,73,1007
10,17,9,25.9,92,0.6,206,0,144,144,1007
10,17,10,26.3,90,0.8,205,3,183,185,1007
10,17,11,26.7,90,0.7,198,2,211,212,1006
10,17,12,27.1,89,0.7,219,7,263,269,1006
10,17,13,27.4,89,0.7,262,8,301,308,1006
10,17,14,27.7,89,0.7,218,10,296,305,1007
10,17,15,27.7,89,0.8,266,12,278,287,1007
10,17,16,27.8,82,0.8,226,1,180,180,1007
10,17,17,27,92,0.8,229,0,128,128,1008
10,17,18,27.1,92,0.8,235,0,36,36,1008
10,17,19,26.1,92,0.7,222,0,0,0,1009
10,17,20,26.1,92,0.8,193,0,0,0,1009
10,17,21,24,96,0.9,248,0,0,0,1009
10,17,22,25.4,89,0.8,219,0,0,0,1010
10,17,23,25,92,0.8,230,0,0,0,1010
10,17,24,24.3,92,0.8,203,0,0,0,1011
10,18,1,24,92,0.4,204,0,0,0,1011
10,18,2,23.3,93,0.4,234,0,0,0,1011
10,18,3,22.7,95,0.9,221,0,0,0,1012
10,18,4,22.3,96,0.9,229,0,0,0,1012
10,18,5,21.9,97,0.4,224,0,0,0,1013
10,18,6,21.6,96,0.4,205,0,0,0,1013
10,18,7,22,97,0.4,243,0,29,29,1013
10,18,8,24,94,0.4,213,436,124,272,1014
10,18,9,26,91,0.6,214,682,131,518,1014
10,18,10,27.8,89,0.8,226,725,183,729,1015
10,18,11,29.4,74,1,182,714,246,880,1015
10,18,12,30.6,70,1.4,12,640,328,943,1015
10,18,13,31.4,68,1.6,113,612,349,941,1016
10,18,14,31.9,65,1.6,177,638,300,878,1016
10,18,15,32,68,1.6,233,666,224,746,1016
10,18,16,31.5,70,1.4,190,652,150,546,1016
10,18,17,30.5,72,1.4,209,541,102,313,1016
10,18,18,29.2,78,1.2,200,263,47,84,1016
10,18,19,27.8,77,0.9,211,0,0,0,1016
10,18,20,26.9,82,0.6,189,0,0,0,1016
10,18,21,26,83,0.2,184,0,0,0,1016
10,18,22,25.1,90,0.2,171,0,0,0,1016
10,18,23,24.1,91,0.2,196,0,0,0,1016
10,18,24,23.2,94,0.2,231,0,0,0,1016
10,19,1,22.8,95,0.2,207,0,0,0,1016
10,19,2,22.3,93,0.1,204,0,0,0,1016
10,19,3,21.9,93,0.3,225,0,0,0,1016
10,19,4,21.6,92,0.3,242,0,0,0,1016
10,19,5,21.4,94,0.1,196,0,0,0,1016
10,19,6,21.2,96,0.2,208,0,0,0,1016
10,19,7,21.6,97,0.2,218,0,27,27,1016
10,19,8,23.3,90,0.3,209,410,127,267,1016
10,19,9,25.1,87,0.6,206,616,155,505,1016
10,19,10,26.6,79,0.9,159,618,234,700,1016
10,19,11,28,75,1.2,157,622,298,849,1016
10,19,12,29.1,71,1.4,167,596,353,925,1016
10,19,13,29.9,69,1.9,186,599,356,934,1016
10,19,14,30.4,68,2.3,184,651,292,881,1016
10,19,15,30.6,68,2.3,193,664,224,744,1015
10,19,16,30.3,69,2.3,190,659,150,549,1015
10,19,17,29.5,70,1.9,212,550,100,313,1015
10,19,18,28.4,75,1.2,192,279,46,85,1015
10,19,19,27.3,81,1,43,0,0,0,1015
10,19,20,26.7,88,0.7,198,0,0,0,1015
10,19,21,26.2,88,0.4,164,0,0,0,1015
10,19,22,25.6,90,0.3,190,0,0,0,1015
10,19,23,25.1,90,0.2,187,0,0,0,1015
10,19,24,24.5,92,0.2,190,0,0,0,1015
10,20,1,24.1,95,0.1,196,0,0,0,1015
10,20,2,23.7,96,0.1,168,0,0,0,1015
10,20,3,23.2,94,0.2,114,0,0,0,1015
10,20,4,23,96,0.3,177,0,0,0,1015
10,20,5,22.8,97,0,354,0,0,0,1015
10,20,6,22.6,100,0.1,185,0,0,0,1015
10,20,7,22.9,98,0,136,0,20,20,1015
10,20,8,24.4,96,0.1,17,284,141,238,1014
10,20,9,26.2,90,0.2,198,538,178,483,1014
10,20,10,27.8,83,0.4,231,632,223,698,1014
10,20,11,29.1,79,0.7,205,581,305,819,1014
10,20,12,30.2,76,0.9,174,546,356,879,1014
10,20,13,30.8,76,1.2,180,438,397,819,1014
10,20,14,31.1,73,1,193,384,408,756,1014
10,20,15,30.6,85,1.2,158,329,353,609,1014
10,20,16,30.8,74,0.9,168,465,217,497,1014
10,20,17,30.1,77,1,194,427,128,293,1013
10,20,18,29.1,84,0.9,160,219,51,81,1013
10,20,19,28,88,0.8,221,0,0,0,1013
10,20,20,27.6,91,0.6,219,0,0,0,1013
10,20,21,27.1,95,0.2,247,0,0,0,1012
10,20,22,26.6,96,0.2,246,0,0,0,1012
10,20,23,26.1,98,0.2,208,0,0,0,1012
10,20,24,25.7,100,0.2,226,0,0,0,1012
10,21,1,25.4,100,0.4,222,0,0,0,1012
10,21,2,25,100,0.6,204,0,0,0,1011
10,21,3,24.7,100,0.6,200,0,0,0,1011
10,21,4,24.5,100,0.6,201,0,0,0,1011
10,21,5,24.4,100,0.7,229,0,0,0,1011
10,21,6,24.2,100,0.9,182,0,0,0,1010
10,21,7,24.3,100,1.2,63,0,6,6,1010
10,21,8,25.3,99,1.2,186,36,130,143,1010
10,21,9,25.8,98,1,180,9,201,206,1010
10,21,10,26.6,97,0.9,199,31,344,367,1010
10,21,11,27.3,96,0.9,175,44,435,473,1009
10,21,12,28.3,92,0.9,215,115,466,576,1009
10,21,13,28.8,88,0.8,209,45,448,492,1009
10,21,14,28.9,90,0.8,200,31,423,452,1009
10,21,15,29,87,0.8,249,29,331,354,1009
10,21,16,28.2,92,0.6,214,23,249,263,1009
10,21,17,26.5,97,0.6,220,6,141,143,1009
10,21,18,27.7,89,0.4,244,22,48,51,1009
10,21,19,27.1,90,0.6,255,0,0,0,1008
10,21,20,26.8,89,0.6,230,0,0,0,1008
10,21,21,25.7,95,0.6,234,0,0,0,1008
10,21,22,25.8,94,0.6,197,0,0,0,1008
10,21,23,25.8,93,0.4,240,0,0,0,1008
10,21,24,25.4,91,0.7,248,0,0,0,1008
10,22,1,24.1,99,0.8,207,0,0,0,1008
10,22,2,24.8,92,0.9,273,0,0,0,1008
10,22,3,24.3,97,1,288,0,0,0,1008
10,22,4,24.4,95,1,286,0,0,0,1008
10,22,5,24.2,98,1.4,259,0,0,0,1008
10,22,6,24.2,99,1.2,293,0,0,0,1008
10,22,7,23.5,99,1.4,231,0,6,6,1008
10,22,8,24.6,96,1.6,245,0,83,83,1007
10,22,9,25.4,96,1.9,197,1,171,171,1007
10,22,10,26,93,2.3,223,9,262,268,1007
10,22,11,26.5,90,2.3,255,15,314,327,1007
10,22,12,27,85,2.3,217,22,334,355,1007
10,22,13,27.2,88,2.9,128,11,324,335,1007
10,22,14,27.4,88,3.7,209,15,321,335,1007
10,22,15,27.5,87,3.7,222,14,277,288,1007
10,22,16,27.4,86,2.9,212,7,205,209,1007
10,22,17,27.1,89,3.7,216,0,121,121,1008
10,22,18,24.7,99,2.3,224,0,30,30,1008
10,22,19,26,94,2.9,208,0,0,0,1008
10,22,20,25.8,96,2.9,218,0,0,0,1008
10,22,21,25,99,2.9,205,0,0,0,1008
10,22,22,25,96,3.7,224,0,0,0,1008
10,22,23,24.4,97,2.9,265,0,0,0,1008
10,22,24,23.8,99,3.7,221,0,0,0,1009
10,23,1,23.6,97,3.7,229,0,0,0,1009
10,23,2,22.5,99,2.9,190,0,0,0,1009
10,23,3,22.6,99,2.9,232,0,0,0,1009
10,23,4,22.7,99,2.3,272,0,0,0,1009
10,23,5,22.4,98,2.3,223,0,0,0,1009
10,23,6,22.2,98,3.7,206,0,0,0,1009
10,23,7,22.5,99,2.9,219,0,19,19,1010
10,23,8,23.4,98,3.7,224,41,131,145,1010
10,23,9,24.4,95,2.3,192,32,262,280,1010
10,23,10,24.9,95,2.3,199,19,288,302,1010
10,23,11,25.8,90,1.6,185,101,428,518,1010
10,23,12,26.4,90,1.6,174,69,474,540,1010
10,23,13,27.1,82,2.3,182,90,495,582,1010
10,23,14,27.3,83,1.9,185,79,427,498,1010
10,23,15,27.5,83,1.6,177,139,372,479,1010
10,23,16,27.5,85,1.4,333,270,267,429,1009
10,23,17,27.3,85,1.9,319,356,144,279,1009
10,23,18,26.6,88,1.6,331,251,62,96,1009
10,23,19,25.9,91,1.6,356,0,0,0,1008
10,23,20,25.7,92,1.2,198,0,0,0,1008
10,23,21,25.5,90,1,82,0,0,0,1008
10,23,22,25.3,93,1.2,172,0,0,0,1007
10,23,23,25.2,96,1,339,0,0,0,1007
10,23,24,25,95,0.9,5,0,0,0,1007
10,24,1,24.9,96,0.9,44,0,0,0,1007
10,24,2,25,99,0.8,20,0,0,0,1006
10,24,3,24.7,99,0.9,340,0,0,0,1006
10,24,4,24.9,97,1.2,342,0,0,0,1006
10,24,5,25.1,99,1,90,0,0,0,1005
10,24,6,25.1,98,1.2,330,0,0,0,1005
10,24,7,24.9,99,1.2,75,0,6,6,1005
10,24,8,24.5,99,1.2,337,0,23,23,1004
10,24,9,25.4,98,1.2,91,0,44,44,1004
10,24,10,25.1,99,1.6,2,0,65,65,1004
10,24,11,25.4,99,1.6,354,0,75,75,1003
10,24,12,24.5,99,1.6,5,0,86,86,1003
10,24,13,24.1,99,1.9,16,0,83,83,1003
10,24,14,26,98,2.9,341,0,75,75,1003
10,24,15,25.9,99,2.9,83,0,63,63,1003
10,24,16,26.1,98,2.9,76,0,46,46,1004
10,24,17,26,98,2.9,30,0,26,26,1004
10,24,18,25.9,98,2.9,85,0,7,7,1005
10,24,19,25.6,99,2.3,154,0,0,0,1005
10,24,20,24.6,99,2.3,225,0,0,0,1005
10,24,21,24.9,99,2.3,197,0,0,0,1006
10,24,22,25.4,98,2.3,207,0,0,0,1006
10,24,23,23.5,99,2.3,187,0,0,0,1006
10,24,24,23.3,99,2.9,228,0,0,0,1007
10,25,1,24.5,99,1.4,239,0,0,0,1007
10,25,2,23.8,99,1.4,231,0,0,0,1008
10,25,3,23,99,2.3,285,0,0,0,1008
10,25,4,22.6,99,2.9,239,0,0,0,1008
10,25,5,22.3,99,1,224,0,0,0,1009
10,25,6,22,99,0.9,216,0,0,0,1009
10,25,7,22.3,99,0.8,178,0,30,30,1010
10,25,8,23.5,99,1,193,250,157,242,1010
10,25,9,25.2,96,1,192,788,144,587,1010
10,25,10,26.7,89,1.4,184,925,161,851,1011
10,25,11,27.7,80,1.9,189,585,336,850,1011
10,25,12,28.2,75,2.3,238,390,423,793,1011
10,25,13,28.3,76,3.7,194,190,467,649,1012
10,25,14,27.9,88,2.9,175,32,400,430,1012
10,25,15,27.3,89,3.7,7,16,297,309,1012
10,25,16,26.5,92,4.9,86,0,168,168,1012
10,25,17,25.4,92,4.9,358,0,98,98,1012
10,25,18,25.1,89,4.9,349,0,7,7,1012
10,25,19,24.6,91,3.7,349,0,0,0,1013
10,25,20,24.1,92,1.6,338,0,0,0,1013
10,25,21,23.6,96,1,1,0,0,0,1013
10,25,22,23.1,98,0.9,351,0,0,0,1013
10,25,23,22.6,97,0.9,348,0,0,0,1013
10,25,24,22.1,99,0.8,348,0,0,0,1013
10,26,1,21.3,99,0.8,344,0,0,0,1013
10,26,2,21.2,99,0.8,348,0,0,0,1013
10,26,3,20.8,99,1.2,357,0,0,0,1014
10,26,4,20.6,99,1.2,321,0,0,0,1014
10,26,5,20.3,99,0.8,190,0,0,0,1014
10,26,6,20.2,99,0.7,185,0,0,0,1014
10,26,7,20.5,99,0.6,203,0,27,27,1014
10,26,8,22.2,93,0.7,225,364,132,256,1014
10,26,9,23.9,88,0.8,243,628,148,501,1014
10,26,10,25.3,84,1.2,243,559,247,665,1014
10,26,11,26.6,80,1.6,244,560,308,800,1015
10,26,12,27.6,77,2.3,203,597,321,887,1015
10,26,13,28.3,76,2.9,225,572,332,878,1015
10,26,14,28.7,76,3.7,228,578,313,829,1015
10,26,15,28.9,75,2.9,245,623,224,704,1015
10,26,16,28.6,75,2.9,215,590,172,523,1015
10,26,17,27.9,77,2.9,183,489,115,299,1015
10,26,18,26.8,79,2.3,180,238,48,79,1015
10,26,19,25.8,84,1.6,77,0,0,0,1015
10,26,20,25.1,86,0.9,203,0,0,0,1015
10,26,21,24.5,88,0.8,1,0,0,0,1015
10,26,22,23.9,88,0.6,97,0,0,0,1015
10,26,23,23.3,92,0.4,212,0,0,0,1015
10,26,24,22.6,95,0.3,193,0,0,0,1015
10,27,1,22.2,94,0.3,175,0,0,0,1015
10,27,2,21.6,96,0.2,80,0,0,0,1015
10,27,3,21.1,97,0.7,13,0,0,0,1015
10,27,4,20.8,96,0.8,68,0,0,0,1015
10,27,5,20.6,96,0.2,186,0,0,0,1015
10,27,6,20.4,98,0.2,215,0,0,0,1015
10,27,7,20.7,99,0.4,215,0,26,26,1015
10,27,8,22.3,96,0.3,231,334,135,248,1015
10,27,9,23.8,95,0.6,235,453,207,462,1015
10,27,10,25.3,88,0.9,244,527,264,657,1015
10,27,11,26.5,82,1,213,545,312,789,1014
10,27,12,27.6,78,1.2,254,598,319,886,1014
10,27,13,28.4,76,1.4,265,599,323,893,1014
10,27,14,28.8,74,1.4,278,565,316,820,1014
10,27,15,28.9,76,1.4,221,576,241,684,1014
10,27,16,28.6,78,1.2,237,522,196,505,1013
10,27,17,27.8,81,1,291,445,117,284,1013
10,27,18,26.8,83,1,297,264,44,78,1012
10,27,19,25.7,89,0.7,308,0,0,0,1012
10,27,20,25.4,90,0.4,302,0,0,0,1012
10,27,21,25,92,0.2,303,0,0,0,1011
10,27,22,24.7,91,0.1,300,0,0,0,1011
10,27,23,24.3,93,0.1,301,0,0,0,1010
10,27,24,24,95,0.1,263,0,0,0,1010
10,28,1,23.8,95,0.3,280,0,0,0,1010
10,28,2,23.6,97,0.4,301,0,0,0,1009
10,28,3,23.4,98,0.4,218,0,0,0,1009
10,28,4,23.4,99,0.2,212,0,0,0,1008
10,28,5,23.3,99,0.3,237,0,0,0,1008
10,28,6,23.3,99,0.2,241,0,0,0,1008
10,28,7,23.3,99,0.2,228,0,5,5,1007
10,28,8,23.6,98,0.2,220,0,53,53,1007
10,28,9,24,97,0.2,234,0,103,103,1006
10,28,10,24.1,99,0.2,219,0,148,148,1006
10,28,11,23.5,99,0.2,194,1,180,180,1006
10,28,12,23.2,99,0.2,97,2,197,199,1005
10,28,13,24.9,98,0.2,125,3,199,202,1005
10,28,14,25,98,0.2,84,1,182,183,1005
10,28,15,24.8,99,0.2,195,0,147,147,1005
10,28,16,24.8,99,0.2,229,0,111,111,1005
10,28,17,24.5,99,0.2,231,0,61,61,1006
10,28,18,24.6,98,0.1,272,0,16,16,1006
10,28,19,24.3,98,0.2,203,0,0,0,1006
10,28,20,23.6,99,0.2,213,0,0,0,1006
10,28,21,23.9,98,0.1,182,0,0,0,1007
10,28,22,21.7,99,0.1,79,0,0,0,1007
10,28,23,23,99,0.2,33,0,0,0,1007
10,28,24,22.4,99,0.2,359,0,0,0,1007
10,29,1,22.1,99,0.2,87,0,0,0,1007
10,29,2,22.8,99,0.1,178,0,0,0,1008
10,29,3,22.4,99,0.1,169,0,0,0,1008
10,29,4,22.5,98,0.1,165,0,0,0,1008
10,29,5,22.5,99,0,217,0,0,0,1008
10,29,6,22.4,99,0.1,213,0,0,0,1009
10,29,7,22.5,98,0.1,216,0,8,8,1009
10,29,8,22.3,99,0.1,192,0,23,23,1009
10,29,9,23.3,96,0.1,245,0,141,141,1009
10,29,10,24.3,93,0.1,215,19,288,302,1010
10,29,11,25.5,83,0.1,248,97,412,497,1010
10,29,12,27.8,75,0.1,182,776,372,1104,1010
10,29,13,28.5,74,0.1,223,279,421,685,1010
10,29,14,28.2,86,0.1,207,23,300,320,1011
10,29,15,27.9,89,0,239,18,215,229,1011
10,29,16,28.2,77,0,231,440,238,498,1011
10,29,17,28,77,0,224,284,150,256,1011
10,29,18,27.4,79,0,220,242,51,83,1011
10,29,19,26.7,84,0.1,277,0,0,0,1012
10,29,20,26.2,87,0.1,283,0,0,0,1012
10,29,21,25.7,90,0,273,0,0,0,1012
10,29,22,25.2,90,0,275,0,0,0,1012
10,29,23,24.6,91,0.1,287,0,0,0,1012
10,29,24,24.1,94,0.1,212,0,0,0,1013
10,30,1,23.5,97,0,248,0,0,0,1013
10,30,2,22.9,96,0,274,0,0,0,1013
10,30,3,22.2,98,0.1,250,0,0,0,1013
10,30,4,21.9,97,0.1,291,0,0,0,1013
10,30,5,21.5,96,0,318,0,0,0,1014
10,30,6,21.3,96,0,304,0,0,0,1014
10,30,7,21.6,97,0,305,0,25,25,1014
10,30,8,23.2,92,0,300,334,134,247,1014
10,30,9,24.8,90,0.1,259,551,168,476,1014
10,30,10,26.3,83,0.2,309,609,228,679,1015
10,30,11,27.6,78,0.3,295,627,296,842,1015
10,30,12,28.7,74,0.3,323,594,331,891,1015
10,30,13,29.4,71,0.6,304,643,299,908,1015
10,30,14,29.9,72,0.4,328,619,303,851,1015
10,30,15,30,69,0.4,335,665,218,726,1015
10,30,16,29.8,72,0.4,335,675,144,541,1015
10,30,17,29,75,0.6,304,525,101,296,1015
10,30,18,27.9,78,0.6,271,258,46,79,1015
10,30,19,26.9,85,0.4,223,0,0,0,1015
10,30,20,26.1,86,0.3,225,0,0,0,1015
10,30,21,25.4,87,0.2,286,0,0,0,1015
10,30,22,24.6,89,0.2,258,0,0,0,1015
10,30,23,23.9,91,0.2,243,0,0,0,1015
10,30,24,23.1,93,0.2,269,0,0,0,1015
10,31,1,22.6,95,0.2,243,0,0,0,1015
10,31,2,21.9,94,0.2,276,0,0,0,1015
10,31,3,21.3,94,0.4,264,0,0,0,1016
10,31,4,21,95,0.4,277,0,0,0,1016
10,31,5,20.6,97,0.1,230,0,0,0,1016
10,31,6,20.4,98,0.1,213,0,0,0,1016
10,31,7,20.7,98,0.1,201,0,27,27,1016
10,31,8,22.4,96,0.1,205,422,124,265,1016
10,31,9,24.1,92,0.2,213,667,134,506,1016
10,31,10,25.6,81,0.3,187,693,195,707,1016
10,31,11,27,78,0.6,213,684,260,855,1016
10,31,12,28,75,0.8,221,665,306,931,1016
10,31,13,28.8,72,0.9,219,696,290,947,1016
10,31,14,29.3,69,1,239,687,265,873,1016
10,31,15,29.4,65,1,223,703,200,737,1016
10,31,16,29.1,67,0.9,237,670,145,539,1016
10,31,17,28.3,70,1,262,556,95,301,1016
10,31,18,27.1,75,0.9,202,248,43,75,1016
10,31,19,26,84,0.7,211,0,0,0,1016
10,31,20,25.5,86,0.4,222,0,0,0,1016
10,31,21,25,90,0.2,203,0,0,0,1016
10,31,22,24.5,95,0.1,202,0,0,0,1016
10,31,23,24,95,0.1,186,0,0,0,1016
10,31,24,23.4,97,0,214,0,0,0,1016
11,1,1,23.1,97,0.1,216,0,0,0,1014
11,1,2,22.7,97,0.1,187,0,0,0,1014
11,1,3,22.4,96,0.3,159,0,0,0,1014
11,1,4,22.1,99,0.3,184,0,0,0,1014
11,1,5,21.9,99,0.1,187,0,0,0,1014
11,1,6,21.7,100,0.1,228,0,0,0,1014
11,1,7,22,100,0.2,208,0,27,27,1014
11,1,8,23.3,99,0.3,231,398,127,260,1014
11,1,9,24.7,95,0.3,229,644,136,494,1014
11,1,10,25.9,88,0.7,216,676,202,701,1014
11,1,11,27,83,1.2,217,683,260,853,1014
11,1,12,27.9,79,1.7,219,675,299,933,1014
11,1,13,28.4,77,2.4,250,645,320,929,1014
11,1,14,28.8,74,2,209,650,285,859,1014
11,1,15,28.8,77,2,202,615,243,711,1014
11,1,16,28.5,77,2,161,622,159,524,1014
11,1,17,27.8,78,2.8,160,529,100,295,1014
11,1,18,26.8,85,2,190,287,44,81,1014
11,1,19,25.9,91,1.5,211,0,0,0,1014
11,1,20,25.3,90,0.9,216,0,0,0,1014
11,1,21,24.7,92,0.7,190,0,0,0,1014
11,1,22,24.1,94,0.5,215,0,0,0,1014
11,1,23,23.5,95,0.3,207,0,0,0,1014
11,1,24,22.9,96,0.3,251,0,0,0,1014
11,2,1,22.7,98,0.3,190,0,0,0,1014
11,2,2,22.4,98,0.3,213,0,0,0,1014
11,2,3,22.2,99,0.7,189,0,0,0,1014
11,2,4,22,99,0.7,218,0,0,0,1014
11,2,5,21.9,98,0.3,226,0,0,0,1014
11,2,6,21.8,99,0.4,190,0,0,0,1014
11,2,7,22.1,98,0.5,202,0,26,26,1014
11,2,8,23.6,96,0.7,206,401,126,260,1014
11,2,9,25.2,94,1.2,232,643,141,498,1014
11,2,10,26.6,88,1.5,266,666,206,696,1014
11,2,11,27.9,85,2,295,719,239,862,1014
11,2,12,28.9,82,2.4,239,742,257,952,1014
11,2,13,29.7,78,2.4,311,794,225,973,1014
11,2,14,30.1,77,2.8,291,764,219,893,1014
11,2,15,30.3,75,2.4,301,792,158,759,1014
11,2,16,30,75,2.4,264,807,96,568,1014
11,2,17,29.3,76,2,259,686,70,324,1014
11,2,18,28.2,78,1.7,231,342,40,83,1014
11,2,19,27.2,85,1.2,252,0,0,0,1014
11,2,20,26.6,85,0.7,284,0,0,0,1014
11,2,21,26,86,0.4,260,0,0,0,1014
11,2,22,25.4,89,0.2,260,0,0,0,1014
11,2,23,24.7,90,0.2,232,0,0,0,1014
11,2,24,24.1,91,0.3,237,0,0,0,1014
11,3,1,23.7,94,0.3,223,0,0,0,1014
11,3,2,23.2,96,0.3,241,0,0,0,1014
11,3,3,22.7,96,0.9,244,0,0,0,1014
11,3,4,22.5,96,0.7,234,0,0,0,1014
11,3,5,22.2,96,0.2,177,0,0,0,1014
11,3,6,22,95,0.1,313,0,0,0,1015
11,3,7,22.3,93,0.1,261,0,28,28,1015
11,3,8,23.8,91,0.2,262,425,136,278,1015
11,3,9,25.4,89,0.4,275,789,96,533,1015
11,3,10,26.9,83,0.9,226,861,119,751,1015
11,3,11,28.1,79,1.5,201,883,148,911,1015
11,3,12,29.1,77,1.7,221,872,176,991,1015
11,3,13,29.8,75,2.4,201,873,177,997,1015
11,3,14,30.2,71,2.8,163,847,172,917,1014
11,3,15,30.3,75,3.2,186,823,143,767,1014
11,3,16,30,76,4.1,127,765,113,560,1014
11,3,17,29.2,80,4.1,173,618,84,311,1014
11,3,18,28.1,83,3.2,147,283,42,77,1013
11,3,19,27,89,2.4,174,0,0,0,1013
11,3,20,26.5,91,1.7,197,0,0,0,1013
11,3,21,26,91,1.2,120,0,0,0,1012
11,3,22,25.5,91,1.2,12,0,0,0,1012
11,3,23,25,93,1.2,65,0,0,0,1012
11,3,24,24.5,95,0.9,25,0,0,0,1012
11,4,1,24.3,93,1.7,207,0,0,0,1011
11,4,2,24.1,94,1.7,218,0,0,0,1011
11,4,3,23.9,94,1.7,132,0,0,0,1011
11,4,4,23.8,94,1.7,153,0,0,0,1010
11,4,5,23.7,94,1.7,174,0,0,0,1010
11,4,6,23.6,97,2,130,0,0,0,1010
11,4,7,23.9,96,2.4,182,0,16,16,1009
11,4,8,24.7,96,2.4,173,52,130,147,1009
11,4,9,25,95,2.4,131,11,215,221,1009
11,4,10,24.8,95,2.4,206,13,279,289,1009
11,4,11,26.2,93,2.8,226,3,269,272,1008
11,4,12,27,91,2.4,235,21,356,375,1008
11,4,13,27.4,91,2.8,191,49,398,444,1008
11,4,14,28.2,91,2.4,168,158,439,578,1008
11,4,15,28.5,91,2,124,144,383,492,1008
11,4,16,28.7,81,1.7,201,268,254,410,1008
11,4,17,28.7,81,1.7,146,652,110,349,1009
11,4,18,28.2,83,1.7,147,297,51,88,1009
11,4,19,27.6,87,1.7,168,0,0,0,1009
11,4,20,27,88,1.7,149,0,0,0,1009
11,4,21,26.5,92,1.7,218,0,0,0,1009
11,4,22,26,93,1.5,207,0,0,0,1010
11,4,23,25.4,93,1.5,228,0,0,0,1010
11,4,24,24.9,93,1.5,11,0,0,0,1010
11,5,1,24.4,93,0.7,47,0,0,0,1010
11,5,2,23.8,93,0.9,339,0,0,0,1010
11,5,3,23.3,94,1.5,37,0,0,0,1011
11,5,4,23,93,1.5,64,0,0,0,1011
11,5,5,22.7,95,0.5,333,0,0,0,1011
11,5,6,22.5,98,0.5,322,0,0,0,1011
11,5,7,22.8,98,0.7,325,0,22,22,1011
11,5,8,24.2,94,1.2,352,300,136,235,1012
11,5,9,25.6,92,1.5,326,411,214,440,1012
11,5,10,27,85,2.8,349,483,277,631,1012
11,5,11,28.2,80,3.6,358,533,309,768,1012
11,5,12,29.1,76,4.1,356,567,319,847,1013
11,5,13,29.8,73,5.7,346,554,326,844,1013
11,5,14,30.2,71,7.3,356,550,312,795,1013
11,5,15,30.3,72,7.3,348,548,259,673,1013
11,5,16,30.2,71,5.7,343,663,146,531,1013
11,5,17,29.6,73,5.7,348,577,90,301,1013
11,5,18,28.6,75,4.1,324,263,42,75,1013
11,5,19,27.6,80,2.8,330,0,0,0,1013
11,5,20,27,84,2.4,360,0,0,0,1013
11,5,21,26.3,86,1.5,359,0,0,0,1013
11,5,22,25.7,90,1.2,337,0,0,0,1013
11,5,23,25.1,92,0.9,81,0,0,0,1013
11,5,24,24.4,93,0.9,72,0,0,0,1013
11,6,1,24,94,0.9,152,0,0,0,1013
11,6,2,23.5,95,0.7,156,0,0,0,1013
11,6,3,22.9,95,1.7,57,0,0,0,1013
11,6,4,22.7,96,1.7,168,0,0,0,1013
11,6,5,22.4,96,0.7,128,0,0,0,1013
11,6,6,22.2,98,0.9,160,0,0,0,1013
11,6,7,22.5,98,0.9,158,0,24,24,1013
11,6,8,24.1,93,1.2,12,413,123,259,1013
11,6,9,25.7,88,1.5,143,589,160,484,1013
11,6,10,27.1,83,2.4,205,621,226,679,1013
11,6,11,28.4,81,3.2,184,622,288,823,1013
11,6,12,29.4,78,4.1,147,637,294,886,1013
11,6,13,30.1,77,3.6,194,659,285,901,1013
11,6,14,30.5,75,4.1,202,626,295,842,1013
11,6,15,30.6,78,4.1,163,660,217,715,1013
11,6,16,30.4,80,4.9,218,710,130,542,1013
11,6,17,29.7,81,4.1,311,582,88,302,1013
11,6,18,28.6,85,3.2,253,261,42,75,1013
11,6,19,27.6,92,2.4,194,0,0,0,1012
11,6,20,27.1,94,2,307,0,0,0,1012
11,6,21,26.6,94,1.2,295,0,0,0,1012
11,6,22,26.2,97,1.2,319,0,0,0,1012
11,6,23,25.7,97,0.9,284,0,0,0,1012
11,6,24,25.2,98,0.9,275,0,0,0,1012
11,7,1,24.9,98,1.7,282,0,0,0,1011
11,7,2,24.5,99,1.2,309,0,0,0,1011
11,7,3,24.2,99,1.2,324,0,0,0,1011
11,7,4,24,100,1.2,315,0,0,0,1011
11,7,5,23.9,100,1.2,254,0,0,0,1011
11,7,6,23.7,100,1.2,263,0,0,0,1010
11,7,7,24,99,1.2,218,0,23,23,1010
11,7,8,25.3,96,1.2,210,186,134,196,1010
11,7,9,26.4,94,0.9,159,111,274,335,1010
11,7,10,27,94,0.9,192,88,354,418,1010
11,7,11,27.7,94,0.7,221,41,423,458,1010
11,7,12,28.2,92,0.5,222,47,434,478,1009
11,7,13,28.2,94,0.4,208,109,453,555,1009
11,7,14,29.1,87,0.4,249,160,437,577,1009
11,7,15,29.3,85,0.4,250,235,381,558,1009
11,7,16,29.4,83,0.4,229,338,239,435,1010
11,7,17,29,83,0.5,156,327,135,254,1010
11,7,18,28.4,86,0.4,207,239,50,79,1010
11,7,19,27.6,89,0.4,207,0,0,0,1010
11,7,20,27.2,88,0.4,209,0,0,0,1010
11,7,21,26.7,86,0.5,218,0,0,0,1010
11,7,22,26.3,92,0.5,190,0,0,0,1010
11,7,23,25.8,93,0.7,212,0,0,0,1010
11,7,24,25.4,92,0.5,127,0,0,0,1010
11,8,1,25,94,0.3,186,0,0,0,1011
11,8,2,24.7,95,0.3,162,0,0,0,1011
11,8,3,24.3,95,0.5,138,0,0,0,1011
11,8,4,24.1,97,0.4,151,0,0,0,1011
11,8,5,24,98,0.1,74,0,0,0,1011
11,8,6,23.8,97,0.1,326,0,0,0,1011
11,8,7,24.2,98,0.1,317,0,30,30,1011
11,8,8,25.6,96,0.2,330,289,135,230,1011
11,8,9,26.9,94,0.2,164,338,226,411,1012
11,8,10,28.3,85,0.4,150,464,285,623,1012
11,8,11,29.4,82,0.7,163,405,377,724,1012
11,8,12,30.2,80,0.9,203,319,439,735,1012
11,8,13,30.9,77,1.2,155,429,394,793,1012
11,8,14,31.4,75,1.5,212,530,330,792,1012
11,8,15,31.5,74,1.7,202,468,291,643,1012
11,8,16,31.3,74,1.7,124,469,211,482,1012
11,8,17,30.6,77,1.5,154,179,160,225,1012
11,8,18,29.6,80,1.2,164,35,47,52,1011
11,8,19,28.7,88,0.7,173,0,0,0,1011
11,8,20,28.3,88,0.7,153,0,0,0,1011
11,8,21,27.9,88,0.3,155,0,0,0,1011
11,8,22,27.4,88,0.2,213,0,0,0,1011
11,8,23,27,92,0.1,204,0,0,0,1011
11,8,24,26.6,97,0.1,194,0,0,0,1011
11,9,1,26.3,97,0.3,193,0,0,0,1011
11,9,2,25.9,97,0.3,229,0,0,0,1010
11,9,3,25.6,99,0.3,217,0,0,0,1010
11,9,4,25.5,99,0.3,194,0,0,0,1010
11,9,5,24.7,99,0.3,227,0,0,0,1010
11,9,6,25.2,99,0.4,239,0,0,0,1010
11,9,7,25.4,95,0.4,205,0,16,16,1010
11,9,8,25.8,93,0.3,277,0,104,104,1010
11,9,9,26.7,92,0.3,285,21,205,216,1010
11,9,10,28.4,91,0.3,255,492,293,649,1009
11,9,11,29.2,81,0.3,245,182,412,567,1009
11,9,12,30.2,74,0.4,286,512,346,819,1009
11,9,13,31,74,0.7,263,416,400,787,1009
11,9,14,30.8,84,0.9,205,40,407,442,1009
11,9,15,30.7,87,0.9,195,20,320,334,1009
11,9,16,30.3,82,0.7,231,16,219,228,1010
11,9,17,29.6,81,0.7,208,0,64,64,1010
11,9,18,28.9,81,0.9,136,0,6,6,1010
11,9,19,28.4,85,0.5,212,0,0,0,1010
11,9,20,27.9,87,0.7,201,0,0,0,1010
11,9,21,27.5,90,0.5,184,0,0,0,1011
11,9,22,27.1,92,0.5,221,0,0,0,1011
11,9,23,26.6,95,0.5,210,0,0,0,1011
11,9,24,26.2,94,0.5,196,0,0,0,1011
11,10,1,25.7,97,0.2,221,0,0,0,1011
11,10,2,25.2,96,0.1,227,0,0,0,1011
11,10,3,24.7,97,0.3,208,0,0,0,1012
11,10,4,24.4,97,0.5,229,0,0,0,1012
11,10,5,24.1,96,0.2,271,0,0,0,1012
11,10,6,23.9,98,0.1,257,0,0,0,1012
11,10,7,24.2,97,0.1,232,0,21,21,1012
11,10,8,25.7,93,0.1,197,360,127,244,1013
11,10,9,27.3,91,0.2,203,650,131,484,1013
11,10,10,28.8,84,0.3,165,683,195,688,1013
11,10,11,30.1,82,0.3,196,644,275,824,1013
11,10,12,31.1,80,0.7,181,643,313,906,1013
11,10,13,31.8,75,1.2,169,662,281,895,1013
11,10,14,32.2,73,1.5,241,638,292,846,1013
11,10,15,32.3,75,1.2,229,610,235,691,1013
11,10,16,32,75,1.2,207,579,168,502,1013
11,10,17,31.3,79,0.9,224,453,117,282,1013
11,10,18,30.2,83,0.5,156,217,45,72,1013
11,10,19,29.2,89,0.3,184,0,0,0,1013
11,10,20,28.6,90,0.3,166,0,0,0,1013
11,10,21,28.1,89,0.1,159,0,0,0,1013
11,10,22,27.5,90,0.1,215,0,0,0,1013
11,10,23,26.9,90,0.1,166,0,0,0,1013
11,10,24,26.3,93,0.2,163,0,0,0,1013
11,11,1,25.9,93,0.2,129,0,0,0,1013
11,11,2,25.4,93,0.1,215,0,0,0,1013
11,11,3,24.9,95,0.4,202,0,0,0,1013
11,11,4,24.7,95,0.4,191,0,0,0,1013
11,11,5,24.4,95,0.1,193,0,0,0,1013
11,11,6,24.2,94,0.2,201,0,0,0,1013
11,11,7,24.5,93,0.2,215,0,23,23,1013
11,11,8,25.9,93,0.4,159,269,135,222,1013
11,11,9,27.3,93,0.9,197,389,208,419,1013
11,11,10,28.7,84,1.5,127,431,295,606,1013
11,11,11,30,80,2,198,554,310,781,1013
11,11,12,31.1,76,2.8,138,596,343,891,1013
11,11,13,31.9,76,3.2,186,631,322,906,1013
11,11,14,32.4,74,3.6,208,638,275,829,1013
11,11,15,32.5,74,4.1,208,599,244,692,1013
11,11,16,32.3,71,3.2,186,590,163,503,1013
11,11,17,31.6,73,3.2,245,471,108,280,1012
11,11,18,30.6,78,2.8,221,222,45,73,1012
11,11,19,29.6,84,1.5,205,0,0,0,1012
11,11,20,29,87,0.9,247,0,0,0,1012
11,11,21,28.3,88,0.4,256,0,0,0,1012
11,11,22,27.7,89,0.3,199,0,0,0,1012
11,11,23,27.1,93,0.1,251,0,0,0,1012
11,11,24,26.5,93,0.2,321,0,0,0,1012
11,12,1,25.9,95,0.1,299,0,0,0,1011
11,12,2,25.4,93,0.2,305,0,0,0,1011
11,12,3,24.9,95,0.5,226,0,0,0,1011
11,12,4,24.7,95,0.5,214,0,0,0,1011
11,12,5,24.4,97,0.1,218,0,0,0,1011
11,12,6,24.2,98,0.1,262,0,0,0,1011
11,12,7,24.3,97,0.1,274,0,5,5,1011
11,12,8,24.4,99,0.2,222,0,75,75,1011
11,12,9,24.8,99,0.3,192,0,43,43,1010
11,12,10,25.4,98,0.7,185,13,224,234,1010
11,12,11,26.8,92,1.5,235,241,400,605,1010
11,12,12,28,92,1.7,207,318,434,726,1010
11,12,13,28.5,90,2,211,107,427,525,1010
11,12,14,29.5,84,2.4,204,691,293,890,1010
11,12,15,30.2,80,2.8,242,854,201,838,1010
11,12,16,30.2,81,2.4,248,328,258,447,1009
11,12,17,29.6,81,2.8,215,85,156,187,1009
11,12,18,28.9,80,2.8,226,47,48,54,1009
11,12,19,28.3,85,2.4,244,0,0,0,1009
11,12,20,27.7,91,1.5,191,0,0,0,1009
11,12,21,27.3,93,1.2,209,0,0,0,1009
11,12,22,26.8,93,1.2,250,0,0,0,1009
11,12,23,26.3,92,0.7,231,0,0,0,1008
11,12,24,25.8,91,0.9,144,0,0,0,1008
11,13,1,25.3,91,1.5,206,0,0,0,1008
11,13,2,24.4,95,1.5,193,0,0,0,1008
11,13,3,22.8,98,1.5,227,0,0,0,1008
11,13,4,23.4,94,1.2,201,0,0,0,1008
11,13,5,23.6,95,0.9,207,0,0,0,1008
11,13,6,23.7,93,0.7,204,0,0,0,1007
11,13,7,23.8,95,0.9,196,0,5,5,1007
11,13,8,24.6,93,0.5,147,37,123,135,1007
11,13,9,25,91,0.5,163,14,205,213,1007
11,13,10,24.9,93,0.5,169,0,131,131,1007
11,13,11,25.4,91,0.7,163,6,244,249,1007
11,13,12,25.7,93,0.9,44,23,360,381,1007
11,13,13,26.3,91,0.9,179,28,384,410,1006
11,13,14,26.8,83,1.2,153,112,425,522,1007
11,13,15,27.1,84,1.5,197,133,376,475,1007
11,13,16,27.1,84,1.7,195,108,263,325,1007
11,13,17,26.8,86,1.2,185,13,132,137,1007
11,13,18,26.3,89,1.2,196,0,6,6,1007
11,13,19,25.9,91,1.5,181,0,0,0,1007
11,13,20,25.4,92,1.5,216,0,0,0,1007
11,13,21,25,94,1.5,199,0,0,0,1007
11,13,22,24.6,95,1.2,199,0,0,0,1007
11,13,23,24.1,98,1.2,196,0,0,0,1007
11,13,24,23.8,96,1.5,201,0,0,0,1007
11,14,1,22.6,99,1.2,198,0,0,0,1007
11,14,2,23.2,98,2,198,0,0,0,1007
11,14,3,22.9,96,1.7,235,0,0,0,1008
11,14,4,22.6,97,1.7,232,0,0,0,1008
11,14,5,22.2,98,1.5,209,0,0,0,1008
11,14,6,22.4,99,1.2,238,0,0,0,1008
11,14,7,22.4,98,1.2,228,0,10,10,1008
11,14,8,23.5,96,0.9,195,58,128,147,1008
11,14,9,24.4,93,0.5,200,35,252,271,1008
11,14,10,25.3,91,0.5,204,74,351,404,1008
11,14,11,26.1,83,0.7,236,94,407,487,1008
11,14,12,26.5,81,0.5,230,33,397,427,1008
11,14,13,26.9,80,0.5,187,38,461,496,1008
11,14,14,27.1,79,0.4,273,39,422,456,1008
11,14,15,27,89,0.3,268,86,364,428,1009
11,14,16,27.3,80,0.5,266,146,280,364,1009
11,14,17,27,79,0.5,284,374,134,270,1009
11,14,18,26.5,81,0.4,309,235,58,88,1009
11,14,19,25.8,87,0.4,311,0,0,0,1009
11,14,20,25.5,86,0.3,246,0,0,0,1009
11,14,21,25.1,87,0.3,258,0,0,0,1009
11,14,22,24.7,90,0.3,260,0,0,0,1010
11,14,23,24.3,90,0.3,271,0,0,0,1010
11,14,24,23.9,91,0.1,310,0,0,0,1010
11,15,1,23.7,93,0,319,0,0,0,1010
11,15,2,23.4,94,0,304,0,0,0,1010
11,15,3,23.1,95,0.2,299,0,0,0,1010
11,15,4,23,97,0.3,266,0,0,0,1010
11,15,5,22.8,98,0,231,0,0,0,1010
11,15,6,22.7,100,0,209,0,0,0,1011
11,15,7,23.1,100,0.1,239,0,28,28,1011
11,15,8,24.3,99,0.1,215,198,129,192,1011
11,15,9,25.4,99,0.3,151,156,279,362,1011
11,15,10,26.9,89,0.4,208,323,334,565,1011
11,15,11,28.3,86,0.7,145,558,305,775,1011
11,15,12,29.3,81,0.9,252,509,345,810,1011
11,15,13,29.9,78,0.9,208,334,432,739,1012
11,15,14,30.2,81,0.7,229,260,424,647,1011
11,15,15,30.2,81,0.7,209,212,367,524,1011
11,15,16,30.1,80,0.9,194,490,213,494,1011
11,15,17,29.5,80,1.5,224,406,119,266,1011
11,15,18,28.6,81,0.9,190,179,44,66,1011
11,15,19,27.7,88,0.9,168,0,0,0,1011
11,15,20,27.3,89,0.5,163,0,0,0,1010
11,15,21,26.9,91,0.3,197,0,0,0,1010
11,15,22,26.5,91,0.3,156,0,0,0,1010
11,15,23,26.2,91,0.2,160,0,0,0,1010
11,15,24,25.8,90,0.2,163,0,0,0,1010
11,16,1,25.5,91,0.4,163,0,0,0,1010
11,16,2,25.3,93,0.5,143,0,0,0,1009
11,16,3,25,93,0.7,172,0,0,0,1009
11,16,4,24.9,94,0.5,172,0,0,0,1009
11,16,5,24.8,95,0.5,238,0,0,0,1009
11,16,6,24.7,95,0.5,158,0,0,0,1009
11,16,7,23.8,100,0.4,213,0,13,13,1009
11,16,8,25,99,0.5,262,0,89,89,1009
11,16,9,25.4,99,0.4,188,0,101,101,1008
11,16,10,25.7,98,0.3,203,0,110,110,1008
11,16,11,26.1,98,0.3,211,4,194,197,1008
11,16,12,26.8,94,0.3,193,37,364,398,1008
11,16,13,27.8,91,0.4,185,151,430,569,1008
11,16,14,29.1,85,0.4,135,858,267,1005,1008
11,16,15,29.7,82,0.4,208,542,297,700,1008
11,16,16,29.5,85,0.4,231,39,236,258,1008
11,16,17,29.1,88,0.4,224,3,127,128,1008
11,16,18,28.5,92,0.3,183,0,6,6,1007
11,16,19,28,94,0.3,192,0,0,0,1007
11,16,20,27.6,96,0.3,193,0,0,0,1007
11,16,21,27.3,96,0.2,230,0,0,0,1007
11,16,22,26.9,96,0.1,254,0,0,0,1007
11,16,23,26.6,99,0.1,204,0,0,0,1007
11,16,24,26.3,99,0.1,253,0,0,0,1007
11,17,1,25.5,99,0.1,224,0,0,0,1007
11,17,2,25,99,0.1,195,0,0,0,1007
11,17,3,24.8,99,0.1,207,0,0,0,1007
11,17,4,24.5,99,0.1,173,0,0,0,1007
11,17,5,24.3,99,0.1,178,0,0,0,1007
11,17,6,24,99,0.1,206,0,0,0,1007
11,17,7,24.1,99,0.1,155,0,5,5,1007
11,17,8,24.7,99,0.1,164,0,105,105,1007
11,17,9,25.3,99,0.1,146,11,202,208,1007
11,17,10,25.9,94,0.1,44,16,291,303,1007
11,17,11,26.3,94,0.1,323,13,317,328,1007
11,17,12,26.5,96,0.1,13,17,377,392,1006
11,17,13,26.9,95,0.2,3,18,387,403,1006
11,17,14,27.2,94,0.3,118,29,397,422,1007
11,17,15,27.1,95,0.3,124,31,335,358,1007
11,17,16,27.2,96,0.3,136,22,250,262,1007
11,17,17,26,99,0.3,192,5,132,134,1007
11,17,18,25.8,99,0.4,196,0,38,38,1007
11,17,19,25.6,99,0.5,197,0,0,0,1007
11,17,20,25.6,99,0.5,212,0,0,0,1007
11,17,21,25.2,99,0.5,217,0,0,0,1007
11,17,22,24.6,99,0.7,190,0,0,0,1007
11,17,23,22.8,100,0.9,233,0,0,0,1007
11,17,24,23.2,100,0.9,248,0,0,0,1007
11,18,1,24.2,99,1.2,234,0,0,0,1007
11,18,2,24,99,1.2,227,0,0,0,1008
11,18,3,24,99,1.5,238,0,0,0,1008
11,18,4,24.1,99,1.7,226,0,0,0,1008
11,18,5,23.3,99,1.7,255,0,0,0,1008
11,18,6,23.9,99,1.7,267,0,0,0,1008
11,18,7,24.1,99,1.5,269,0,8,8,1008
11,18,8,24.4,99,1.5,301,0,48,48,1008
11,18,9,24.7,99,1.2,285,0,86,86,1008
11,18,10,25.7,99,0.9,248,17,271,283,1008
11,18,11,26.6,98,0.7,212,29,380,404,1008
11,18,12,27.5,93,0.9,184,101,437,528,1008
11,18,13,28.4,93,0.9,239,174,451,611,1009
11,18,14,29.1,92,0.9,262,221,425,614,1009
11,18,15,29.6,89,0.9,199,465,301,645,1009
11,18,16,29.7,91,0.9,205,158,270,360,1009
11,18,17,29.6,90,0.9,127,541,117,313,1009
11,18,18,29,90,0.9,166,211,53,80,1009
11,18,19,28.3,96,1.2,72,0,0,0,1009
11,18,20,28,96,0.9,149,0,0,0,1009
11,18,21,27.7,96,0.7,174,0,0,0,1009
11,18,22,27.4,97,0.7,16,0,0,0,1009
11,18,23,27.1,97,0.7,13,0,0,0,1009
11,18,24,26.9,98,0.9,324,0,0,0,1009
11,19,1,26.5,99,1.2,338,0,0,0,1009
11,19,2,26.2,99,1.2,326,0,0,0,1009
11,19,3,25.9,99,1.2,71,0,0,0,1008
11,19,4,25.7,100,1.2,124,0,0,0,1008
11,19,5,25.5,100,1.2,232,0,0,0,1008
11,19,6,25.4,100,1.5,171,0,0,0,1008
11,19,7,25.5,100,1.2,197,0,4,4,1008
11,19,8,26.2,99,0.9,219,31,119,128,1008
11,19,9,27.3,100,0.9,166,67,250,285,1008
11,19,10,28.1,99,1.2,167,106,347,421,1008
11,19,11,29.1,95,0.9,75,173,415,559,1008
11,19,12,28.8,97,0.9,177,53,452,500,1008
11,19,13,30.1,90,0.9,178,142,450,580,1008
11,19,14,30.5,87,1.2,231,162,432,571,1009
11,19,15,30.6,84,1.5,195,150,367,478,1009
11,19,16,29.9,91,1.7,155,13,215,222,1009
11,19,17,29.6,91,2.4,174,9,138,141,1009
11,19,18,29.1,91,2.4,166,4,43,44,1009
11,19,19,28.6,92,2.4,148,0,0,0,1009
11,19,20,28.1,92,2,124,0,0,0,1009
11,19,21,27.7,92,2.4,176,0,0,0,1009
11,19,22,27.3,92,2.8,205,0,0,0,1010
11,19,23,26.8,92,2.4,162,0,0,0,1010
11,19,24,26.4,92,2,147,0,0,0,1010
11,20,1,25.9,95,0.9,195,0,0,0,1010
11,20,2,25.5,96,0.9,226,0,0,0,1010
11,20,3,25,97,2,199,0,0,0,1010
11,20,4,24.8,99,2,200,0,0,0,1010
11,20,5,24.5,97,0.7,155,0,0,0,1010
11,20,6,24.4,98,0.7,148,0,0,0,1011
11,20,7,24.7,97,0.9,133,0,23,23,1011
11,20,8,26.2,94,1.2,193,305,140,235,1011
11,20,9,27.4,91,1.7,202,284,235,384,1011
11,20,10,27.8,93,2.8,209,121,342,428,1011
11,20,11,29.1,87,3.6,139,262,402,620,1011
11,20,12,30.1,82,5.7,143,418,398,775,1011
11,20,13,30.7,81,4.9,174,358,416,743,1012
11,20,14,31.1,82,4.9,159,345,400,695,1012
11,20,15,31.1,85,4.9,199,152,361,473,1012
11,20,16,31.2,81,4.9,182,614,193,543,1012
11,20,17,30.7,82,4.1,185,441,138,298,1012
11,20,18,29.9,83,3.2,122,144,58,76,1012
11,20,19,29,88,2.4,200,0,0,0,1012
11,20,20,28.3,88,1.7,225,0,0,0,1012
11,20,21,27.6,88,0.9,173,0,0,0,1012
11,20,22,26.9,91,0.5,265,0,0,0,1012
11,20,23,26.1,94,0.5,250,0,0,0,1012
11,20,24,25.4,95,0.4,238,0,0,0,1012
11,21,1,24.8,95,0.7,256,0,0,0,1012
11,21,2,24.1,95,0.5,221,0,0,0,1012
11,21,3,23.5,94,1.5,221,0,0,0,1012
11,21,4,23.1,97,1.5,185,0,0,0,1012
11,21,5,22.8,99,0.4,162,0,0,0,1012
11,21,6,22.6,100,0.5,196,0,0,0,1012
11,21,7,22.8,98,0.5,193,0,17,17,1012
11,21,8,24.2,95,0.7,229,308,139,234,1012
11,21,9,25.4,93,0.5,187,398,202,411,1012
11,21,10,26.5,86,0.9,204,351,308,555,1012
11,21,11,27.6,81,1.5,187,459,337,719,1012
11,21,12,28.6,78,1.7,234,551,351,848,1012
11,21,13,29.3,75,2.4,209,612,295,852,1012
11,21,14,29.7,72,2,212,581,308,803,1012
11,21,15,29.8,74,2,201,475,284,635,1013
11,21,16,29.5,77,2.8,194,403,228,458,1013
11,21,17,28.9,79,2.8,204,419,117,269,1013
11,21,18,28,82,2.4,208,156,46,66,1013
11,21,19,27.1,90,1.7,207,0,0,0,1013
11,21,20,26.5,88,1.2,278,0,0,0,1013
11,21,21,25.9,88,0.7,283,0,0,0,1013
11,21,22,25.4,89,0.4,281,0,0,0,1013
11,21,23,24.8,90,0.3,193,0,0,0,1013
11,21,24,24.2,92,0.3,241,0,0,0,1013
11,22,1,23.8,95,0.3,286,0,0,0,1013
11,22,2,23.4,97,0.3,264,0,0,0,1013
11,22,3,23,98,0.7,314,0,0,0,1013
11,22,4,22.8,100,0.5,316,0,0,0,1013
11,22,5,22.6,100,0.1,295,0,0,0,1013
11,22,6,22.4,100,0.1,289,0,0,0,1013
11,22,7,22.7,100,0.1,280,0,19,19,1013
11,22,8,24.1,100,0.2,295,316,123,220,1013
11,22,9,25.6,97,0.3,313,517,168,438,1013
11,22,10,27,91,0.4,251,586,221,631,1013
11,22,11,28.3,86,0.9,200,625,275,793,1013
11,22,12,29.3,83,1.5,244,614,310,863,1013
11,22,13,30,79,1.7,195,600,312,857,1013
11,22,14,30.5,77,2,158,635,283,824,1013
11,22,15,30.7,75,2,204,662,212,700,1013
11,22,16,30.5,76,2.4,196,640,148,513,1013
11,22,17,29.8,78,2.4,202,449,122,284,1013
11,22,18,28.8,81,2,196,142,56,75,1013
11,22,19,27.8,87,1.5,177,0,0,0,1013
11,22,20,27.3,90,1.2,170,0,0,0,1013
11,22,21,26.7,89,0.7,163,0,0,0,1013
11,22,22,26.2,89,0.4,38,0,0,0,1013
11,22,23,25.7,92,0.4,155,0,0,0,1013
11,22,24,25.1,92,0.4,193,0,0,0,1013
11,23,1,24.7,93,0.5,216,0,0,0,1013
11,23,2,24.2,95,0.4,187,0,0,0,1014
11,23,3,23.7,96,1.2,210,0,0,0,1014
11,23,4,23.5,97,0.9,200,0,0,0,1014
11,23,5,23.3,98,0.3,163,0,0,0,1014
11,23,6,23.1,97,0.4,123,0,0,0,1014
11,23,7,23.3,97,0.4,155,0,19,19,1014
11,23,8,24.8,95,0.5,218,307,137,231,1014
11,23,9,26.4,94,0.7,191,647,138,475,1014
11,23,10,28,86,1.5,185,766,157,692,1014
11,23,11,29.4,82,2,45,822,172,853,1014
11,23,12,30.4,74,2.4,128,751,241,916,1014
11,23,13,31.2,72,2.4,196,712,268,914,1014
11,23,14,31.6,69,2.8,205,679,265,843,1014
11,23,15,31.7,67,2.8,220,643,219,692,1014
11,23,16,31.4,68,2.8,246,604,158,502,1014
11,23,17,30.7,72,2.8,257,432,119,275,1014
11,23,18,29.6,76,3.2,229,176,48,71,1014
11,23,19,28.6,81,2,218,0,0,0,1014
11,23,20,27.9,84,1.5,219,0,0,0,1014
11,23,21,27.3,86,1.2,147,0,0,0,1014
11,23,22,26.6,89,1.2,189,0,0,0,1014
11,23,23,25.9,90,1.2,179,0,0,0,1014
11,23,24,25.2,91,0.9,184,0,0,0,1014
11,24,1,24.6,91,0.9,179,0,0,0,1013
11,24,2,24,92,0.7,215,0,0,0,1013
11,24,3,23.3,93,1.7,211,0,0,0,1013
11,24,4,23,93,1.7,218,0,0,0,1013
11,24,5,22.6,94,0.7,189,0,0,0,1013
11,24,6,22.4,95,0.7,153,0,0,0,1013
11,24,7,22.6,94,0.7,211,0,17,17,1013
11,24,8,24,91,0.9,143,293,137,226,1013
11,24,9,25.5,87,1.5,170,672,122,470,1013
11,24,10,26.9,81,2,218,703,178,668,1013
11,24,11,28.1,78,2.8,200,664,255,803,1013
11,24,12,29.1,74,3.6,227,579,337,857,1013
11,24,13,29.7,72,3.6,206,535,358,843,1013
11,24,14,30,71,4.1,213,517,325,765,1013
11,24,15,30.1,73,3.2,270,622,226,684,1013
11,24,16,29.9,75,3.6,243,575,176,503,1013
11,24,17,29.2,77,3.2,212,501,109,291,1013
11,24,18,28.2,82,3.2,162,244,50,81,1013
11,24,19,27.3,85,1.7,351,0,0,0,1013
11,24,20,26.7,88,1.2,57,0,0,0,1013
11,24,21,26,89,0.7,188,0,0,0,1013
11,24,22,25.4,90,0.5,188,0,0,0,1013
11,24,23,24.8,94,0.7,150,0,0,0,1013
11,24,24,24.2,95,0.7,195,0,0,0,1013
11,25,1,23.7,97,0.7,217,0,0,0,1013
11,25,2,23.2,96,0.7,183,0,0,0,1013
11,25,3,22.7,95,1.7,176,0,0,0,1013
11,25,4,22.4,98,1.5,215,0,0,0,1013
11,25,5,22.1,98,0.5,216,0,0,0,1013
11,25,6,21.9,99,0.9,262,0,0,0,1013
11,25,7,22,100,0.9,254,0,13,13,1013
11,25,8,23,98,0.7,244,230,127,196,1012
11,25,9,23.9,97,1.2,254,164,268,353,1012
11,25,10,24.8,93,2,201,256,341,518,1012
11,25,11,25.7,92,2.8,207,335,386,662,1012
11,25,12,26.4,90,2.8,278,368,420,750,1012
11,25,13,26.9,88,3.2,297,469,373,797,1012
11,25,14,27.4,87,3.6,283,606,294,809,1012
11,25,15,27.5,88,4.1,317,661,217,703,1012
11,25,16,27.5,86,4.1,320,731,123,539,1012
11,25,17,27,88,4.1,318,629,93,321,1013
11,25,18,26.2,92,3.2,305,287,51,88,1013
11,25,19,25.3,95,2.4,225,0,0,0,1013
11,25,20,24.8,94,2,154,0,0,0,1013
11,25,21,24.3,94,1.2,187,0,0,0,1013
11,25,22,23.8,98,0.9,2,0,0,0,1013
11,25,23,23.3,99,0.7,326,0,0,0,1013
11,25,24,22.7,100,0.9,326,0,0,0,1013
11,26,1,22.6,100,0.7,35,0,0,0,1013
11,26,2,22.5,100,0.5,314,0,0,0,1013
11,26,3,22.4,100,1.5,323,0,0,0,1013
11,26,4,22.3,100,1.2,46,0,0,0,1013
11,26,5,22.3,100,0.3,319,0,0,0,1013
11,26,6,22.3,100,0.3,23,0,0,0,1013
11,26,7,22.5,100,0.2,140,0,18,18,1013
11,26,8,24.1,96,0.3,355,322,134,230,1014
11,26,9,25.8,93,0.3,315,692,115,471,1014
11,26,10,27.5,85,0.3,340,753,156,678,1014
11,26,11,28.9,81,0.7,135,731,219,820,1014
11,26,12,30,79,0.9,169,701,269,896,1014
11,26,13,30.9,79,1.5,216,701,273,907,1014
11,26,14,31.4,78,1.5,254,667,266,831,1014
11,26,15,31.5,78,1.5,242,651,215,693,1014
11,26,16,31.2,78,1.2,258,577,168,496,1014
11,26,17,30.5,79,0.9,327,487,107,284,1014
11,26,18,29.4,83,0.7,302,221,45,74,1013
11,26,19,28.4,87,0.3,295,0,0,0,1013
11,26,20,27.9,86,0.2,227,0,0,0,1013
11,26,21,27.3,87,0.1,264,0,0,0,1013
11,26,22,26.8,87,0,263,0,0,0,1013
11,26,23,26.2,88,0,219,0,0,0,1013
11,26,24,25.7,88,0,222,0,0,0,1013
11,27,1,25.1,90,0,156,0,0,0,1013
11,27,2,24.5,89,0,167,0,0,0,1013
11,27,3,23.9,91,0,194,0,0,0,1013
11,27,4,23.5,91,0,157,0,0,0,1013
11,27,5,23.2,92,0,166,0,0,0,1013
11,27,6,23,92,0,156,0,0,0,1012
11,27,7,23.2,92,0,217,0,14,14,1012
11,27,8,24.4,89,0,204,260,123,201,1012
11,27,9,25.5,88,0,221,185,261,356,1012
11,27,10,26.4,85,0.1,216,161,348,459,1012
11,27,11,27.4,80,0.2,181,329,385,655,1012
11,27,12,28.2,79,0.3,235,304,438,709,1012
11,27,13,29,77,0.3,239,508,359,817,1012
11,27,14,29.5,76,0.4,215,556,313,784,1012
11,27,15,29.8,75,0.5,150,649,232,709,1012
11,27,16,29.7,74,0.4,227,491,213,492,1012
11,27,17,29.1,76,0.4,214,270,149,247,1012
11,27,18,28.3,79,0.3,219,236,43,74,1012
11,27,19,27.4,81,0.2,243,0,0,0,1012
11,27,20,26.8,86,0.1,223,0,0,0,1012
11,27,21,26.2,88,0,225,0,0,0,1012
11,27,22,25.6,92,0,180,0,0,0,1012
11,27,23,25,91,0,221,0,0,0,1012
11,27,24,24.3,94,0,232,0,0,0,1012
11,28,1,23.9,94,0,232,0,0,0,1012
11,28,2,23.4,96,0,268,0,0,0,1012
11,28,3,23,98,0,261,0,0,0,1012
11,28,4,22.7,98,0,271,0,0,0,1012
11,28,5,22.4,99,0,212,0,0,0,1012
11,28,6,22.3,98,0,232,0,0,0,1012
11,28,7,22.4,97,0,188,0,8,8,1012
11,28,8,23.2,94,0,158,104,121,152,1012
11,28,9,24.7,85,0.1,133,290,217,365,1012
11,28,10,25.8,82,0.1,47,291,319,520,1012
11,28,11,26.8,80,0.3,6,253,396,603,1012
11,28,12,27.8,77,0.4,118,411,396,762,1012
11,28,13,28.5,75,0.5,19,444,383,783,1012
11,28,14,29.1,74,0.7,358,574,332,818,1012
11,28,15,29.2,73,0.9,351,374,327,602,1012
11,28,16,29,74,1.5,2,291,260,426,1012
11,28,17,28.6,75,1.7,19,506,124,308,1012
11,28,18,27.7,77,1.7,203,196,55,81,1012
11,28,19,26.9,81,1.2,165,0,0,0,1012
11,28,20,26.4,86,0.5,154,0,0,0,1012
11,28,21,25.8,85,0.2,145,0,0,0,1012
11,28,22,25.3,88,0.1,179,0,0,0,1012
11,28,23,24.7,90,0.1,178,0,0,0,1012
11,28,24,24.2,89,0.1,134,0,0,0,1012
11,29,1,23.8,90,0.1,190,0,0,0,1012
11,29,2,23.3,92,0.1,139,0,0,0,1012
11,29,3,22.7,92,0.2,147,0,0,0,1012
11,29,4,22.4,95,0.2,350,0,0,0,1012
11,29,5,22.1,96,0,6,0,0,0,1013
11,29,6,21.9,99,0,152,0,0,0,1013
11,29,7,22,99,0.1,153,0,14,14,1013
11,29,8,23,99,0.1,187,283,120,203,1013
11,29,9,24.1,97,0.1,192,504,171,427,1013
11,29,10,25.2,93,0.3,195,633,199,633,1013
11,29,11,26.2,90,0.5,177,620,257,764,1013
11,29,12,26.9,85,0.9,193,522,350,814,1013
11,29,13,27.4,87,1.2,214,584,338,863,1013
11,29,14,27.8,86,1.5,186,657,259,815,1013
11,29,15,27.9,84,1.7,217,676,211,707,1013
11,29,16,27.6,82,1.7,247,579,172,502,1013
11,29,17,27,83,1.5,241,323,137,255,1013
11,29,18,26.1,86,0.9,286,85,56,67,1013
11,29,19,25.3,90,0.7,316,0,0,0,1013
11,29,20,24.7,93,0.3,314,0,0,0,1013
11,29,21,24.2,95,0.1,320,0,0,0,1012
11,29,22,23.6,97,0.1,254,0,0,0,1012
11,29,23,23.1,98,0,269,0,0,0,1012
11,29,24,22.5,98,0.1,227,0,0,0,1012
11,30,1,22.4,97,0,235,0,0,0,1012
11,30,2,22.2,99,0,201,0,0,0,1012
11,30,3,22.1,100,0.3,194,0,0,0,1012
11,30,4,22,100,0.3,6,0,0,0,1012
11,30,5,21.9,100,0.1,346,0,0,0,1012
11,30,6,21.8,100,0.1,323,0,0,0,1012
11,30,7,22,100,0.1,346,0,8,8,1012
11,30,8,23,99,0.1,70,94,119,146,1012
11,30,9,23.8,99,0.3,334,98,253,302,1012
11,30,10,25.3,97,0.4,70,183,342,467,1012
11,30,11,26.4,90,0.7,167,245,395,595,1012
11,30,12,27.6,88,0.7,145,388,412,757,1012
11,30,13,28.2,85,0.7,328,211,454,644,1011
11,30,14,28.7,82,0.7,21,353,400,698,1012
11,30,15,29.2,84,1.2,146,737,204,745,1012
11,30,16,29.2,79,0.9,153,614,161,511,1012
11,30,17,28.8,80,0.7,135,478,134,309,1012
11,30,18,28,83,0.5,203,176,60,84,1012
11,30,19,27.1,84,0.3,201,0,0,0,1012
11,30,20,26.7,89,0.1,259,0,0,0,1012
11,30,21,26.2,91,0.1,272,0,0,0,1012
11,30,22,25.8,92,0,240,0,0,0,1012
11,30,23,25.3,94,0,240,0,0,0,1012
11,30,24,24.9,96,0,214,0,0,0,1012
12,1,1,24.5,95,0,212,0,0,0,1013
12,1,2,24,95,0,180,0,0,0,1013
12,1,3,23.6,97,0.1,214,0,0,0,1013
12,1,4,23.3,96,0.1,134,0,0,0,1013
12,1,5,23.1,97,0,185,0,0,0,1013
12,1,6,22.9,100,0,232,0,0,0,1013
12,1,7,23.2,100,0,225,0,13,13,1014
12,1,8,24.6,96,0,226,249,120,192,1014
12,1,9,26.3,90,0,243,456,180,411,1014
12,1,10,27.9,80,0.2,261,557,225,605,1014
12,1,11,29.4,73,0.4,151,563,290,747,1014
12,1,12,30.6,70,0.6,196,610,321,861,1014
12,1,13,31.5,70,0.6,207,567,343,852,1014
12,1,14,32.1,68,0.6,294,620,292,816,1014
12,1,15,32.3,69,0.7,246,599,240,679,1014
12,1,16,32.1,69,0.7,256,558,193,511,1014
12,1,17,31.3,74,0.7,226,375,147,285,1014
12,1,18,30.3,78,0.7,291,107,67,81,1014
12,1,19,29.1,81,0.5,286,0,0,0,1014
12,1,20,28.5,86,0.2,326,0,0,0,1013
12,1,21,27.8,86,0,257,0,0,0,1013
12,1,22,27.1,87,0,292,0,0,0,1013
12,1,23,26.5,88,0,149,0,0,0,1013
12,1,24,25.8,89,0,147,0,0,0,1013
12,2,1,25.2,90,0,184,0,0,0,1013
12,2,2,24.6,91,0,204,0,0,0,1013
12,2,3,24,94,0.3,223,0,0,0,1013
12,2,4,23.7,94,0.2,219,0,0,0,1013
12,2,5,23.3,94,0,226,0,0,0,1013
12,2,6,23.1,96,0,224,0,0,0,1013
12,2,7,23.3,96,0,215,0,14,14,1013
12,2,8,24.6,92,0.1,193,209,132,193,1013
12,2,9,25.6,86,0.2,238,115,250,308,1013
12,2,10,26.7,82,0.4,207,159,342,450,1013
12,2,11,27.9,78,0.7,147,322,382,643,1012
12,2,12,28.9,75,1,231,390,406,751,1012
12,2,13,30,72,1.1,204,618,331,885,1012
12,2,14,30.7,70,1.1,207,650,285,834,1012
12,2,15,30.9,69,1.3,216,496,288,652,1012
12,2,16,30.5,70,1,207,199,270,383,1012
12,2,17,29.6,73,1.1,168,23,147,155,1012
12,2,18,28.7,75,0.9,170,0,40,40,1012
12,2,19,27.8,83,0.7,173,0,0,0,1012
12,2,20,27.3,88,0.5,167,0,0,0,1012
12,2,21,26.9,88,0.3,169,0,0,0,1012
12,2,22,26.4,86,0.3,155,0,0,0,1012
12,2,23,26,89,0.3,165,0,0,0,1012
12,2,24,25.6,90,0.3,188,0,0,0,1012
12,3,1,25.2,90,0.3,200,0,0,0,1012
12,3,2,24.9,91,0.3,180,0,0,0,1012
12,3,3,24.5,94,0.6,193,0,0,0,1012
12,3,4,24.3,95,0.6,199,0,0,0,1012
12,3,5,24.1,96,0.2,236,0,0,0,1012
12,3,6,23.9,100,0.2,237,0,0,0,1012
12,3,7,24.1,100,0.2,204,0,13,13,1012
12,3,8,25.7,99,0.3,196,250,138,210,1012
12,3,9,27.3,95,0.3,161,445,183,406,1012
12,3,10,29,88,0.4,83,572,243,631,1012
12,3,11,30,86,0.6,147,279,397,623,1012
12,3,12,30.3,85,0.6,165,109,428,524,1012
12,3,13,31.2,84,0.6,165,411,404,772,1012
12,3,14,31.5,82,0.6,210,255,412,627,1012
12,3,15,31.5,82,0.7,204,161,376,494,1011
12,3,16,31.3,82,0.7,247,275,264,421,1011
12,3,17,30.6,85,0.7,214,122,172,217,1011
12,3,18,29.7,88,0.6,233,76,55,66,1011
12,3,19,28.8,90,0.4,208,0,0,0,1010
12,3,20,28.4,95,0.3,258,0,0,0,1010
12,3,21,28.1,96,0.1,217,0,0,0,1010
12,3,22,27.7,93,0.1,221,0,0,0,1010
12,3,23,27.3,95,0.1,235,0,0,0,1009
12,3,24,27,94,0,245,0,0,0,1009
12,4,1,26.7,97,0.3,266,0,0,0,1009
12,4,2,26.5,98,0.2,315,0,0,0,1009
12,4,3,26.3,99,0.2,240,0,0,0,1009
12,4,4,26.2,99,0.2,255,0,0,0,1008
12,4,5,25.9,99,0.1,237,0,0,0,1008
12,4,6,26,98,0.2,236,0,0,0,1008
12,4,7,25.8,99,0.2,203,0,4,4,1008
12,4,8,26.4,97,0.2,229,0,55,55,1007
12,4,9,26.8,98,0.2,209,0,95,95,1007
12,4,10,27.4,98,0.1,204,1,194,195,1007
12,4,11,28.2,98,0.1,209,12,289,299,1007
12,4,12,28.7,98,0.1,209,17,357,372,1006
12,4,13,29.3,94,0.1,233,20,380,398,1006
12,4,14,29.6,92,0.1,175,15,329,341,1006
12,4,15,29.7,91,0,162,8,249,254,1006
12,4,16,29.7,89,0,163,20,233,244,1006
12,4,17,29.3,91,0,193,0,68,68,1006
12,4,18,28.9,91,0,75,0,18,18,1006
12,4,19,28.4,95,0.1,340,0,0,0,1006
12,4,20,28.1,98,0.1,181,0,0,0,1006
12,4,21,27.6,99,0.1,204,0,0,0,1006
12,4,22,27.4,97,0.1,206,0,0,0,1006
12,4,23,26.7,99,0.1,225,0,0,0,1006
12,4,24,25.8,99,0.1,215,0,0,0,1006
12,5,1,26.6,98,0.1,168,0,0,0,1006
12,5,2,26,99,0.2,164,0,0,0,1006
12,5,3,26,99,0.3,231,0,0,0,1006
12,5,4,25.8,99,0.2,248,0,0,0,1006
12,5,5,25.6,99,0.2,226,0,0,0,1006
12,5,6,25.5,99,0.3,207,0,0,0,1006
12,5,7,25.6,99,0.3,287,0,3,3,1006
12,5,8,26.1,98,0.3,276,0,71,71,1006
12,5,9,26.4,94,0.4,303,0,126,126,1006
12,5,10,27,92,0.4,301,3,196,199,1006
12,5,11,27.6,88,0.4,312,10,278,286,1006
12,5,12,28.2,86,0.3,254,14,339,352,1006
12,5,13,28.4,89,0.3,228,18,345,361,1006
12,5,14,28.8,87,0.3,174,18,323,338,1006
12,5,15,28.8,89,0.3,207,13,279,289,1007
12,5,16,28.9,84,0.3,226,8,215,219,1007
12,5,17,28.6,83,0.3,250,0,111,111,1007
12,5,18,28.2,82,0.2,257,0,32,32,1007
12,5,19,27.8,84,0.3,311,0,0,0,1007
12,5,20,27.4,85,0.3,292,0,0,0,1008
12,5,21,26.9,83,0.3,235,0,0,0,1008
12,5,22,26.4,87,0.3,270,0,0,0,1008
12,5,23,25.9,92,0.3,256,0,0,0,1008
12,5,24,24.8,95,0.3,248,0,0,0,1008
12,6,1,25.1,97,0,283,0,0,0,1009
12,6,2,24.6,97,0.1,281,0,0,0,1009
12,6,3,24.2,96,0.4,286,0,0,0,1009
12,6,4,24,97,0.4,299,0,0,0,1009
12,6,5,23.7,99,0.1,289,0,0,0,1009
12,6,6,23.6,99,0.2,296,0,0,0,1010
12,6,7,23.7,99,0.1,293,0,8,8,1010
12,6,8,24.6,95,0.3,244,37,107,117,1010
12,6,9,25.9,91,0.4,249,125,247,309,1010
12,6,10,27.1,89,0.7,233,143,349,446,1010
12,6,11,28.2,77,0.9,234,160,402,530,1011
12,6,12,28.9,74,1,253,137,444,564,1011
12,6,13,29.7,72,1.1,303,226,454,655,1011
12,6,14,30.2,71,1.4,258,240,414,616,1011
12,6,15,30.5,71,1.4,247,394,322,611,1011
12,6,16,30.5,72,1.3,282,349,241,441,1011
12,6,17,30.1,74,1.6,286,393,143,288,1012
12,6,18,29.3,78,1.4,288,129,64,82,1012
12,6,19,28.5,81,1.1,246,0,0,0,1012
12,6,20,27.8,86,0.7,242,0,0,0,1012
12,6,21,27.2,84,0.4,232,0,0,0,1012
12,6,22,26.6,87,0.3,255,0,0,0,1012
12,6,23,26,87,0.2,220,0,0,0,1012
12,6,24,25.3,89,0.2,206,0,0,0,1012
12,7,1,24.8,92,0.1,161,0,0,0,1012
12,7,2,24.2,94,0.1,158,0,0,0,1013
12,7,3,23.6,94,0.4,202,0,0,0,1013
12,7,4,23.3,94,0.4,146,0,0,0,1013
12,7,5,23,93,0.1,215,0,0,0,1013
12,7,6,22.8,97,0.1,231,0,0,0,1013
12,7,7,23,98,0.1,222,0,13,13,1013
12,7,8,24.4,95,0.2,211,308,114,200,1013
12,7,9,26.1,89,0.4,218,530,166,427,1013
12,7,10,27.7,82,0.9,237,668,191,639,1014
12,7,11,29.2,77,1,204,734,212,801,1014
12,7,12,30.4,72,1.3,210,669,287,874,1014
12,7,13,31.1,70,1.6,162,586,333,856,1014
12,7,14,31.6,69,1.6,222,560,309,781,1014
12,7,15,31.6,69,1.6,218,443,300,625,1013
12,7,16,31.3,71,1.8,236,441,219,472,1013
12,7,17,30.5,72,1.8,258,280,146,250,1013
12,7,18,29.4,74,1.4,256,58,58,66,1013
12,7,19,28.3,76,1,266,0,0,0,1012
12,7,20,27.9,84,0.6,290,0,0,0,1012
12,7,21,27.4,88,0.4,273,0,0,0,1012
12,7,22,27,92,0.3,308,0,0,0,1012
12,7,23,26.5,93,0.3,249,0,0,0,1012
12,7,24,26.1,93,0.3,245,0,0,0,1011
12,8,1,25.8,95,0.6,259,0,0,0,1011
12,8,2,25.6,96,0.5,250,0,0,0,1011
12,8,3,25.4,97,0.5,249,0,0,0,1011
12,8,4,25.3,94,0.5,230,0,0,0,1010
12,8,5,25.2,93,0.4,228,0,0,0,1010
12,8,6,25.1,94,0.4,170,0,0,0,1010
12,8,7,25.2,93,0.3,212,0,3,3,1010
12,8,8,25.7,92,0.3,221,0,70,70,1009
12,8,9,27.5,86,0.2,198,339,249,416,1009
12,8,10,27.5,84,0.2,233,3,173,175,1009
12,8,11,27.6,83,0.3,166,10,177,185,1009
12,8,12,29.5,78,0.3,174,734,301,945,1008
12,8,13,30.4,73,0.3,230,391,420,768,1008
12,8,14,30.2,74,0.3,208,13,259,270,1008
12,8,15,29.8,76,0.3,229,3,217,219,1008
12,8,16,29.6,78,0.3,226,19,216,227,1008
12,8,17,29,81,0.3,206,0,23,23,1008
12,8,18,28.4,82,0.2,173,0,7,7,1008
12,8,19,27.9,83,0.1,35,0,0,0,1008
12,8,20,27.5,90,0.1,342,0,0,0,1008
12,8,21,27.4,92,0.1,96,0,0,0,1008
12,8,22,27.1,92,0.2,4,0,0,0,1008
12,8,23,26.8,92,0.2,40,0,0,0,1008
12,8,24,26.6,92,0.1,67,0,0,0,1008
12,9,1,26.1,90,0.1,11,0,0,0,1008
12,9,2,25.7,95,0.1,356,0,0,0,1008
12,9,3,25.1,97,0.1,343,0,0,0,1008
12,9,4,25.1,98,0.1,118,0,0,0,1008
12,9,5,24.9,98,0.1,138,0,0,0,1008
12,9,6,24.7,98,0.1,202,0,0,0,1008
12,9,7,24.8,98,0.1,231,0,3,3,1008
12,9,8,25.2,96,0.1,21,0,68,68,1008
12,9,9,25.9,94,0.1,169,1,160,161,1008
12,9,10,26.7,85,0.1,163,17,274,286,1008
12,9,11,27.4,84,0.1,77,22,347,365,1008
12,9,12,27.9,82,0.1,65,17,357,372,1008
12,9,13,28.4,80,0.1,162,29,394,420,1008
12,9,14,28.9,81,0.1,146,130,419,529,1008
12,9,15,29,80,0.1,195,34,348,373,1008
12,9,16,29,82,0.1,237,43,271,296,1008
12,9,17,28.7,84,0.1,212,12,142,146,1008
12,9,18,28.1,90,0.1,203,38,53,59,1008
12,9,19,27.6,88,0.1,346,0,0,0,1008
12,9,20,27.3,88,0.1,64,0,0,0,1008
12,9,21,27,90,0.1,201,0,0,0,1007
12,9,22,26.7,92,0.1,173,0,0,0,1007
12,9,23,26.4,95,0.1,171,0,0,0,1007
12,9,24,26.1,94,0.1,203,0,0,0,1007
12,10,1,25.9,94,0.1,195,0,0,0,1007
12,10,2,25.7,95,0.1,164,0,0,0,1007
12,10,3,25.6,96,0.1,207,0,0,0,1007
12,10,4,25.5,95,0.1,158,0,0,0,1007
12,10,5,25.4,95,0.1,208,0,0,0,1007
12,10,6,25.4,98,0.1,163,0,0,0,1007
12,10,7,25.6,98,0.1,194,0,16,16,1007
12,10,8,26.6,95,0.1,166,105,110,139,1007
12,10,9,27.3,90,0.1,202,24,216,227,1007
12,10,10,27.9,89,0.2,159,27,278,296,1007
12,10,11,28.2,86,0.1,183,5,221,225,1007
12,10,12,28.5,89,0.1,166,16,327,341,1007
12,10,13,29.1,82,0.1,237,31,414,441,1007
12,10,14,29.2,89,0.1,192,23,348,367,1007
12,10,15,29.7,79,0.1,226,106,353,431,1007
12,10,16,28.8,92,0.1,207,0,136,136,1008
12,10,17,28.7,89,0.1,225,0,23,23,1008
12,10,18,28.3,89,0.1,223,0,7,7,1008
12,10,19,27.9,89,0.1,228,0,0,0,1008
12,10,20,27.4,90,0.1,204,0,0,0,1009
12,10,21,26.9,92,0.1,223,0,0,0,1009
12,10,22,26.4,93,0.1,192,0,0,0,1009
12,10,23,26,95,0.1,224,0,0,0,1009
12,10,24,25.5,96,0.1,172,0,0,0,1010
12,11,1,24.9,97,0,209,0,0,0,1010
12,11,2,24.3,96,0,167,0,0,0,1010
12,11,3,23.7,98,0.1,188,0,0,0,1010
12,11,4,23.4,97,0,208,0,0,0,1011
12,11,5,23.1,97,0,164,0,0,0,1011
12,11,6,22.8,95,0,219,0,0,0,1011
12,11,7,22.9,94,0,208,0,10,10,1011
12,11,8,24.2,92,0,243,186,129,179,1011
12,11,9,25.3,90,0,234,137,243,309,1012
12,11,10,26.4,83,0.2,207,197,332,463,1012
12,11,11,27.6,78,0.3,229,326,379,639,1012
12,11,12,28.3,76,0.5,205,185,442,604,1012
12,11,13,29,75,0.5,230,302,444,712,1013
12,11,14,29.7,72,0.7,225,602,320,827,1013
12,11,15,30.1,71,0.7,228,542,295,693,1013
12,11,16,30.1,72,0.7,208,439,250,503,1013
12,11,17,29.5,73,0.9,234,282,180,286,1013
12,11,18,28.6,75,0.6,268,74,80,91,1013
12,11,19,27.7,78,0.5,221,0,0,0,1013
12,11,20,27.1,81,0.3,225,0,0,0,1013
12,11,21,26.5,83,0.1,324,0,0,0,1013
12,11,22,26,86,0.1,243,0,0,0,1013
12,11,23,25.4,89,0.1,234,0,0,0,1013
12,11,24,24.8,91,0.1,235,0,0,0,1013
12,12,1,24.5,92,0.1,226,0,0,0,1013
12,12,2,24.2,91,0.1,172,0,0,0,1013
12,12,3,23.8,91,0.4,163,0,0,0,1013
12,12,4,23.6,90,0.4,209,0,0,0,1013
12,12,5,23.4,91,0.1,215,0,0,0,1013
12,12,6,23.3,92,0.1,183,0,0,0,1013
12,12,7,23.3,93,0.1,212,0,2,2,1013
12,12,8,24.6,89,0.1,235,186,107,157,1013
12,12,9,26.1,87,0.3,253,174,249,333,1013
12,12,10,27.5,79,0.6,266,295,301,497,1013
12,12,11,28.9,78,0.7,227,397,352,668,1013
12,12,12,30,77,0.9,198,369,399,720,1013
12,12,13,30.7,77,1,208,327,430,721,1013
12,12,14,31.5,78,1.1,250,604,292,800,1013
12,12,15,31.9,78,1.4,328,561,285,697,1012
12,12,16,31.8,78,1.4,298,458,243,508,1012
12,12,17,31.2,80,1.4,198,299,177,289,1012
12,12,18,30.3,81,1.4,228,83,80,92,1012
12,12,19,29.2,82,1.1,203,0,1,1,1012
12,12,20,28.8,85,0.9,87,0,0,0,1011
12,12,21,28.3,86,0.6,97,0,0,0,1011
12,12,22,27.8,84,0.5,160,0,0,0,1011
12,12,23,27.4,87,0.6,172,0,0,0,1011
12,12,24,26.9,89,0.6,194,0,0,0,1010
12,13,1,26.5,91,1.1,19,0,0,0,1010
12,13,2,26.1,89,1.3,215,0,0,0,1010
12,13,3,25.6,88,1.4,231,0,0,0,1010
12,13,4,25.4,89,1.4,181,0,0,0,1009
12,13,5,25.2,87,1.3,206,0,0,0,1009
12,13,6,25,90,1.3,179,0,0,0,1009
12,13,7,25,91,1.3,155,0,2,2,1009
12,13,8,25.6,94,1,173,0,85,85,1009
12,13,9,26.3,91,1,201,14,186,193,1008
12,13,10,27.5,84,1.1,203,99,314,380,1008
12,13,11,28.3,82,1.1,136,44,375,411,1008
12,13,12,28.4,81,1.1,96,7,256,262,1008
12,13,13,28.5,79,1.1,76,3,273,275,1007
12,13,14,28.2,90,0.9,212,12,283,293,1007
12,13,15,28.9,78,0.7,16,88,354,419,1007
12,13,16,28.7,89,0.7,26,24,234,248,1008
12,13,17,28.6,79,0.9,161,132,164,214,1008
12,13,18,28.3,83,0.9,136,97,84,99,1008
12,13,19,27.7,87,1,148,0,1,1,1008
12,13,20,27.3,91,0.9,94,0,0,0,1008
12,13,21,27,93,0.9,201,0,0,0,1008
12,13,22,26.6,93,1,222,0,0,0,1008
12,13,23,26.2,95,1.1,227,0,0,0,1008
12,13,24,25.9,99,1.3,224,0,0,0,1008
12,14,1,25.7,99,1.1,234,0,0,0,1008
12,14,2,25.5,97,1.3,193,0,0,0,1008
12,14,3,25.3,96,1.3,232,0,0,0,1008
12,14,4,25.3,96,1.4,269,0,0,0,1008
12,14,5,25.2,95,1.4,246,0,0,0,1008
12,14,6,25.2,97,1.4,307,0,0,0,1008
12,14,7,25.3,96,1.4,282,0,11,11,1008
12,14,8,26.4,94,1.4,261,164,106,149,1008
12,14,9,27.2,90,1.6,241,65,214,245,1008
12,14,10,28.2,83,2.1,246,133,319,407,1008
12,14,11,29.5,79,2.1,299,388,358,666,1008
12,14,12,30.7,74,2.4,310,484,372,793,1008
12,14,13,30.7,75,2.4,287,30,332,359,1008
12,14,14,30.8,75,2.1,231,22,366,385,1009
12,14,15,30.7,77,2.1,251,27,311,331,1009
12,14,16,29.9,79,2.1,197,0,39,39,1009
12,14,17,29.2,80,1.8,178,0,22,22,1009
12,14,18,28.6,85,1.8,167,0,7,7,1009
12,14,19,28.1,86,1.8,137,0,0,0,1010
12,14,20,27.7,89,2.1,65,0,0,0,1010
12,14,21,27.3,92,2.4,90,0,0,0,1010
12,14,22,26.9,93,2.4,16,0,0,0,1010
12,14,23,26.6,94,2.1,150,0,0,0,1010
12,14,24,26.2,95,2.4,155,0,0,0,1011
12,15,1,25.7,96,1.4,156,0,0,0,1011
12,15,2,25.2,99,1.3,234,0,0,0,1011
12,15,3,24.6,100,1.8,165,0,0,0,1011
12,15,4,24.4,100,1.8,235,0,0,0,1011
12,15,5,24.1,100,0.9,201,0,0,0,1012
12,15,6,23.9,99,0.9,220,0,0,0,1012
12,15,7,24,99,0.9,187,0,5,5,1012
12,15,8,25.2,96,1,181,188,104,154,1012
12,15,9,26.5,93,1.1,151,156,245,319,1012
12,15,10,27.8,86,1.8,177,311,300,505,1013
12,15,11,29.3,82,2.4,236,517,294,703,1013
12,15,12,30.6,76,2.9,154,564,328,818,1013
12,15,13,31.6,71,3.4,227,616,304,851,1013
12,15,14,32.2,68,2.9,209,615,278,796,1013
12,15,15,32.5,71,2.9,208,557,280,690,1013
12,15,16,32.4,69,2.9,165,455,243,507,1013
12,15,17,31.7,72,2.1,170,298,163,276,1013
12,15,18,30.7,75,1.8,240,56,58,67,1013
12,15,19,29.6,80,1.4,275,0,0,0,1013
12,15,20,29.1,86,1.3,296,0,0,0,1013
12,15,21,28.5,85,0.9,248,0,0,0,1013
12,15,22,28,90,0.7,221,0,0,0,1013
12,15,23,27.4,90,0.7,200,0,0,0,1013
12,15,24,26.9,92,0.7,226,0,0,0,1013
12,16,1,26.5,94,0.6,217,0,0,0,1013
12,16,2,26,94,0.6,125,0,0,0,1013
12,16,3,25.5,97,1,234,0,0,0,1013
12,16,4,25.3,96,0.9,182,0,0,0,1012
12,16,5,25.1,96,0.4,187,0,0,0,1012
12,16,6,24.9,96,0.4,145,0,0,0,1012
12,16,7,24.9,93,0.4,47,0,2,2,1012
12,16,8,25.8,91,0.5,51,35,99,108,1012
12,16,9,27.2,90,0.9,0,181,225,311,1012
12,16,10,28.3,82,1.1,357,117,315,392,1012
12,16,11,29.6,77,1.4,17,298,382,618,1012
12,16,12,30.8,74,1.6,137,340,416,712,1012
12,16,13,31.6,69,1.8,159,305,428,699,1012
12,16,14,32.1,66,2.1,74,275,420,652,1012
12,16,15,32.6,70,2.1,191,570,302,722,1012
12,16,16,32.6,71,2.4,41,448,222,482,1012
12,16,17,32.2,71,2.4,349,310,175,294,1012
12,16,18,31.3,72,2.4,341,92,84,98,1012
12,16,19,30.4,75,1.8,35,0,1,1,1013
12,16,20,29.7,77,1.4,349,0,0,0,1013
12,16,21,29,76,1.1,344,0,0,0,1013
12,16,22,28.2,76,1,359,0,0,0,1013
12,16,23,27.5,83,1.1,128,0,0,0,1013
12,16,24,26.8,83,1,199,0,0,0,1013
12,17,1,26.1,86,0.9,156,0,0,0,1013
12,17,2,25.4,90,1,174,0,0,0,1013
12,17,3,24.7,95,1.6,81,0,0,0,1013
12,17,4,24.3,98,1.4,167,0,0,0,1013
12,17,5,24,98,0.7,65,0,0,0,1013
12,17,6,23.7,99,0.7,63,0,0,0,1013
12,17,7,23.8,100,0.7,153,0,7,7,1013
12,17,8,25,97,0.9,118,239,111,173,1014
12,17,9,26.5,93,1.1,172,457,166,383,1014
12,17,10,28.1,86,1.6,6,587,202,587,1014
12,17,11,29.5,81,2.1,19,655,231,748,1014
12,17,12,30.6,77,2.4,353,635,285,836,1014
12,17,13,31.5,75,2.9,354,642,292,861,1014
12,17,14,32.1,70,2.9,354,647,263,808,1014
12,17,15,32.2,67,3.4,359,598,238,680,1014
12,17,16,32,68,3.9,7,525,194,500,1014
12,17,17,31.3,71,5,14,373,147,290,1014
12,17,18,30.3,71,3.9,341,122,74,94,1014
12,17,19,29.2,75,2.9,337,0,0,0,1014
12,17,20,28.6,80,2.1,341,0,0,0,1014
12,17,21,28,83,1.3,334,0,0,0,1014
12,17,22,27.4,84,1.3,348,0,0,0,1014
12,17,23,26.8,86,1.1,334,0,0,0,1014
12,17,24,26.2,91,1.3,2,0,0,0,1014
12,18,1,25.8,91,1.3,25,0,0,0,1014
12,18,2,25.4,95,1.3,47,0,0,0,1014
12,18,3,25,93,2.1,166,0,0,0,1014
12,18,4,24.8,93,2.4,133,0,0,0,1014
12,18,5,24.5,95,1.3,23,0,0,0,1014
12,18,6,24.4,99,1.4,16,0,0,0,1014
12,18,7,24.5,98,1.3,345,0,8,8,1014
12,18,8,25.9,93,1.4,214,218,121,177,1014
12,18,9,27.5,91,1.6,234,431,177,381,1014
12,18,10,29,85,2.1,167,472,251,560,1014
12,18,11,30.5,78,2.9,194,566,264,710,1014
12,18,12,31.7,74,3.9,184,566,309,801,1014
12,18,13,32.6,72,5,202,578,318,830,1014
12,18,14,33.2,68,5,47,648,263,809,1014
12,18,15,33.5,67,5,158,629,238,703,1014
12,18,16,33.4,69,5,192,521,216,520,1014
12,18,17,32.7,72,5,214,351,165,301,1014
12,18,18,31.7,75,3.9,229,111,81,99,1013
12,18,19,30.6,78,2.9,216,0,1,1,1013
12,18,20,30,83,2.4,242,0,0,0,1013
12,18,21,29.3,85,1.8,222,0,0,0,1013
12,18,22,28.7,85,1.4,220,0,0,0,1013
12,18,23,28.1,86,1.1,186,0,0,0,1013
12,18,24,27.4,90,1.1,67,0,0,0,1013
12,19,1,26.9,90,0.9,164,0,0,0,1013
12,19,2,26.2,92,0.7,152,0,0,0,1013
12,19,3,25.6,97,1.3,128,0,0,0,1013
12,19,4,25.3,98,1.4,155,0,0,0,1013
12,19,5,25,98,0.7,89,0,0,0,1013
12,19,6,24.7,100,0.7,115,0,0,0,1013
12,19,7,24.8,100,0.9,6,0,5,5,1013
12,19,8,26.1,98,0.9,66,230,115,173,1012
12,19,9,27.2,96,1,97,187,222,310,1012
12,19,10,28.8,90,1.6,151,433,273,556,1012
12,19,11,30,87,1.8,143,369,355,646,1012
12,19,12,30.8,82,2.4,22,262,432,659,1012
12,19,13,31.5,77,2.9,155,250,468,690,1012
12,19,14,31.8,75,2.9,188,267,410,635,1012
12,19,15,31.8,77,3.4,158,119,366,454,1012
12,19,16,31.8,76,3.4,168,488,218,503,1012
12,19,17,31.4,79,3.9,220,366,161,303,1012
12,19,18,30.5,80,3.4,235,126,83,103,1012
12,19,19,29.6,82,3.4,244,0,1,1,1012
12,19,20,29,88,2.9,241,0,0,0,1012
12,19,21,28.4,88,2.1,199,0,0,0,1012
12,19,22,27.7,89,1.8,247,0,0,0,1012
12,19,23,27.1,90,1.8,228,0,0,0,1012
12,19,24,26.5,92,1.8,246,0,0,0,1012
12,20,1,26.1,89,1.8,255,0,0,0,1012
12,20,2,25.8,89,1.6,252,0,0,0,1012
12,20,3,25.4,91,2.9,243,0,0,0,1012
12,20,4,25.2,94,2.9,240,0,0,0,1012
12,20,5,25,95,1.4,231,0,0,0,1012
12,20,6,24.9,97,1.4,210,0,0,0,1011
12,20,7,25.1,97,1.3,221,0,15,15,1011
12,20,8,26.1,95,1.4,232,139,101,137,1011
12,20,9,27.1,91,1.6,203,99,228,274,1011
12,20,10,28,84,1.8,208,90,306,364,1011
12,20,11,29.2,81,2.4,69,309,351,594,1011
12,20,12,30.8,77,2.9,191,700,293,900,1011
12,20,13,32,73,3.4,206,710,295,924,1011
12,20,14,32.2,74,3.9,149,217,420,603,1011
12,20,15,32.2,75,3.9,192,115,375,460,1011
12,20,16,31.8,76,3.4,230,77,265,310,1011
12,20,17,30.9,81,3.9,232,0,78,78,1011
12,20,18,30.1,82,2.9,218,0,27,27,1011
12,20,19,29.3,83,2.1,231,0,0,0,1011
12,20,20,28.7,87,1.8,237,0,0,0,1012
12,20,21,28.1,89,1.3,226,0,0,0,1012
12,20,22,27.5,91,1,228,0,0,0,1012
12,20,23,26.9,92,0.9,204,0,0,0,1012
12,20,24,26.3,91,0.9,152,0,0,0,1012
12,21,1,25.6,91,0.6,161,0,0,0,1012
12,21,2,24.9,92,0.6,36,0,0,0,1012
12,21,3,24.2,91,1,354,0,0,0,1012
12,21,4,23.8,92,1,5,0,0,0,1012
12,21,5,23.4,94,0.4,153,0,0,0,1012
12,21,6,23.2,97,0.4,68,0,0,0,1012
12,21,7,23.2,98,0.3,161,0,6,6,1012
12,21,8,24.3,97,0.4,206,187,99,146,1012
12,21,9,25.6,93,0.7,162,311,188,333,1012
12,21,10,26.9,88,1,140,345,282,506,1012
12,21,11,28.1,84,1.3,116,402,336,651,1012
12,21,12,29,82,1.4,355,387,389,724,1012
12,21,13,29.8,78,1.8,339,410,398,762,1012
12,21,14,30.3,79,1.6,6,376,379,696,1012
12,21,15,30.4,77,1.6,352,340,342,594,1012
12,21,16,30.2,80,1.6,68,317,252,438,1012
12,21,17,29.7,83,1.8,205,173,192,259,1013
12,21,18,28.8,87,1.6,206,98,69,85,1013
12,21,19,27.9,89,1.3,161,0,0,0,1013
12,21,20,27.3,91,1,241,0,0,0,1013
12,21,21,26.7,90,0.5,153,0,0,0,1013
12,21,22,26.1,91,0.4,211,0,0,0,1013
12,21,23,25.5,95,0.3,185,0,0,0,1013
12,21,24,24.9,97,0.4,198,0,0,0,1013
12,22,1,24.5,97,0.4,227,0,0,0,1013
12,22,2,24.1,99,0.5,217,0,0,0,1013
12,22,3,23.7,100,0.9,245,0,0,0,1013
12,22,4,23.5,97,0.9,249,0,0,0,1013
12,22,5,23.3,98,0.3,277,0,0,0,1013
12,22,6,23.2,100,0.3,256,0,0,0,1013
12,22,7,23.3,100,0.3,243,0,6,6,1014
12,22,8,24.6,96,0.4,296,247,104,166,1014
12,22,9,26.2,93,0.5,247,473,158,378,1014
12,22,10,27.8,85,0.9,315,588,199,581,1014
12,22,11,29.4,77,1.1,196,653,230,742,1014
12,22,12,30.6,73,1.4,220,649,277,839,1014
12,22,13,31.6,73,1.8,269,633,296,857,1014
12,22,14,32.2,73,1.6,218,628,273,803,1014
12,22,15,32.4,71,1.6,154,588,251,687,1013
12,22,16,32.2,70,1.6,157,535,193,508,1013
12,22,17,31.6,71,1.6,173,403,138,296,1013
12,22,18,30.5,77,1.3,223,146,74,98,1013
12,22,19,29.4,80,1.1,203,0,0,0,1013
12,22,20,28.9,86,0.9,234,0,0,0,1012
12,22,21,28.4,85,0.5,228,0,0,0,1012
12,22,22,27.9,88,0.4,231,0,0,0,1012
12,22,23,27.4,89,0.4,235,0,0,0,1012
12,22,24,26.9,91,0.4,265,0,0,0,1011
12,23,1,26.5,92,0.6,272,0,0,0,1011
12,23,2,26.1,93,0.7,267,0,0,0,1011
12,23,3,25.7,96,0.9,285,0,0,0,1011
12,23,4,25.5,96,0.9,287,0,0,0,1010
12,23,5,25.2,95,0.6,296,0,0,0,1010
12,23,6,25.1,98,0.6,287,0,0,0,1010
12,23,7,25.1,96,0.6,298,0,2,2,1010
12,23,8,25.6,94,0.5,280,0,85,85,1009
12,23,9,26.5,92,0.5,319,13,187,193,1009
12,23,10,27.4,83,0.6,290,39,311,336,1009
12,23,11,28.3,79,0.7,317,69,377,430,1009
12,23,12,29,78,0.9,287,67,424,482,1008
12,23,13,29.5,75,0.9,227,66,436,494,1008
12,23,14,29.8,75,0.9,313,43,423,460,1008
12,23,15,29.9,74,0.9,225,24,333,350,1008
12,23,16,29.7,72,0.9,228,22,247,260,1008
12,23,17,29.3,84,0.9,223,20,160,167,1008
12,23,18,28.8,78,0.9,227,0,58,58,1008
12,23,19,28.3,82,0.7,158,0,0,0,1008
12,23,20,27.7,87,0.6,209,0,0,0,1008
12,23,21,27.2,88,0.5,169,0,0,0,1008
12,23,22,26.6,89,0.5,212,0,0,0,1008
12,23,23,26.1,88,0.6,212,0,0,0,1008
12,23,24,25.5,91,0.6,207,0,0,0,1008
12,24,1,25,91,0.6,246,0,0,0,1008
12,24,2,24.6,94,0.5,211,0,0,0,1008
12,24,3,24.1,93,0.5,222,0,0,0,1008
12,24,4,23.9,93,0.5,200,0,0,0,1008
12,24,5,23.6,94,0.5,234,0,0,0,1008
12,24,6,23.5,96,0.5,218,0,0,0,1008
12,24,7,23.5,94,0.5,183,0,2,2,1008
12,24,8,24.2,93,0.4,160,89,98,120,1008
12,24,9,24.9,89,0.3,231,26,206,218,1008
12,24,10,25.6,84,0.3,251,88,298,355,1008
12,24,11,27.1,79,0.2,234,667,284,806,1008
12,24,12,27.9,77,0.3,234,305,429,693,1008
12,24,13,28.3,76,0.4,264,162,452,596,1008
12,24,14,28.2,87,0.3,238,45,347,385,1008
12,24,15,27.5,82,0.4,205,0,55,55,1009
12,24,16,26.9,83,0.3,237,0,41,41,1009
12,24,17,26.3,87,0.3,200,0,24,24,1009
12,24,18,25.9,88,0.3,212,0,8,8,1009
12,24,19,25.4,89,0.3,244,0,0,0,1009
12,24,20,25.2,90,0.3,239,0,0,0,1010
12,24,21,24.9,87,0.3,270,0,0,0,1010
12,24,22,24.6,90,0.3,274,0,0,0,1010
12,24,23,24.3,91,0.3,251,0,0,0,1010
12,24,24,24.1,90,0.3,219,0,0,0,1010
12,25,1,23.7,91,0.1,211,0,0,0,1011
12,25,2,23.3,94,0.2,209,0,0,0,1011
12,25,3,22.9,94,0.4,163,0,0,0,1011
12,25,4,22.7,92,0.5,198,0,0,0,1011
12,25,5,22.4,93,0.2,237,0,0,0,1011
12,25,6,22.2,92,0.2,242,0,0,0,1012
12,25,7,22.2,92,0.3,236,0,5,5,1012
12,25,8,23.1,90,0.2,247,209,101,152,1012
12,25,9,24.3,87,0.3,254,385,175,353,1012
12,25,10,25.5,84,0.6,258,496,234,554,1012
12,25,11,26.6,81,0.7,229,579,256,709,1013
12,25,12,27.5,78,1,222,544,314,785,1013
12,25,13,28.1,77,1.1,214,535,331,805,1013
12,25,14,28.5,76,1.3,199,538,306,760,1013
12,25,15,28.6,75,1.3,230,471,294,645,1013
12,25,16,28.4,76,1.3,290,402,236,474,1013
12,25,17,27.8,78,1.3,254,314,152,277,1013
12,25,18,26.9,80,1.3,297,110,73,92,1013
12,25,19,26,82,0.9,289,0,0,0,1013
12,25,20,25.4,84,0.6,267,0,0,0,1013
12,25,21,24.9,86,0.3,242,0,0,0,1013
12,25,22,24.3,90,0.3,232,0,0,0,1013
12,25,23,23.7,93,0.2,230,0,0,0,1013
12,25,24,23.1,96,0.1,225,0,0,0,1013
12,26,1,23,96,0.1,207,0,0,0,1013
12,26,2,22.8,95,0,238,0,0,0,1013
12,26,3,22.5,94,0.3,242,0,0,0,1013
12,26,4,22.4,95,0.3,226,0,0,0,1013
12,26,5,22.3,96,0,231,0,0,0,1013
12,26,6,22.2,96,0,229,0,0,0,1013
12,26,7,22.2,100,0,212,0,3,3,1013
12,26,8,23.2,98,0.1,242,203,97,146,1013
12,26,9,24.7,94,0.2,221,459,163,374,1013
12,26,10,26,89,0.4,174,399,265,522,1013
12,26,11,27.1,82,0.7,198,334,363,625,1013
12,26,12,28.1,78,0.7,215,432,374,747,1013
12,26,13,29,76,0.9,152,519,349,809,1013
12,26,14,29.6,76,0.9,153,617,293,815,1013
12,26,15,29.9,75,0.9,149,628,233,702,1013
12,26,16,29.8,75,0.9,205,475,217,499,1013
12,26,17,29.3,80,1,233,402,156,317,1013
12,26,18,28.4,86,1,249,150,84,110,1013
12,26,19,27.4,90,0.6,263,0,2,2,1013
12,26,20,26.8,95,0.5,233,0,0,0,1012
12,26,21,26.3,95,0.3,295,0,0,0,1012
12,26,22,25.7,93,0.3,289,0,0,0,1012
12,26,23,25.2,93,0.2,270,0,0,0,1012
12,26,24,24.6,95,0.2,232,0,0,0,1012
12,27,1,24.3,97,0.4,201,0,0,0,1012
12,27,2,23.9,96,0.6,220,0,0,0,1012
12,27,3,23.5,94,0.5,235,0,0,0,1011
12,27,4,23.4,95,0.6,253,0,0,0,1011
12,27,5,23.2,92,0.6,227,0,0,0,1011
12,27,6,23,96,0.6,236,0,0,0,1011
12,27,7,23.1,97,0.5,156,0,1,1,1011
12,27,8,24.1,93,0.4,189,130,96,127,1011
12,27,9,25,89,0.4,165,61,211,239,1011
12,27,10,26.1,84,0.5,204,121,314,392,1010
12,27,11,27.1,82,0.5,180,128,400,500,1010
12,27,12,28,83,0.4,213,168,438,583,1010
12,27,13,28.5,79,0.5,162,94,437,520,1010
12,27,14,29.1,75,0.5,218,228,421,615,1010
12,27,15,29.3,73,0.5,204,171,385,512,1010
12,27,16,29.3,73,0.6,154,143,289,374,1011
12,27,17,28.8,75,0.6,336,63,183,208,1011
12,27,18,28.1,77,0.6,10,47,69,78,1011
12,27,19,27.4,79,0.6,7,0,0,0,1011
12,27,20,26.9,81,0.5,22,0,0,0,1011
12,27,21,26.4,84,0.5,16,0,0,0,1011
12,27,22,25.8,88,0.5,136,0,0,0,1011
12,27,23,25.3,92,0.5,173,0,0,0,1012
12,27,24,24.8,93,0.6,211,0,0,0,1012
12,28,1,24.4,95,0.3,167,0,0,0,1012
12,28,2,23.9,99,0.3,149,0,0,0,1012
12,28,3,23.4,100,0.7,148,0,0,0,1012
12,28,4,23.1,99,0.6,228,0,0,0,1012
12,28,5,22.8,98,0.3,202,0,0,0,1013
12,28,6,22.6,97,0.3,241,0,0,0,1013
12,28,7,22.7,96,0.3,308,0,5,5,1013
12,28,8,23.9,89,0.3,248,188,116,161,1013
12,28,9,25.3,88,0.5,280,402,186,370,1013
12,28,10,26.8,80,0.9,287,548,218,570,1013
12,28,11,28.2,76,1.1,244,639,241,739,1014
12,28,12,29.3,73,1.4,270,638,282,833,1014
12,28,13,30.2,71,1.4,288,632,298,859,1014
12,28,14,30.7,70,1.3,296,603,285,797,1014
12,28,15,30.9,69,1.3,273,550,268,680,1014
12,28,16,30.8,69,1.3,283,507,208,511,1014
12,28,17,30.1,71,1.1,264,353,163,305,1014
12,28,18,29.1,74,0.9,324,122,85,107,1014
12,28,19,28.1,80,0.7,255,0,0,0,1014
12,28,20,27.5,86,0.5,219,0,0,0,1014
12,28,21,26.9,90,0.4,218,0,0,0,1014
12,28,22,26.3,92,0.3,214,0,0,0,1014
12,28,23,25.7,93,0.3,165,0,0,0,1014
12,28,24,25.1,95,0.4,208,0,0,0,1014
12,29,1,24.7,97,0.3,236,0,0,0,1014
12,29,2,24.3,96,0.3,189,0,0,0,1014
12,29,3,23.9,95,0.9,189,0,0,0,1014
12,29,4,23.7,96,0.9,197,0,0,0,1014
12,29,5,23.5,96,0.3,191,0,0,0,1013
12,29,6,23.3,100,0.3,203,0,0,0,1013
12,29,7,23.4,100,0.3,157,0,5,5,1013
12,29,8,24.7,99,0.3,17,142,122,156,1013
12,29,9,26.2,95,0.5,126,330,216,366,1013
12,29,10,27.6,89,0.9,103,386,272,519,1013
12,29,11,29.1,86,1.1,70,548,292,719,1013
12,29,12,30.5,83,1.6,42,594,342,855,1013
12,29,13,31.5,81,1.8,1,606,317,855,1013
12,29,14,32.1,77,2.1,339,586,319,816,1013
12,29,15,32.2,76,2.4,348,318,355,594,1013
12,29,16,31.9,76,2.4,346,257,283,437,1013
12,29,17,31.3,76,2.9,65,288,162,279,1013
12,29,18,30.3,79,2.4,29,92,92,109,1013
12,29,19,29.3,79,1.6,11,0,1,1,1013
12,29,20,28.7,83,1.4,348,0,0,0,1013
12,29,21,28.1,87,1,41,0,0,0,1013
12,29,22,27.5,90,0.9,63,0,0,0,1013
12,29,23,27,93,0.7,192,0,0,0,1013
12,29,24,26.4,95,0.6,175,0,0,0,1013
12,30,1,25.9,98,0.7,106,0,0,0,1013
12,30,2,25.3,99,0.6,159,0,0,0,1013
12,30,3,24.8,98,1.1,94,0,0,0,1013
12,30,4,24.5,100,1.1,334,0,0,0,1013
12,30,5,24.2,98,0.7,12,0,0,0,1013
12,30,6,24,100,0.5,1,0,0,0,1013
12,30,7,24.1,100,0.5,85,0,7,7,1013
12,30,8,25.1,97,0.7,357,187,92,137,1013
12,30,9,26.3,94,0.7,162,145,225,291,1013
12,30,10,27.8,86,1.1,138,392,270,521,1013
12,30,11,29.1,82,1.4,155,365,353,638,1013
12,30,12,30.2,77,1.8,206,398,393,737,1013
12,30,13,31.3,71,2.1,74,562,340,838,1013
12,30,14,31.8,72,2.1,142,444,360,737,1013
12,30,15,32.2,68,2.1,169,548,264,676,1013
12,30,16,32.2,71,2.1,163,507,230,534,1013
12,30,17,31.6,75,2.4,156,354,159,302,1013
12,30,18,30.7,77,2.1,134,131,84,108,1013
12,30,19,29.7,78,1.6,199,0,1,1,1013
12,30,20,29,83,1.4,162,0,0,0,1013
12,30,21,28.3,82,1,19,0,0,0,1013
12,30,22,27.6,84,1,357,0,0,0,1013
12,30,23,26.9,87,0.9,17,0,0,0,1013
12,30,24,26.2,88,0.7,348,0,0,0,1013
12,31,1,25.6,89,0.6,184,0,0,0,1013
12,31,2,25,89,0.7,152,0,0,0,1013
12,31,3,24.4,93,1.3,183,0,0,0,1013
12,31,4,24.1,93,1.1,86,0,0,0,1013
12,31,5,23.9,92,0.6,194,0,0,0,1013
12,31,6,23.7,92,0.6,224,0,0,0,1013
12,31,7,23.8,91,0.5,173,0,4,4,1013
12,31,8,25,89,0.7,148,201,104,151,1013
12,31,9,26.3,85,1,182,339,180,333,1013
12,31,10,28,77,1.3,141,574,207,574,1013
12,31,11,29.4,73,1.4,143,507,294,689,1013
12,31,12,30.6,70,1.6,190,526,335,790,1013
12,31,13,31.7,67,1.8,234,633,323,885,1013
12,31,14,32.3,65,2.1,177,583,307,803,1013
12,31,15,32.5,65,2.4,206,429,319,642,1013
12,31,16,32.4,65,2.9,166,407,244,489,1013
12,31,17,31.8,67,2.4,206,376,153,306,1013
12,31,18,30.9,69,2.1,227,144,91,118,1013
12,31,19,29.9,72,1.8,250,0,2,2,1013
12,31,20,28.5,77,1.3,219,0,0,0,1013
12,31,21,27.1,79,0.7,159,0,0,0,1013
12,31,22,25.7,84,0.5,210,0,0,0,1013
12,31,23,24.3,89,0.4,208,0,0,0,1013
12,31,24,22.9,93,0.4,223,0,0,0,1012